pic_names,pic_logfoldchanges_x,pic_pvals_x,pic_pvals_adj_x,pic_pts_x,UNST_pts_x,1to1_bat_dragon_x,pic_logfoldchanges_y,pic_pvals_y,pic_pvals_adj_y,pic_pts_y,UNST_pts_y,1to1_bat_dragon_y
IFNB1,4.301702499,0.000230934,0.002283942,0.026200376,0.003849908,IFNB1,26.88949776,0.000499396,0.005671304,0.065592635,0,IFNB1
ISG15,2.88180542,0,0,0.970439141,0.727469906,ISG15,7.401402473,4.80E-121,5.30E-118,0.448791715,0.010279001,ISG15
PLEKHA4,2.624156237,1.99E-06,2.83E-05,0.043515407,0.014857391,PLEKHA4,0,1,1,0,0,PLEKHA4
DHX58,2.588986397,0,0,0.308082246,0.079492463,DHX58,3.544312954,0.001367543,0.014112982,0.066168009,0.005873715,DHX58
SOCS1,2.537525415,0,0,0.552543145,0.188591259,SOCS1,0.756132007,0.599969517,1,0.01726122,0.007342144,SOCS1
TRANK1,2.495387554,0,0,0.606026086,0.230669125,TRANK1,3.430800438,4.07E-31,4.07E-29,0.266398159,0.054821341,TRANK1
HERC5,2.37336731,0,0,0.639517002,0.260980371,HERC5,5.937894821,1.04E-67,3.48E-65,0.338895282,0.013705335,HERC5
DDX58,2.34931612,0,0,0.63934613,0.251979178,DDX58,1.916131377,2.40E-21,1.38E-19,0.279631761,0.111600587,DDX58
IFIH1,2.238087654,0,0,0.609500484,0.269656219,IFIH1,3.008174896,1.10E-124,1.47E-121,0.593210587,0.226138032,IFIH1
TMEM140,2.134674072,0,0,0.368741812,0.129595489,TMEM140,2.678598404,0.065152648,0.402053092,0.039700806,0.004894763,TMEM140
EIF2AK2,2.126232147,0,0,0.74528678,0.393341286,EIF2AK2,4.043765068,1.49E-111,1.33E-108,0.47986191,0.083210964,EIF2AK2
USP18,2.060571432,0,0,0.480776898,0.18338575,USP18,5.539772987,4.76E-34,5.45E-32,0.236478711,0.00783162,USP18
MX1,1.976527452,0,0,0.915646181,0.650200629,MX1,17.8277607,0.97563975,1,0.000575374,0,MX1
TNFSF10,1.957485318,0,0,0.836418523,0.513013773,TNFSF10,2.921099901,4.28E-10,1.12E-08,0.141542002,0.024963289,TNFSF10
RSAD2,1.939818501,1.62E-137,4.09E-135,0.218488352,0.066858258,RSAD2,7.169781685,2.17E-31,2.19E-29,0.223820483,0.004894763,RSAD2
ETV7,1.870752096,8.06E-24,4.30E-22,0.088853449,0.027871164,ETV7,2.545388222,1.77E-12,5.76E-11,0.164556962,0.032305433,ETV7
CEP55,1.841146708,5.64E-08,9.87E-07,0.050464202,0.017622817,CEP55,0.689529061,0.925905628,1,0.005178366,0.003426334,CEP55
UBA7,1.814621568,1.36E-58,1.78E-56,0.151221735,0.054928966,UBA7,2.38589859,0.145135881,0.757223667,0.033371692,0.005873715,UBA7
TNF,1.773327589,8.64E-16,3.05E-14,0.100928405,0.05416983,TNF,3.223140955,7.29E-164,2.74E-160,0.681242808,0.215859031,TNF
STARD4,1.767880321,1.13E-295,5.34E-293,0.369880959,0.163214402,STARD4,1.330559492,3.19E-15,1.26E-13,0.259493671,0.115026921,STARD4
NT5C3A,1.763314843,0,0,0.742837615,0.441871814,NT5C3A,0.295270354,0.107941268,0.59966661,0.146720368,0.115516397,NT5C3A
SAMD9L,1.710847974,0,0,0.850657857,0.594675198,SAMD9L,2.584122419,4.09E-55,9.19E-53,0.384925201,0.107684777,SAMD9L
TOR3A,1.67816484,0,0,0.502306772,0.235983082,TOR3A,-0.121805355,0.762336916,1,0.231300345,0.234948605,TOR3A
INHBA,1.676990509,0.003603425,0.02656382,0.032465683,0.014911615,INHBA,3.378868341,2.63E-33,2.87E-31,0.267548907,0.044052863,INHBA
EGR1,1.672006845,7.87E-06,0.000101199,0.051546392,0.024888841,EGR1,1.454598069,1.68E-16,7.31E-15,0.272727273,0.119432208,EGR1
IRF7,1.652921319,0,0,0.825311841,0.550211474,IRF7,1.576598406,0.348029234,1,0.023590334,0.005873715,IRF7
TRAFD1,1.622036815,0,0,0.455715669,0.226493873,TRAFD1,-0.120278589,0.74702745,1,0.368239356,0.363680861,TRAFD1
MLKL,1.607379556,0,0,0.518311784,0.269168203,MLKL,-0.02746659,0.968381544,1,0.017836594,0.018600098,MLKL
ENPP4,1.606877565,6.49E-56,8.37E-54,0.153955687,0.059266891,ENPP4,-0.529256046,0.015012731,0.115357749,0.162255466,0.204601077,ENPP4
TRAIP_LOC107513364,1.564964652,0.000956222,0.00815358,0.030984792,0.010899035,TRAIP,,,,,,
IL15,1.553074241,8.16E-84,1.45E-81,0.19627499,0.079709359,IL15,-1.15319705,9.75E-05,0.001271601,0.085730725,0.15712188,IL15
OAS3,1.527038455,1.69E-129,4.15E-127,0.262915077,0.123034378,OAS3,3.103274345,0.059555277,0.373279353,0.040851554,0.005384239,OAS3
DTX3L,1.517524242,0,0,0.745400695,0.47218306,DTX3L,1.348657489,1.03E-37,1.44E-35,0.443037975,0.220753793,DTX3L
RASGEF1B,1.503507972,1.06E-05,0.000133307,0.050464202,0.024021256,RASGEF1B,2.094693661,0.616996657,1,0.013808976,0.004405286,RASGEF1B
LRP8,1.501165986,1.03E-12,2.95E-11,0.075753261,0.032914001,LRP8,0.308583677,0.862200094,1,0.015535098,0.012236907,LRP8
ATF3,1.465764403,9.29E-13,2.68E-11,0.089593894,0.047608719,ATF3,1.428641796,1.17E-40,1.89E-38,0.509781358,0.288301517,ATF3
RAB19,1.431228638,3.08E-104,6.55E-102,0.235689469,0.107092506,RAB19,2.061917305,0.947660284,1,0.001726122,0.000489476,RAB19
STARD13,1.429236054,0.001439093,0.0117483,0.032636555,0.013284893,STARD13,-18.62768745,0.958565197,1,0,0.000978953,STARD13
STAT2,1.422741055,1.07E-178,3.41E-176,0.32619468,0.164298883,STAT2,4.284911156,0.001662951,0.016801354,0.062715765,0.003426334,STAT2
PELI1,1.413610816,1.27E-72,1.98E-70,0.210343453,0.106929834,PELI1,0.257292241,0.405873458,1,0.094361335,0.078805678,PELI1
DUSP5,1.3853966,1.62E-30,1.09E-28,0.121717833,0.052380436,DUSP5,1.887822032,0.000198645,0.002435644,0.096087457,0.025942242,DUSP5
KPNA5,1.364326239,7.53E-06,9.72E-05,0.045622829,0.018381954,KPNA5,-0.118607953,0.489456797,1,0.118527043,0.102790015,KPNA5
PLK2,1.352646708,2.67E-05,0.000312857,0.064077006,0.039312439,PLK2,3.47851038,1.01E-61,2.87E-59,0.364787112,0.059226628,PLK2
UBE2L6,1.348620892,4.18E-38,3.65E-36,0.136754571,0.058507754,UBE2L6,2.190876245,0.357179935,1,0.021288838,0.00391581,UBE2L6
DNAJB4,1.34420073,0.001162348,0.009718963,0.057526912,0.038553302,DNAJB4,0.259112209,0.095042186,0.541795296,0.160529344,0.127753304,DNAJB4
TDRD7,1.340049505,7.66E-22,3.75E-20,0.105712821,0.047879839,TDRD7,1.061780214,0.000468709,0.005351954,0.140966628,0.077337249,TDRD7
ZCWPW2,1.334211349,2.78E-39,2.52E-37,0.14575383,0.066966706,ZCWPW2,0,1,1,0,0,ZCWPW2
SOBP_LOC107518488,1.305775404,0.006533375,0.045030034,0.035142678,0.018761523,SOBP,,,,,,
COMP_LOC107503719,1.303453803,0.000784381,0.006850491,0.035769209,0.015345407,COMP,,,,,,
RGS1,1.296853423,2.31E-102,4.79E-100,0.28809022,0.172649387,RGS1,-0.480733335,0.385833256,1,0.056962025,0.072931963,RGS1
IFI35,1.267343521,0,0,0.54473999,0.341828435,IFI35,0.85810107,4.77E-20,2.60E-18,0.430955121,0.272638277,IFI35
CD226,1.231005192,6.82E-08,1.19E-06,0.059919121,0.027220475,CD226,-0.082820721,0.988694893,1,0.008055236,0.008321096,CD226
RNF19B,1.227234006,6.39E-36,5.25E-34,0.154867005,0.081498753,RNF19B,1.420317054,8.00E-45,1.43E-42,0.482163406,0.24082232,RNF19B
TRIM25,1.219840765,9.18E-178,2.79E-175,0.369368343,0.2134801,TRIM25,1.522715449,2.44E-69,8.66E-67,0.600690449,0.332843857,TRIM25
GBP1_LOC107512699,1.218654156,0,0,0.679899755,0.525593753,GBP1,,,,,,
LUZP1,1.211479187,1.29E-17,5.14E-16,0.11493991,0.064906192,LUZP1,0.388195753,1.21E-05,0.000186423,0.403337169,0.324033284,LUZP1
TAF4B,1.210356355,5.55E-07,8.56E-06,0.056216894,0.02581065,TAF4B,-1.500494361,0.945113967,1,0.001150748,0.002447381,TAF4B
PARP11,1.199054122,2.15E-50,2.51E-48,0.183060887,0.094404078,PARP11,0.626902938,3.10E-07,5.80E-06,0.279631761,0.185022026,PARP11
CMTR1,1.195147038,1.21E-141,3.14E-139,0.327390784,0.18311463,CMTR1,0.324801415,0.174487976,0.874162872,0.095512083,0.069505629,CMTR1
XAF1,1.191888213,1.22E-210,4.33E-208,0.414022897,0.241134367,XAF1,1.563630819,1.49E-09,3.73E-08,0.184119678,0.072442487,XAF1
RIPK2,1.172550797,1.77E-67,2.59E-65,0.234094663,0.138108665,RIPK2,1.374808431,8.70E-20,4.69E-18,0.29689298,0.129221733,RIPK2
PNPT1,1.156099677,6.61E-14,2.08E-12,0.089992596,0.04468062,PNPT1,0.993285418,4.07E-06,6.65E-05,0.17146145,0.085658346,PNPT1
STAT1,1.14763999,0,0,0.736173606,0.535787876,STAT1,2.108959913,5.29E-33,5.74E-31,0.313003452,0.093489966,STAT1
PXK,1.142090797,8.82E-65,1.24E-62,0.226063678,0.128348335,PXK,0.335141867,0.182475375,0.902853911,0.13118527,0.106705825,PXK
ZCCHC2,1.130240917,5.87E-67,8.47E-65,0.222133622,0.119943607,ZCCHC2,0.857852101,0.000842668,0.009122583,0.135212888,0.072442487,ZCCHC2
NABP1,1.128441095,3.07E-78,5.05E-76,0.254998006,0.147760547,NABP1,0.31784448,0.000341678,0.00403395,0.35730725,0.283406755,NABP1
TBK1,1.120461941,1.06E-111,2.38E-109,0.313265364,0.188970827,TBK1,0.351548851,0.000146331,0.00185103,0.312428078,0.239353891,TBK1
NOD1,1.112411499,9.32E-17,3.53E-15,0.103206698,0.053139573,NOD1,0.595317841,3.33E-09,8.03E-08,0.364787112,0.259422418,NOD1
SLC37A3,1.110129118,7.19E-17,2.75E-15,0.102295381,0.052000868,SLC37A3,0.126783341,0.007969944,0.066940397,0.613348677,0.545276554,SLC37A3
USP25,1.105798364,7.37E-141,1.90E-138,0.351597653,0.211528034,USP25,0.000184543,0.330506203,1,0.299194476,0.270190896,USP25
RBM43,1.105607033,4.80E-139,1.22E-136,0.34909153,0.2091964,RBM43,0.393153429,0.525357612,1,0.032220944,0.020068527,RBM43
UBALD2,1.104530096,1.17E-246,4.60E-244,0.498034972,0.336297582,UBALD2,-0.001650592,0.965426537,1,0.138089758,0.137053353,UBALD2
PMAIP1,1.104222417,3.65E-81,6.26E-79,0.263883351,0.153074504,PMAIP1,1.330514789,0.301295995,1,0.029344074,0.009789525,PMAIP1
NFE2L3,1.102006793,1.13E-38,9.94E-37,0.175998177,0.1003145,NFE2L3,-0.306265265,0.832642069,1,0.032796318,0.03671072,NFE2L3
GADD45B,1.100492358,2.22E-48,2.53E-46,0.212166088,0.129378592,GADD45B,0.781394958,0.471577174,1,0.041426928,0.027900147,GADD45B
ZNF142,1.100090504,0.000107006,0.001129136,0.047559378,0.02407548,ZNF142,0.321088731,0.576253011,1,0.035097814,0.024473813,ZNF142
CHCHD7,1.093854666,1.28E-18,5.40E-17,0.115509483,0.063008351,CHCHD7,0.08831799,0.072391302,0.437799459,0.445914845,0.395986295,CHCHD7
UPP1,1.084793091,8.86E-44,9.13E-42,0.180042148,0.09830821,UPP1,0.417171687,0.000163955,0.002055954,0.287111623,0.220264317,UPP1
CMPK2,1.068006158,5.53E-194,1.88E-191,0.428034402,0.26244442,CMPK2,4.432961464,6.48E-31,6.40E-29,0.235903337,0.020558003,CMPK2
MOV10,1.048279762,1.34E-122,3.26E-120,0.34117446,0.211094241,MOV10,6.433786392,2.49E-32,2.63E-30,0.230149597,0.008321096,MOV10
CSF1,1.047311068,0.000937122,0.008027621,0.042034516,0.021960742,CSF1,1.461447954,6.41E-07,1.16E-05,0.161680092,0.068526676,CSF1
MORC3,1.047264338,3.95E-279,1.77E-276,0.555334055,0.380707082,MORC3,0.633023262,1.63E-24,1.13E-22,0.742807825,0.620166422,MORC3
JUNB,1.043858528,1.53E-236,5.76E-234,0.529589338,0.373115714,JUNB,0.453252017,0.17974938,0.893605765,0.130034522,0.10474792,JUNB
PSMF1,1.039138794,3.89E-96,7.58E-94,0.302557385,0.18739833,PSMF1,0.480483323,0.472820506,1,0.048906789,0.035242291,PSMF1
LGALS9,1.015886068,3.57E-184,1.15E-181,0.435097112,0.280826375,LGALS9,0.361831158,0.281045059,1,0.097238205,0.076847773,LGALS9
OTUD4,1.008699775,1.19E-40,1.14E-38,0.188528792,0.110074829,OTUD4,0.969204783,0.000972777,0.010369664,0.126582278,0.06412139,OTUD4
RNF213,1.001675606,0,0,0.70718232,0.543433467,RNF213,2.893877745,4.01E-162,1.25E-158,0.67721519,0.28536466,RNF213
ARHGEF3,0.999371529,1.22E-34,9.64E-33,0.165119326,0.091421755,ARHGEF3,-0.272313833,0.960232621,1,0.006329114,0.005384239,ARHGEF3
RNF24,0.975841403,2.30E-05,0.00027355,0.061912627,0.036547012,RNF24,-0.624908149,0.868006936,1,0.00863061,0.01174743,RNF24
EGR3,0.972020149,0.001317335,0.010900669,0.048185909,0.028901421,EGR3,0.640236855,0.623367277,1,0.029344074,0.020068527,EGR3
NMI,0.958963573,3.11E-150,8.44E-148,0.415162044,0.277844052,NMI,1.230176926,3.07E-18,1.53E-16,0.316455696,0.160548213,NMI
PIM3,0.958623469,1.89E-42,1.89E-40,0.216380931,0.139355818,PIM3,0.588490367,0.000580736,0.00648132,0.246835443,0.183553598,PIM3
VCPIP1,0.95859772,3.43E-63,4.61E-61,0.261377228,0.166034053,VCPIP1,0.953881443,9.00E-19,4.62E-17,0.416570771,0.266275086,VCPIP1
GABRR2,0.95735985,2.03E-05,0.000244183,0.061684798,0.03611322,GABRR2,-0.711052358,0.996374625,1,0.000575374,0.000489476,GABRR2
BRIP1,0.954298079,1.88E-08,3.50E-07,0.076550664,0.042511658,BRIP1,-0.488427848,0.838711389,1,0.010356732,0.014194812,BRIP1
ZNF618,0.94542706,2.54E-43,2.58E-41,0.201401151,0.119780935,ZNF618,-0.083358087,0.886023751,1,0.040851554,0.038179148,ZNF618
FAM111A,0.944107652,1.90E-06,2.71E-05,0.068405764,0.039746231,FAM111A,0.093986385,0.779402134,1,0.032220944,0.026921194,FAM111A
TAPBP_LOC107511979,0.943852782,2.87E-274,1.26E-271,0.592185453,0.433629758,TAPBP,,,,,,
JUN,0.943310261,5.31E-07,8.23E-06,0.12821097,0.10112786,JUN,0.560828507,0.000550632,0.006196297,0.260069045,0.195301028,JUN
PARP12,0.939332306,7.38E-92,1.41E-89,0.31400581,0.198514261,PARP12,0.963545024,2.62E-27,2.13E-25,0.486766398,0.301517376,PARP12
SIRT1,0.928330719,2.73E-36,2.27E-34,0.190579256,0.117123956,SIRT1,-0.006435664,0.479704918,1,0.253164557,0.235927558,SIRT1
RICTOR,0.922534406,5.16E-178,1.59E-175,0.486358717,0.337165166,RICTOR,0.164982736,0.17105571,0.861797582,0.102416571,0.074889868,RICTOR
USP15,0.907302916,6.22E-151,1.73E-148,0.446773367,0.314716408,USP15,0.561728239,1.89E-11,5.59E-10,0.417721519,0.292706804,USP15
RNF114,0.906702638,1.22E-60,1.62E-58,0.260636783,0.167769222,RNF114,0.298936635,0.001000426,0.010610164,0.341772152,0.274596182,RNF114
VPS54,0.90472281,3.47E-29,2.25E-27,0.172182036,0.106441818,VPS54,-0.194741815,0.846054038,1,0.089758343,0.093000489,VPS54
NAMPT,0.903315127,2.09E-79,3.52E-77,0.310759241,0.210606225,NAMPT,1.42516768,1.10E-94,6.47E-92,0.721518987,0.414096916,NAMPT
GPR65,0.893577933,1.20E-67,1.76E-65,0.287691519,0.192170047,GPR65,1.140683651,3.77E-07,6.94E-06,0.175489068,0.07978463,GPR65
TRIM56,0.892392993,2.42E-63,3.27E-61,0.275274819,0.180837219,TRIM56,0.050148495,0.927473159,1,0.030494822,0.028879099,TRIM56
CFLAR,0.886161685,1.31E-89,2.44E-87,0.353534203,0.24959332,CFLAR,1.517344594,4.33E-38,6.20E-36,0.409090909,0.176211454,CFLAR
PCGF5,0.88402915,3.19E-33,2.35E-31,0.183972205,0.11289448,PCGF5,0.433140874,0.697453975,1,0.035673188,0.028389623,PCGF5
LMO2,0.882063925,1.10E-15,3.86E-14,0.146494276,0.102212341,LMO2,-1.024269581,2.46E-05,0.00035986,0.099539701,0.17670093,LMO2
MCOLN2,0.880037844,5.53E-08,9.69E-07,0.083499459,0.050916387,MCOLN2,-0.549045205,0.963174853,1,0.004027618,0.004894763,MCOLN2
HIGD1A,0.873434365,1.72E-144,4.53E-142,0.445121604,0.319976141,HIGD1A,0.683886886,1.41E-54,3.12E-52,0.935558113,0.846304454,HIGD1A
NFKBID,0.863111556,5.89E-06,7.77E-05,0.079740275,0.053031125,NFKBID,1.184134722,0.940379803,1,0.00287687,0.001468429,NFKBID
GTPBP2,0.857293427,6.45E-10,1.41E-08,0.092100017,0.054983191,GTPBP2,-0.331481308,0.807958372,1,0.022439586,0.026921194,GTPBP2
TERF2IP_LOC107502665,0.855166495,1.43E-31,1.01E-29,0.186706157,0.117883093,TERF2IP,,,,,,
SLC25A28,0.840857685,4.72E-13,1.39E-11,0.111921171,0.068322308,SLC25A28,0.418347657,0.000605829,0.00672538,0.268699655,0.205090553,SLC25A28
PARP9,0.839182556,1.09E-167,3.16E-165,0.511476904,0.372681922,PARP9,1.21199584,0.947707884,1,0.001726122,0.000489476,PARP9
CLIC4,0.835821748,5.87E-32,4.19E-30,0.200262004,0.132577812,CLIC4,0.696280479,0.28413152,1,0.066743383,0.046500245,CLIC4
POLB,0.835584641,8.03E-34,6.07E-32,0.203451615,0.133445396,POLB,-0.187684968,0.478646514,1,0.259493671,0.265296133,POLB
KLHL4,0.832607508,0.000222327,0.002209942,0.052913368,0.030419694,KLHL4,0,1,1,0,0,KLHL4
GALNT3,0.826757967,0.001333357,0.011011842,0.047616335,0.028142284,GALNT3,0,1,1,0,0,GALNT3
ENC1,0.826741278,0.000122597,0.001274689,0.064589622,0.041752521,ENC1,-0.051376976,0.894907127,1,0.016110472,0.018600098,ENC1
TAP1,0.803304493,1.80E-112,4.14E-110,0.413908982,0.292484546,TAP1,1.130747199,4.52E-67,1.46E-64,0.754890679,0.544297602,TAP1
CYB561A3_LOC107504752,0.803146124,3.64E-14,1.16E-12,0.143418579,0.10058562,CYB561A3,,,,,,
ARID5A,0.798522174,1.46E-10,3.45E-09,0.104687589,0.066153346,ARID5A,0.569039047,0.704999017,1,0.024741082,0.017621145,ARID5A
GTF2B,0.794066548,4.07E-173,1.21E-170,0.553739249,0.429834074,GTF2B,0.434792757,7.96E-09,1.85E-07,0.422899885,0.31277533,GTF2B
SLC39A12,0.788617432,4.72E-11,1.16E-09,0.103890186,0.064147056,SLC39A12,-2.339840174,0.982888052,1,0.000575374,0.000978953,SLC39A12
UBE2J1,0.784843087,6.45E-19,2.75E-17,0.162499288,0.111809999,UBE2J1,0.803109109,7.56E-15,2.91E-13,0.345224396,0.197258933,UBE2J1
GGCT,0.784766972,2.60E-34,2.02E-32,0.214501338,0.144073311,GGCT,-0.548107624,0.325767169,1,0.060989643,0.078805678,GGCT
PSMB9,0.784618556,0,0,0.760950048,0.658280013,PSMB9,0.400192022,6.22E-06,9.93E-05,0.342347526,0.254527655,PSMB9
GPR155,0.778592825,1.26E-50,1.47E-48,0.272426952,0.187452554,GPR155,-0.39000091,0.649021273,1,0.050057537,0.058247675,GPR155
ZC3H12A,0.777141333,0.000653825,0.005819476,0.069886655,0.049831905,ZC3H12A,0.984446406,0.697741495,1,0.016110472,0.008810573,ZC3H12A
RHOC,0.776298046,1.21E-05,0.000151345,0.076721536,0.05069949,RHOC,0.439727962,2.82E-16,1.21E-14,0.840621404,0.721977484,RHOC
ZNHIT6,0.770972908,6.26E-66,8.83E-64,0.317821951,0.221451036,ZNHIT6,0.163122967,0.707342704,1,0.049482163,0.042094958,ZNHIT6
STX11,0.768098533,5.53E-34,4.21E-32,0.231645498,0.165112244,STX11,2.512655973,0.162469404,0.827870696,0.032220944,0.005873715,STX11
GLIPR1,0.763548017,1.51E-44,1.60E-42,0.263541607,0.185608936,GLIPR1,0.604834318,0.596627086,1,0.03452244,0.024473813,GLIPR1
NFKBIZ,0.756077051,3.79E-11,9.43E-10,0.155664407,0.119780935,NFKBIZ,1.809558511,8.16E-58,2.13E-55,0.48561565,0.207048458,NFKBIZ
ARAP3,0.748604894,0.005986318,0.04169848,0.044996298,0.02835918,ARAP3,0.122962065,0.245598245,1,0.102416571,0.079295154,ARAP3
LAMP3,0.745111883,0.000254991,0.002497677,0.05114769,0.028738749,LAMP3,2.667711496,0.637302428,1,0.010356732,0.001468429,LAMP3
FGL2,0.738459706,3.55E-87,6.48E-85,0.427123085,0.324585186,FGL2,-0.365858108,0.011568535,0.09233186,0.568469505,0.546744983,FGL2
TCEANC2,0.730523109,2.84E-08,5.18E-07,0.10594065,0.073365145,TCEANC2,-0.192669928,0.849718711,1,0.066168009,0.069505629,TCEANC2
YAF2,0.729657948,2.42E-67,3.51E-65,0.334852196,0.238260492,YAF2,0.03208334,0.175767381,0.879399061,0.516685846,0.479197259,YAF2
RABGAP1L,0.720965147,4.62E-108,1.03E-105,0.489548328,0.37078408,RABGAP1L,0.368306756,8.75E-08,1.77E-06,0.667433832,0.572197748,RABGAP1L
PIM2,0.717628241,8.16E-26,4.65E-24,0.192515806,0.13149333,PIM2,1.919136167,4.65E-71,1.71E-68,0.517836594,0.186979931,PIM2
PSMB8,0.716003954,0,0,0.892863245,0.840364386,PSMB8,0.118704997,0.021296037,0.155552219,0.757192175,0.674008811,PSMB8
TCF4,0.705189943,1.93E-39,1.76E-37,0.320555904,0.259462097,TCF4,-0.290511519,0.835803898,1,0.029344074,0.033284386,TCF4
NFKBIE,0.700114012,7.06E-14,2.21E-12,0.155037877,0.112514912,NFKBIE,1.112294078,1.85E-65,5.59E-63,0.719792865,0.460107685,NFKBIE
NSUN6,0.696786821,0.001644887,0.01329235,0.101270149,0.083884611,NSUN6,0.421047837,0.012055647,0.095529173,0.16570771,0.117474302,NSUN6
DNAJA1,0.689799786,2.36E-166,6.78E-164,0.598222931,0.494306474,DNAJA1,0.467454225,1.21E-17,5.90E-16,0.749712313,0.619187469,DNAJA1
TMEM50A,0.689187407,1.15E-90,2.17E-88,0.433787093,0.337327839,TMEM50A,0.209328264,6.78E-07,1.22E-05,0.870540852,0.82329907,TMEM50A
SETBP1,0.688140869,0.000914713,0.007864683,0.053198155,0.032968225,SETBP1,-0.40931496,0.939737638,1,0.016685846,0.015173764,SETBP1
RHCE,0.687375426,0.000496316,0.004539367,0.061513926,0.040451144,RHCE,-1.735592484,0.982911897,1,0.000575374,0.000978953,RHCE
RAD52,0.681241572,0.001065144,0.008976742,0.056843424,0.037035029,RAD52,-0.352869272,0.970610003,1,0.005178366,0.005873715,RAD52
LGALS8,0.677357078,2.62E-31,1.84E-29,0.245429174,0.182572389,LGALS8,0.423580706,1.97E-12,6.38E-11,0.543153049,0.408223201,LGALS8
SDC4,0.676370919,0.003769149,0.02767366,0.104402802,0.090066153,SDC4,1.257528663,1.22E-81,5.58E-79,0.879171461,0.738619677,SDC4
IFI27_LOC107511262,0.675655127,1.16E-80,1.97E-78,0.483852594,0.39887214,IFI27,,,,,,
AZI2,0.673638821,3.33E-28,2.06E-26,0.22025403,0.156599067,AZI2,0.456524849,0.000566876,0.00636447,0.231875719,0.165932452,AZI2
LYSMD2,0.665959001,6.26E-28,3.82E-26,0.203736401,0.138054441,LYSMD2,-0.987159312,0.097186759,0.551675187,0.035097814,0.066079295,LYSMD2
PRDM1,0.660302281,2.09E-20,9.42E-19,0.190977958,0.1375122,PRDM1,0.608686507,0.620484312,1,0.029919448,0.020558003,PRDM1
CHKA,0.650278807,4.70E-06,6.31E-05,0.109642877,0.083233923,CHKA,-0.752625048,1.62E-14,6.08E-13,0.336593786,0.457660303,CHKA
CD83,0.649199665,1.17E-11,3.06E-10,0.193654952,0.160665871,CD83,1.717735291,2.24E-07,4.29E-06,0.134637514,0.03671072,CD83
RMI2,0.647827804,3.68E-09,7.46E-08,0.109415048,0.073961609,RMI2,0,1,1,0,0,RMI2
MGAT1,0.635220826,8.19E-11,1.97E-09,0.147234721,0.110562846,MGAT1,-0.399464309,0.976414565,1,0.020713464,0.020068527,MGAT1
PDK1,0.634977341,5.17E-10,1.14E-08,0.119268668,0.082095217,PDK1,0.511376321,0.807182707,1,0.01438435,0.009789525,PDK1
CNP_LOC107513810,0.633586705,4.26E-15,1.44E-13,0.173207268,0.128836352,CNP,,,,,,
MVB12A,0.632226467,3.28E-18,1.36E-16,0.192572763,0.144127535,MVB12A,-0.162117004,0.883934889,1,0.117376295,0.116984826,MVB12A
ASNS,0.631691337,8.23E-06,0.000105572,0.087486473,0.060622492,ASNS,-0.062408265,0.47938912,1,0.316455696,0.328438571,ASNS
ATXN7,0.628276408,2.97E-29,1.93E-27,0.241783904,0.176878863,ATXN7,0.261199683,0.201928594,0.971202552,0.103567319,0.078316202,ATXN7
PSME2,0.626386344,2.14E-178,6.76E-176,0.682235006,0.583342371,PSME2,0.141791508,0.013371711,0.104501984,0.447640967,0.398923152,PSME2
RNASEH2B,0.619181097,5.80E-06,7.67E-05,0.094777012,0.067888515,RNASEH2B,-0.174057603,0.721137902,1,0.143843498,0.150269212,RNASEH2B
PDCD1LG2,0.619069576,5.91E-11,1.45E-09,0.146437318,0.108936124,PDCD1LG2,0.975952029,2.83E-23,1.81E-21,0.416570771,0.232011747,PDCD1LG2
DUSP12,0.618999779,3.48E-05,0.00039923,0.119724326,0.097006832,DUSP12,-0.557891011,0.817907947,1,0.01726122,0.021536955,DUSP12
CCNL1,0.609803736,2.24E-15,7.68E-14,0.186535285,0.141145212,CCNL1,0.394059092,9.17E-07,1.62E-05,0.447065593,0.358296623,CCNL1
IRF9,0.609267533,8.25E-67,1.18E-64,0.408042376,0.318132524,IRF9,2.044660568,1.78E-55,4.19E-53,0.422899885,0.142437592,IRF9
RFX5,0.605482578,1.39E-08,2.64E-07,0.121945663,0.088439432,RFX5,2.611836672,0.674137622,1,0.010356732,0.002447381,RFX5
GPBP1,0.603389323,1.24E-73,1.95E-71,0.44113459,0.350612732,GPBP1,0.715369403,2.16E-27,1.78E-25,0.598388953,0.414096916,GPBP1
SHISA5,0.603260696,1.14E-188,3.74E-186,0.776955061,0.665546036,SHISA5,0.387122333,1.18E-13,4.21E-12,0.830264672,0.719530103,SHISA5
DCHS1,0.599878371,0.004057725,0.029529227,0.054849917,0.037414597,DCHS1,0,1,1,0,0,DCHS1
FCHSD2,0.59912926,9.80E-14,3.02E-12,0.158512274,0.114792322,FCHSD2,-0.50999254,0.516091164,1,0.073072497,0.084189917,FCHSD2
LRP10,0.592413604,7.79E-55,9.79E-53,0.377171499,0.298123848,LRP10,0.145204112,0.028888449,0.202046929,0.159378596,0.115026921,LRP10
HIVEP1,0.591826975,4.57E-08,8.10E-07,0.118300393,0.085999349,HIVEP1,0.969803214,5.70E-13,1.96E-11,0.293440736,0.158590308,HIVEP1
SERTAD1,0.588350236,9.09E-39,8.09E-37,0.317935866,0.251382713,SERTAD1,-1.482450604,0.969406367,1,0.001726122,0.002447381,SERTAD1
PPM1K,0.581195056,3.07E-05,0.000356284,0.082531184,0.057314825,PPM1K,-0.330977887,0.319936734,1,0.123130035,0.140479687,PPM1K
USP37,0.579511583,1.27E-09,2.71E-08,0.148601697,0.114087409,USP37,-0.023130039,0.98490307,1,0.121979287,0.121390113,USP37
IRF2,0.576607585,3.64E-98,7.32E-96,0.546334795,0.454777139,IRF2,0.968337715,3.27E-37,4.42E-35,0.579976985,0.363191385,IRF2
CHST11,0.564418375,0.004784654,0.03414783,0.060203907,0.043162347,CHST11,1.509633899,0.034804005,0.236631935,0.065592635,0.025942242,CHST11
TANK,0.564238608,1.85E-40,1.75E-38,0.350059805,0.284567834,TANK,0.935184062,1.91E-62,5.50E-60,0.808975834,0.581008321,TANK
SNX6,0.5624789,4.50E-46,4.91E-44,0.359685595,0.288417742,SNX6,0.149123281,0.003812264,0.034841195,0.410241657,0.345080764,SNX6
KDM6B,0.562211156,5.54E-13,1.62E-11,0.175257732,0.134150309,KDM6B,0.787474215,0.254927059,1,0.043153049,0.021536955,KDM6B
ADAR,0.559936941,3.28E-23,1.72E-21,0.242752179,0.187832122,ADAR,1.04658246,2.11E-05,0.000311014,0.1570771,0.077337249,ADAR
ANKFY1,0.556235552,6.04E-22,2.97E-20,0.237967762,0.185175144,ANKFY1,-0.257642686,0.698759223,1,0.081703107,0.088595203,ANKFY1
PARP10,0.554940164,6.58E-08,1.15E-06,0.126787037,0.094946318,PARP10,-0.279221952,0.947969687,1,0.021864212,0.023005384,PARP10
TAGAP_LOC107514722,0.55461514,4.99E-12,1.34E-10,0.182833058,0.144561327,TAGAP,,,,,,
CHD1,0.554538906,1.28E-49,1.47E-47,0.387822521,0.314553736,CHD1,0.559141159,1.04E-12,3.46E-11,0.524165708,0.390602056,CHD1
ABCG1,0.551498055,0.001748773,0.01401653,0.073645839,0.054874742,ABCG1,-20.57628822,0.91724206,1,0,0.001957905,ABCG1
MAML2,0.539843261,2.31E-34,1.80E-32,0.322606368,0.25615443,MAML2,1.44627893,0.332083327,1,0.027617952,0.009300049,MAML2
IMP4,0.539733946,7.95E-29,5.08E-27,0.279489662,0.217980696,IMP4,0.798825741,0.181174412,0.898311165,0.060414269,0.035242291,IMP4
MGAT4A,0.538498223,2.92E-13,8.70E-12,0.180896509,0.139030474,MGAT4A,-0.720861852,0.645037216,1,0.017836594,0.026431718,MGAT4A
RELB,0.538469791,3.98E-11,9.90E-10,0.164094094,0.126450493,RELB,0.815883636,0.014878208,0.114558537,0.119677791,0.075379344,RELB
PECAM1,0.536993861,1.05E-06,1.56E-05,0.142621177,0.116039475,PECAM1,0.824357808,0.807981529,1,0.010932106,0.006363191,PECAM1
TMCC3,0.53632313,0.005178781,0.036663531,0.059577377,0.042728554,TMCC3,-1.084410548,0.870159879,1,0.002301496,0.005384239,TMCC3
EHD4,0.530699015,2.46E-07,3.99E-06,0.159423592,0.132848932,EHD4,0.970906913,3.54E-67,1.17E-64,0.844073648,0.641213901,EHD4
HIVEP3,0.524161816,0.005313243,0.037501097,0.085436008,0.069623685,HIVEP3,1.125569224,5.50E-22,3.30E-20,0.383774453,0.208027411,HIVEP3
AIDA,0.522863209,5.82E-10,1.28E-08,0.161758843,0.12666739,AIDA,0.019850891,0.643954363,1,0.261795167,0.24865394,AIDA
ATAD1,0.522710562,7.33E-10,1.60E-08,0.160733611,0.12547446,ATAD1,-0.054796785,0.449633543,1,0.37456847,0.346059716,ATAD1
NFKB2,0.522622883,4.88E-12,1.32E-10,0.190522299,0.152803384,NFKB2,-0.37859872,0.634147067,1,0.063291139,0.071463534,NFKB2
MAP3K8,0.511562169,0.000167505,0.001703466,0.119040838,0.097820193,MAP3K8,1.814880013,3.96E-24,2.68E-22,0.281933257,0.094958395,MAP3K8
SLC38A2,0.510825992,8.26E-23,4.23E-21,0.271344763,0.218631385,SLC38A2,-0.192090869,0.055329273,0.350773766,0.65995397,0.651982379,SLC38A2
JAK2,0.510449529,7.61E-10,1.65E-08,0.155949194,0.120052055,JAK2,0.12803264,0.164610974,0.836059849,0.30264672,0.273127753,JAK2
ETV6,0.510367393,1.30E-06,1.91E-05,0.148943441,0.122871706,ETV6,0.856344879,1.01E-06,1.77E-05,0.210586881,0.117963779,ETV6
IRAK2,0.510345459,1.06E-12,3.06E-11,0.203052913,0.163973539,IRAK2,1.671281576,1.41E-51,2.85E-49,0.472382048,0.215859031,IRAK2
SPC25,0.509780645,0.005354348,0.037731251,0.07768981,0.061490077,SPC25,-0.608318627,0.368403383,1,0.055811277,0.072442487,SPC25
PLSCR3,0.509529054,4.17E-06,5.65E-05,0.111921171,0.0845353,PLSCR3,0,1,1,0,0,PLSCR3
ZC3HAV1,0.506646335,7.81E-68,1.16E-65,0.5226975,0.430105195,ZC3HAV1,2.156907797,6.09E-79,2.72E-76,0.505178366,0.186490455,ZC3HAV1
SEC23B,0.503964186,5.90E-05,0.000652154,0.107763285,0.084318404,SEC23B,0.442630589,2.17E-10,5.93E-09,0.527042578,0.410181106,SEC23B
TBPL1,0.503731549,0.000275718,0.002684231,0.093068292,0.071521527,TBPL1,0.495925874,0.330803402,1,0.075949367,0.057758199,TBPL1
NFKBIA,0.503183901,1.11E-73,1.76E-71,0.627669875,0.555308535,NFKBIA,1.451294184,4.58E-103,3.07E-100,0.810126582,0.539892315,NFKBIA
SAMHD1,0.501338005,2.23E-76,3.60E-74,0.595602893,0.517080577,SAMHD1,-0.736857533,0.862916737,1,0.014959724,0.018110622,SAMHD1
ATXN3,0.500918686,1.04E-07,1.77E-06,0.165574984,0.137891769,ATXN3,0.197391704,0.473263014,1,0.092059839,0.078316202,ATXN3
SOCS3,0.5000301,0.002274956,0.017705964,0.093353079,0.075805227,SOCS3,3.266439676,2.96E-16,1.26E-14,0.176639816,0.02349486,SOCS3
CREM,0.499767661,2.29E-09,4.79E-08,0.168935467,0.13523479,CREM,-0.63146311,0.591722348,1,0.017836594,0.027900147,CREM
SLC1A5,0.495516539,0.000239971,0.002362335,0.093637865,0.071846871,SLC1A5,-0.486272722,0.272817133,1,0.078826237,0.098874205,SLC1A5
TATDN1,0.492387205,7.99E-06,0.000102593,0.118642137,0.092452012,TATDN1,0.09530054,0.678356539,1,0.078250863,0.070484581,TATDN1
PLGRKT,0.487561673,3.82E-28,2.35E-26,0.301019536,0.242598417,PLGRKT,0.136385381,0.365569227,1,0.142117376,0.125795399,PLGRKT
TGFB1,0.487478644,4.00E-66,5.71E-64,0.514723472,0.439052164,TGFB1,0.217743471,0.014207232,0.110114847,0.435558113,0.392070485,TGFB1
SNX10,0.487388641,4.93E-14,1.57E-12,0.277325283,0.24585186,SNX10,2.135289431,9.15E-120,9.55E-117,0.678941312,0.362701909,SNX10
PAK1,0.486431986,5.10E-05,0.00056902,0.101099277,0.076998156,PAK1,1.354617953,0.996350774,1,0.000575374,0.000489476,PAK1
KLF6,0.479573518,2.70E-41,2.63E-39,0.415275958,0.352131005,KLF6,0.393048376,4.74E-11,1.37E-09,0.742232451,0.636319139,KLF6
PPP3CC,0.477148354,2.34E-09,4.88E-08,0.153500028,0.118316885,PPP3CC,-0.035456449,0.980372414,1,0.066743383,0.066079295,PPP3CC
HIVEP2,0.472195148,1.50E-16,5.57E-15,0.216722675,0.168691031,HIVEP2,0.418259323,1.57E-08,3.49E-07,0.490218642,0.375428292,HIVEP2
TOR1B,0.470925421,0.000893164,0.007694949,0.091872188,0.07222644,TOR1B,3.336671591,0.971980562,1,0.001150748,0.000489476,TOR1B
KCNA3,0.468161076,6.23E-46,6.77E-44,0.458278749,0.388190001,KCNA3,0,1,1,0,0,KCNA3
CCL5,0.462104917,2.16E-29,1.42E-27,0.566668565,0.501952066,CCL5,1.918091059,1.43E-33,1.59E-31,0.344073648,0.127753304,CCL5
STOML1,0.457068533,3.41E-16,1.24E-14,0.236600786,0.190597549,STOML1,0.024836883,0.140977706,0.738402206,0.36881473,0.325991189,STOML1
SAT1,0.455937684,2.33E-33,1.74E-31,0.457652218,0.420995554,SAT1,-0.150173098,0.664438361,1,0.108745685,0.098384728,SAT1
VMP1,0.450357735,9.10E-28,5.52E-26,0.37050749,0.317319163,VMP1,-0.585308313,0.225638148,1,0.097238205,0.118942731,VMP1
NUCB2,0.448569268,4.83E-12,1.31E-10,0.20675514,0.168148791,NUCB2,-0.02338076,0.794072109,1,0.542002301,0.512481645,NUCB2
IDH3A,0.445703536,0.000379222,0.003565472,0.119724326,0.099989155,IDH3A,-0.324369609,0.249128709,1,0.1283084,0.148800783,IDH3A
STAT4,0.444401324,1.90E-05,0.000230192,0.112718574,0.087192278,STAT4,-0.449258745,0.975055674,1,0.009205984,0.009789525,STAT4
ATP11B,0.443988174,7.68E-09,1.50E-07,0.167967193,0.134909446,ATP11B,0.170496225,0.000865294,0.009351351,0.487917146,0.415565345,ATP11B
BID,0.442563117,4.52E-10,1.01E-08,0.210115623,0.178668257,BID,1.248376012,5.01E-05,0.000693361,0.146720368,0.07195301,BID
ARAP2,0.437933207,2.08E-33,1.55E-31,0.378595432,0.309673571,ARAP2,0.383628994,1.38E-06,2.36E-05,0.391829689,0.299069995,ARAP2
FNBP4,0.434734911,7.40E-34,5.61E-32,0.387537734,0.323988721,FNBP4,0.204858139,0.002796093,0.026536027,0.34867664,0.287322565,FNBP4
RAB27A,0.430673599,2.62E-09,5.43E-08,0.187161816,0.154809674,RAB27A,0,1,1,0,0,RAB27A
SLC25A40,0.430591822,3.85E-05,0.000438402,0.107649371,0.082908578,SLC25A40,-0.240568489,0.972028235,1,0.001150748,0.000489476,SLC25A40
PGS1,0.429823101,7.26E-07,1.10E-05,0.170644188,0.144235983,PGS1,0.622193336,0.079388361,0.472654079,0.092635213,0.059226628,PGS1
B3GNT2,0.429476142,6.34E-06,8.29E-05,0.140172011,0.114250081,B3GNT2,-1.383249283,0.022291931,0.161694021,0.039125432,0.081742535,B3GNT2
MAN1A2,0.428447604,1.60E-19,7.00E-18,0.303582617,0.259245201,MAN1A2,-0.063529208,0.513544587,1,0.314729574,0.29319628,MAN1A2
PBX4,0.427941293,2.27E-09,4.75E-08,0.170872017,0.135993927,PBX4,-0.190779284,0.849870989,1,0.078826237,0.081742535,PBX4
BCL3,0.425922692,1.87E-06,2.68E-05,0.164549752,0.139355818,BCL3,1.480982065,0.193471017,0.938701972,0.039125432,0.014684288,BCL3
MAP3K1,0.425294518,1.43E-22,7.25E-21,0.317708037,0.267758378,MAP3K1,0.020351401,0.289991343,1,0.337744534,0.310327949,MAP3K1
RAPGEF2,0.424354076,2.78E-05,0.000324445,0.117787777,0.09256046,RAPGEF2,-0.280519158,0.433720953,1,0.195051784,0.207537934,RAPGEF2
UNC93B1,0.423679531,0.000107982,0.001138961,0.147348636,0.12748075,UNC93B1,0.376160502,1.37E-05,0.00020829,0.319332566,0.236417034,UNC93B1
IKBKE,0.422906041,2.50E-05,0.000294368,0.144671641,0.121733001,IKBKE,0.692291975,0.050130442,0.322608385,0.100690449,0.063631914,IKBKE
PARP8,0.422630072,1.73E-08,3.23E-07,0.158683146,0.124444203,PARP8,-0.270413548,0.856318567,1,0.084004603,0.086147822,PARP8
TOR1AIP1,0.422576815,1.14E-15,3.97E-14,0.254599305,0.211528034,TOR1AIP1,0.223518357,0.70727602,1,0.035097814,0.027900147,TOR1AIP1
DNAJC13,0.421099871,1.51E-08,2.85E-07,0.206014695,0.177963345,DNAJC13,-0.393059641,0.003113773,0.029225873,0.366513234,0.395496818,DNAJC13
BRMS1L,0.418951273,0.003305918,0.024705861,0.087144729,0.069786357,BRMS1L,0.101452343,0.850386432,1,0.024165708,0.020558003,BRMS1L
TRAF2,0.414787114,0.001036729,0.008760394,0.111009854,0.092343564,TRAF2,0.537941277,7.43E-06,0.000117574,0.269850403,0.183064121,TRAF2
ERAP1,0.41374594,3.51E-12,9.62E-11,0.240872586,0.204858475,ERAP1,0.512744308,0.001154084,0.012042508,0.169735328,0.107195301,ERAP1
TIPARP_LOC107507585,0.410962582,5.27E-05,0.000586584,0.167283705,0.146892962,TIPARP,,,,,,
TLR3,0.40986827,8.61E-05,0.000925491,0.105428034,0.081498753,TLR3,-1.315129876,0.79294276,1,0.006329114,0.011257954,TLR3
RRAS2,0.409860611,1.01E-05,0.000127137,0.118926924,0.092180891,RRAS2,-0.505868733,0.915071733,1,0.00287687,0.004894763,RRAS2
PTPN2,0.409662962,8.40E-30,5.56E-28,0.383835507,0.328760438,PTPN2,0.608903527,3.11E-25,2.25E-23,0.698504028,0.539402839,PTPN2
NFKB1,0.405872315,6.67E-12,1.78E-10,0.264509882,0.233705672,NFKB1,0.609475017,1.28E-21,7.49E-20,0.674913694,0.51835536,NFKB1
CCDC71L,0.405118912,1.69E-08,3.17E-07,0.180782594,0.148357011,CCDC71L,1.285554767,0.136202993,0.720734753,0.047180667,0.019089574,CCDC71L
DTNBP1,0.404304028,5.03E-08,8.85E-07,0.180725636,0.149875285,DTNBP1,-0.49055475,0.569112728,1,0.073072497,0.082232012,DTNBP1
LSM6,0.404154211,3.65E-23,1.90E-21,0.340092271,0.290749376,LSM6,0.007426586,0.1218531,0.657117609,0.499424626,0.444444444,LSM6
TMC6,0.401848465,0.000341955,0.003253418,0.117332118,0.09684416,TMC6,-0.234477639,0.963663289,1,0.046029919,0.046500245,TMC6
DDX3X,0.401373088,4.59E-28,2.83E-26,0.397619183,0.350016267,DDX3X,0.444394678,9.51E-18,4.69E-16,0.862485616,0.734703867,DDX3X
ATP13A1,0.39851892,0.006642625,0.045671525,0.091644358,0.075805227,ATP13A1,-0.002456583,0.430864728,1,0.246260069,0.227116985,ATP13A1
AGO2,0.397251606,2.48E-11,6.30E-10,0.217178333,0.179264722,AGO2,0.648402393,7.62E-16,3.15E-14,0.426352129,0.271169848,AGO2
GRIPAP1,0.395788133,5.80E-10,1.28E-08,0.208919519,0.174438781,GRIPAP1,0.09562277,0.488780845,1,0.146144994,0.13215859,GRIPAP1
RUNX3,0.393604845,9.37E-16,3.30E-14,0.253175372,0.206485197,RUNX3,0.206072301,0.947588885,1,0.008055236,0.009300049,RUNX3
CHMP5,0.392683566,4.14E-12,1.13E-10,0.251295779,0.217980696,CHMP5,0.380227834,1.28E-14,4.82E-13,0.781357883,0.668135095,CHMP5
PRKD2,0.391700536,0.000179936,0.001815423,0.109984622,0.087571847,PRKD2,-0.015129135,0.935576424,1,0.013808976,0.012236907,PRKD2
CMAH_LOC107508867,0.388099611,3.15E-09,6.45E-08,0.168650681,0.132306691,CMAH,,,,,,
AFF1,0.387362182,3.46E-07,5.50E-06,0.187731389,0.160286303,AFF1,-1.145216942,0.730951425,1,0.00575374,0.012236907,AFF1
ELF1,0.385852844,4.45E-40,4.17E-38,0.497351484,0.439160612,ELF1,0.482755721,1.60E-14,6.00E-13,0.606444189,0.459618209,ELF1
CD81,0.38086167,2.34E-81,4.04E-79,0.733268782,0.676716191,CD81,0.630902588,0.000181207,0.002246779,0.224395857,0.155653451,CD81
SYNE2,0.379972667,1.29E-44,1.38E-42,0.576465228,0.506506886,SYNE2,-0.819314718,0.969406367,1,0.001726122,0.002447381,SYNE2
DOCK10,0.377511561,6.26E-31,4.32E-29,0.439198041,0.390142067,DOCK10,0.838980675,2.17E-16,9.40E-15,0.410817031,0.266764562,DOCK10
REM2,0.373865992,0.002990943,0.022611495,0.08560688,0.067617395,REM2,0,1,1,0,0,REM2
MYCBP2,0.371832728,1.17E-54,1.47E-52,0.642877485,0.587409175,MYCBP2,-0.297460556,3.34E-05,0.000476403,0.636363636,0.63876652,MYCBP2
STARD3NL,0.370091826,0.003822508,0.027976947,0.107535456,0.091042186,STARD3NL,0.257708281,0.027395141,0.193100157,0.192750288,0.150269212,STARD3NL
STAT5B,0.369685233,0.000103078,0.001089484,0.144102068,0.122492138,STAT5B,0.529842794,0.36781479,1,0.066743383,0.049926579,STAT5B
PAX5,0.367169023,0.000402452,0.003763097,0.096030073,0.074178506,PAX5,-0.083417021,0.984044588,1,0.004027618,0.004405286,PAX5
SETX,0.363543868,4.96E-27,2.93E-25,0.403998405,0.343726277,SETX,0.20606634,0.00216402,0.021179866,0.384349827,0.319138522,SETX
VPS13C,0.356695831,1.95E-28,1.22E-26,0.44477986,0.391823013,VPS13C,-0.286696374,0.007025372,0.059972846,0.477560414,0.494860499,VPS13C
MCL1,0.356387049,3.67E-56,4.76E-54,0.680298456,0.623522395,MCL1,0.790407598,5.41E-21,3.06E-19,0.48273878,0.317180617,MCL1
TP53INP1,0.354275078,0.001620939,0.013119584,0.115167739,0.097006832,TP53INP1,0.929694474,8.81E-17,3.91E-15,0.333716916,0.173274596,TP53INP1
KIAA1109,0.353512734,4.60E-09,9.20E-08,0.217918779,0.185175144,KIAA1109,0.123265468,0.008310169,0.069246448,0.458573072,0.40577582,KIAA1109
TRAF5,0.353078425,1.09E-06,1.61E-05,0.160391866,0.131601779,TRAF5,-0.358637452,0.294305033,1,0.126582278,0.143906021,TRAF5
ZNF827,0.347507864,0.000868669,0.007499098,0.11408555,0.094349854,ZNF827,-0.631937742,0.42147206,1,0.043153049,0.057758199,ZNF827
PSMA3,0.34674716,8.64E-23,4.41E-21,0.388790796,0.350775404,PSMA3,0.063862674,0.251030588,1,0.809551208,0.734703867,PSMA3
NUB1,0.346288174,2.25E-25,1.26E-23,0.425585237,0.372681922,NUB1,0.738253236,8.79E-28,7.33E-26,0.64269275,0.447870778,NUB1
PIK3AP1,0.345243126,0.000830235,0.007208732,0.134874979,0.116473268,PIK3AP1,-0.465929836,0.136336648,0.720734753,0.095512083,0.122858541,PIK3AP1
SNAPC1,0.337818682,0.000291608,0.002829217,0.148943441,0.128999024,SNAPC1,-0.098119915,0.904881124,1,0.20023015,0.199216838,SNAPC1
UHRF2,0.337073952,0.001414558,0.011577614,0.113345105,0.094458302,UHRF2,-0.071318209,0.945637464,1,0.143268124,0.141458639,UHRF2
IPCEF1,0.335748136,7.66E-12,2.04E-10,0.271287805,0.233976792,IPCEF1,1.151304722,4.11E-55,9.19E-53,0.649021864,0.410181106,IPCEF1
TMBIM4,0.334770143,5.68E-73,8.89E-71,0.727060432,0.681542132,TMBIM4,-0.031196702,0.379722121,1,0.617376295,0.565345081,TMBIM4
RBL2,0.325146705,2.86E-16,1.04E-14,0.338782252,0.294490836,RBL2,-0.542004466,0.005327092,0.047192152,0.214039125,0.258932942,RBL2
YTHDC1,0.324212223,2.30E-19,1.00E-17,0.393347383,0.349528251,YTHDC1,0.576199949,3.14E-19,1.64E-17,0.616800921,0.466470876,YTHDC1
NLRC5,0.321723729,1.25E-07,2.11E-06,0.188927493,0.157412428,NLRC5,1.609805107,0.455235969,1,0.018987342,0.004894763,NLRC5
CDK17,0.317568779,8.57E-09,1.66E-07,0.209318221,0.174384557,CDK17,-1.300469995,0.098136716,0.556058687,0.028193326,0.059226628,CDK17
ZNRF2,0.316777676,4.91E-15,1.64E-13,0.326251638,0.283917146,ZNRF2,0.001395825,0.967952563,1,0.056962025,0.05628977,ZNRF2
DRAP1,0.313385069,8.95E-07,1.34E-05,0.230107649,0.207081661,DRAP1,-0.162634715,0.333553215,1,0.319332566,0.326970142,DRAP1
PHIP_LOC107517039,0.312599033,2.57E-15,8.77E-14,0.361166486,0.323500705,PHIP,,,,,,
SMCHD1,0.309495896,1.11E-39,1.03E-37,0.71982685,0.672107147,SMCHD1,1.219489574,7.33E-60,1.99E-57,0.660529344,0.419481155,SMCHD1
PTPN4,0.308300078,2.42E-05,0.000286409,0.16096144,0.136590391,PTPN4,-0.170428991,0.725540009,1,0.039700806,0.032794909,PTPN4
ZNF654,0.30107069,0.001632827,0.013203251,0.1369824,0.119021798,ZNF654,0.084381491,0.116408165,0.635606185,0.196777906,0.163485071,ZNF654
TNFAIP3,0.299629629,2.02E-06,2.88E-05,0.321638093,0.303654701,TNFAIP3,2.046452761,9.55E-115,8.96E-112,0.644418872,0.272638277,TNFAIP3
SMARCA5,0.299444616,2.22E-29,1.45E-27,0.527880617,0.486715107,SMARCA5,0.316359401,4.00E-07,7.36E-06,0.590909091,0.491923642,SMARCA5
STAT3,0.299119711,1.57E-08,2.95E-07,0.258472404,0.229476196,STAT3,0.221879527,0.02090535,0.153115583,0.284234753,0.240332844,STAT3
RAPGEF6,0.298929453,1.31E-14,4.28E-13,0.380873726,0.34524455,RAPGEF6,-0.67846483,4.25E-12,1.33E-10,0.405638665,0.48164464,RAPGEF6
UFM1,0.29661575,1.21E-10,2.86E-09,0.296064248,0.264884503,UFM1,0.197521821,0.001266381,0.013141244,0.787111623,0.675966716,UFM1
CGGBP1,0.291994005,2.31E-28,1.44E-26,0.53744945,0.495119835,CGGBP1,0.276044518,0.930822913,1,0.010932106,0.009300049,CGGBP1
PRPF31,0.290016979,0.006297045,0.043601233,0.147747337,0.133662293,PRPF31,-0.059154078,0.789292644,1,0.436708861,0.41752325,PRPF31
LIMS1,0.286393225,3.09E-05,0.000357983,0.22281711,0.203231754,LIMS1,0.1237012,0.031603671,0.217729579,0.781357883,0.696524719,LIMS1
SLTM,0.285964966,1.02E-13,3.15E-12,0.37842456,0.345841015,SLTM,0.343900114,1.73E-06,2.95E-05,0.443613349,0.348507097,SLTM
RANBP2,0.284973204,2.80E-18,1.16E-16,0.433103605,0.395889817,RANBP2,0.073201403,0.074537139,0.448177829,0.518987342,0.464023495,RANBP2
UBE2D1,0.279531717,0.001357433,0.011181747,0.159708378,0.141958573,UBE2D1,0.118681423,0.095972369,0.546285421,0.15420023,0.121390113,UBE2D1
ZC3H4,0.277109385,0.00611691,0.042503786,0.152702626,0.138379785,ZC3H4,0.249512076,0.012314272,0.097266543,0.268124281,0.221732746,ZC3H4
CNDP2,0.274809122,5.48E-07,8.46E-06,0.25556758,0.233000759,CNDP2,-0.482357144,7.92E-05,0.001053586,0.576524741,0.557023984,CNDP2
ZC3H12D,0.273645163,0.005806674,0.040535597,0.119553454,0.103351047,ZC3H12D,0.763943017,0.881351482,1,0.00575374,0.002936858,ZC3H12D
LPIN2,0.27349776,1.20E-05,0.000149716,0.223044939,0.200737447,LPIN2,0.327540278,0.000361452,0.004230155,0.306674338,0.237395986,LPIN2
KPNB1,0.272589773,3.85E-07,6.09E-06,0.267186877,0.244279362,KPNB1,0.051746354,0.23480547,1,0.362485616,0.332843857,KPNB1
GLIPR2,0.267716616,6.02E-07,9.24E-06,0.257902831,0.233271879,GLIPR2,0.46188724,4.84E-13,1.67E-11,0.742232451,0.640234949,GLIPR2
RYBP_LOC107509182,0.261765569,3.96E-06,5.38E-05,0.24656832,0.223565774,RYBP,,,,,,
NOSIP_LOC107498812,0.256177455,0.001342298,0.01107779,0.173093353,0.15556881,NOSIP,,,,,,
SIL1,0.247001871,0.002676642,0.020464288,0.201913767,0.187777898,SIL1,0.168719888,0.086102276,0.501181991,0.173762946,0.139500734,SIL1
NKG7,0.243922725,1.56E-10,3.68E-09,0.433445349,0.401854463,NKG7,0.368093908,0.992725474,1,0.001150748,0.000978953,NKG7
MED13,0.242667988,1.94E-05,0.000234138,0.239277781,0.217004663,MED13,0.312453985,7.49E-07,1.34E-05,0.52013809,0.418991679,MED13
ZNF292,0.236478999,2.48E-12,6.85E-11,0.398815287,0.361186422,ZNF292,0.285359263,0.000333081,0.003944854,0.358457998,0.287322565,ZNF292
SPPL2A,0.234517917,0.000132317,0.001368504,0.258301532,0.242977985,SPPL2A,0.344792187,7.12E-13,2.42E-11,0.822209436,0.715614293,SPPL2A
RAB21,0.231692493,0.000643985,0.005737889,0.23329726,0.218577161,RAB21,0.176307872,0.000832122,0.009024024,0.619102417,0.522760646,RAB21
RIF1,0.231478065,7.29E-06,9.43E-05,0.254371476,0.230506453,RIF1,-0.460203022,0.030383719,0.210933128,0.247986191,0.276064611,RIF1
SRSF7,0.230107963,0.000211188,0.002105782,0.252491884,0.236037306,SRSF7,-0.027069798,0.488236693,1,0.460874568,0.42143906,SRSF7
CUL5,0.229283914,0.003985832,0.029055722,0.182946973,0.168094567,CUL5,0.435510933,8.36E-10,2.15E-08,0.478135788,0.365638767,CUL5
BCL6,0.22786212,0.001431514,0.011701393,0.216722675,0.201062791,BCL6,0.048159938,0.318963203,1,0.151898734,0.130690162,BCL6
CCND3,0.225180447,0.001842399,0.014704597,0.161929715,0.143693743,CCND3,-0.797762632,0.000840268,0.009101856,0.13693901,0.195301028,CCND3
REL,0.222571999,4.11E-11,1.02E-09,0.47046762,0.454180675,REL,0.653201878,7.88E-26,5.89E-24,0.765247411,0.597650514,REL
PHC3,0.21644865,4.79E-10,1.06E-08,0.398644415,0.36530745,PHC3,-0.591627717,0.631593535,1,0.032220944,0.041116006,PHC3
PSMA6,0.216316298,1.14E-15,3.96E-14,0.509711226,0.479286411,PSMA6,0.308199078,1.32E-08,2.96E-07,0.757767549,0.655898189,PSMA6
BTG1,0.213632047,5.71E-36,4.72E-34,0.851398303,0.827621733,BTG1,0.043983232,0.545999453,1,0.789413119,0.74351444,BTG1
HAX1,0.212987155,0.003162962,0.023762696,0.226348465,0.214239237,HAX1,0.011155283,0.18277469,0.903858399,0.429804373,0.387175722,HAX1
PSMA5,0.212278321,1.24E-07,2.10E-06,0.339636612,0.318512092,PSMA5,0.192432791,0.000221983,0.002697129,0.70023015,0.619676946,PSMA5
ZCCHC7,0.211254612,0.000433457,0.004022081,0.217235291,0.198134693,ZCCHC7,0.168841943,0.007897882,0.066364834,0.329689298,0.27361723,ZCCHC7
BACH2,0.208326742,0.000396685,0.003715975,0.158683146,0.136319271,BACH2,-0.129745618,0.957541011,1,0.006329114,0.007342144,BACH2
MRPS18A,0.205253005,0.007163557,0.048728981,0.189554024,0.176282399,MRPS18A,0.168793052,0.000300676,0.003592797,0.53164557,0.45031816,MRPS18A
PUS10,0.20174107,0.00062298,0.005564894,0.238024719,0.220149658,PUS10,-0.397877485,0.365505873,1,0.032796318,0.049926579,PUS10
PNRC1,0.198249742,7.73E-25,4.26E-23,0.780372501,0.761739508,PNRC1,1.526020765,1.47E-97,8.88E-95,0.83141542,0.597650514,PNRC1
VAMP3,0.197694391,0.000642156,0.005725588,0.258244575,0.244225138,VAMP3,-0.098020867,0.95111175,1,0.286536249,0.278511992,VAMP3
LAP3,0.196672186,6.87E-07,1.05E-05,0.352338099,0.331471641,LAP3,-0.421213657,3.23E-07,6.04E-06,0.478135788,0.522760646,LAP3
COMMD8,0.195374176,0.001339725,0.011060857,0.255225836,0.242544193,COMMD8,0.004259556,0.386906797,1,0.367088608,0.34165443,COMMD8
PTGER4,0.194367483,0.006924389,0.047303688,0.245998747,0.235495066,PTGER4,-0.763847232,2.34E-15,9.44E-14,0.30552359,0.433675967,PTGER4
OSTF1,0.189584941,3.90E-10,8.79E-09,0.480321239,0.468604273,OSTF1,-0.241111577,0.194702736,0.943946217,0.32853855,0.335780715,OSTF1
MAF,0.184822321,0.005354717,0.037731251,0.259497636,0.248942631,MAF,-0.51371032,0.986524693,1,0.001150748,0.001468429,MAF
PPP1R10,0.182829097,0.003014271,0.02276617,0.365381329,0.358800564,PPP1R10,0.536539495,3.25E-24,2.21E-22,0.886651323,0.775819873,PPP1R10
WIPF1,0.181129679,1.49E-14,4.85E-13,0.61622145,0.597765969,WIPF1,-0.70191443,0.013585205,0.105861962,0.089182969,0.134116495,WIPF1
VPS13A,0.180957228,0.000402151,0.003761663,0.25642194,0.236796443,VPS13A,-0.24373588,0.171860925,0.86469399,0.30552359,0.321096427,VPS13A
BRD2,0.179066852,0.000401128,0.003753464,0.364413055,0.353703503,BRD2,0.138801128,0.06682712,0.40955883,0.714614499,0.645619187,BRD2
AKAP13,0.177112713,1.08E-10,2.58E-09,0.536879877,0.512525756,AKAP13,1.183691263,1.86E-60,5.13E-58,0.707710012,0.438570729,AKAP13
CAPRIN1,0.175689265,4.33E-06,5.84E-05,0.363672609,0.346545928,CAPRIN1,0.04369954,0.155822044,0.799860926,0.502301496,0.451297112,CAPRIN1
ARF4,0.175624281,0.002500964,0.01925373,0.279888364,0.270090012,ARF4,0.366502255,2.25E-13,7.92E-12,0.79976985,0.689672051,ARF4
AKIRIN2,0.167611584,0.001945512,0.01541918,0.264452925,0.250786249,AKIRIN2,0.508586884,0.000156248,0.001967197,0.242807825,0.174253549,AKIRIN2
GNG5,0.1669828,5.56E-14,1.76E-12,0.658996412,0.625637133,GNG5,-0.052532807,0.046640587,0.303354562,0.570771001,0.490455213,GNG5
MBNL1,0.166023508,3.07E-24,1.66E-22,0.845132995,0.831146296,MBNL1,0.150324106,0.008844116,0.073105131,0.789988493,0.725893294,MBNL1
IL1B,0.159978911,0.002277852,0.017723108,0.108617645,0.131330658,IL1B,2.402141571,8.66E-40,1.36E-37,0.334867664,0.092511013,IL1B
SH3GLB1,0.153710231,0.004671552,0.033471594,0.28296406,0.272638542,SH3GLB1,0.213872135,0.000322198,0.003825613,0.859608746,0.769946158,SH3GLB1
FMR1,0.15128988,0.003894673,0.028464331,0.264054223,0.249430647,FMR1,0.24289453,0.000145224,0.001838262,0.489067894,0.412139011,FMR1
XIAP_LOC107497750,0.147709951,0.003337712,0.024892469,0.247821382,0.232024726,XIAP,,,,,,
NDUFV2,0.144099668,0.000427805,0.003972523,0.353989862,0.341177746,NDUFV2,-0.151581988,0.149754693,0.775288224,0.570195627,0.542829173,NDUFV2
CDC42SE2,0.141115084,3.61E-07,5.73E-06,0.506863359,0.493384665,CDC42SE2,0.14203015,0.399261854,1,0.093210587,0.076358297,CDC42SE2
BBX,0.140706241,0.000674832,0.005989746,0.303582617,0.285218523,BBX,-0.244695067,0.35090066,1,0.15132336,0.167400881,BBX
CST7,0.140089586,0.005273463,0.037271841,0.248447913,0.231970502,CST7,0.052836131,0.785233442,1,0.021864212,0.016642193,CST7
FXR1,0.13857165,0.000171889,0.001740429,0.38013328,0.367367964,FXR1,0.314592451,3.19E-05,0.000457014,0.375719217,0.290748899,FXR1
TCEA1,0.134428948,0.002825225,0.021471711,0.349205445,0.340852402,TCEA1,0.025973972,0.215209447,1,0.377445339,0.343122859,TCEA1
ARHGAP15,0.133060664,0.000354558,0.003357058,0.365552201,0.346925496,ARHGAP15,-0.327142358,0.870830666,1,0.017836594,0.014684288,ARHGAP15
ATP6,0.131957754,1.29E-28,8.21E-27,0.991969015,0.991757944,ATP6,0.184835851,0.286463057,1,0.97410817,0.932941752,ATP6
THOC2,0.127812728,0.003550783,0.026221166,0.314917127,0.300997723,THOC2,0.534014404,6.88E-22,4.07E-20,0.791139241,0.63876652,THOC2
BCLAF1,0.118463017,8.64E-05,0.000928218,0.475764652,0.462531179,BCLAF1,0.327926517,3.88E-06,6.34E-05,0.52013809,0.424865394,BCLAF1
NDFIP1,0.118411697,0.000763083,0.006689356,0.413510281,0.403589632,NDFIP1,-0.124163926,0.000358189,0.004197204,0.82853855,0.776798825,NDFIP1
ACTR3,0.117990948,4.86E-07,7.57E-06,0.579427009,0.562791454,ACTR3,0.255922109,2.44E-06,4.10E-05,0.927502877,0.864415076,ACTR3
UQCRH_LOC107517907,0.111392744,3.93E-09,7.95E-08,0.648801048,0.644127535,UQCRH,,,,,,
SKIL,0.108894192,2.14E-05,0.00025634,0.559321069,0.548530528,SKIL,0.540360749,4.19E-08,8.88E-07,0.332566168,0.228585414,SKIL
B2M,0.108346939,2.01E-112,4.54E-110,0.993848607,0.996529661,B2M,0.016302638,0.071364486,0.432844629,0.989643268,0.977973568,B2M
RBM3,0.108159401,2.87E-09,5.91E-08,0.678532779,0.667010086,RBM3,0.375050217,4.63E-39,6.89E-37,0.955120829,0.926578561,RBM3
TRA2B,0.10000667,0.006614032,0.045499979,0.435609728,0.43379243,TRA2B,0.162485585,0.797208887,1,0.050632911,0.045521292,TRA2B
CYTIP_LOC107513427,0.097873218,0.000815185,0.007087698,0.446032921,0.428153129,CYTIP,,,,,,
DEK,0.092528321,0.000200144,0.002008198,0.570883408,0.562574558,DEK,-0.06495221,0.883604521,1,0.383774453,0.363680861,DEK
PSMA2,0.092453472,0.001345958,0.011101543,0.448652959,0.437045874,PSMA2,0.96978116,2.22E-83,1.07E-80,0.894131185,0.773861968,PSMA2
ZC3H11A,0.084767506,0.006314218,0.043696445,0.469442388,0.464537469,ZC3H11A,0.739743173,7.10E-12,2.18E-10,0.336593786,0.211453744,ZC3H11A
EEF1B2,0.071245231,0.004312743,0.031216047,0.556757988,0.551946644,EEF1B2,-0.049384825,0.04322286,0.284195981,0.914844649,0.865394028,EEF1B2
PTPRC,0.059423592,0.000265991,0.002596462,0.871618158,0.866608828,PTPRC,0.292705655,1.66E-07,3.24E-06,0.785960875,0.684777288,PTPRC
GABARAPL2,0.057267945,0.001858569,0.014817487,0.645155778,0.652911832,GABARAPL2,0.262059987,3.61E-05,0.00051063,0.407940161,0.317670093,GABARAPL2
RPLP2,0.045776468,2.35E-05,0.00027949,0.915930968,0.924791237,RPLP2,-0.007255793,0.709422131,1,0.981012658,0.983357807,RPLP2
RPS21,0.045441005,2.09E-07,3.42E-06,0.92658199,0.936666305,RPS21,0.171806186,0.000357862,0.004195994,0.932105869,0.880078316,RPS21
