lps_names,lps_logfoldchanges,lps_pvals,lps_pvals_adj,lps_pts,UNST_pts,1to1_bat_dragon
TNIP1,2.893311977,1.0582e-221,6.621699999999999e-218,0.756473829,0.368086148,TNIP1
TNFRSF1B,3.467703342,9.7871e-216,4.5931e-212,0.721212121,0.279001468,TNFRSF1B
TNF,3.698753595,2.1751999999999997e-187,6.8056e-184,0.678787879,0.215859031,TNF
LACC1,3.016519547,9.6724e-140,2.0174e-136,0.6,0.203132648,LACC1
UNC13D,2.019192219,3.0122e-137,5.1404e-134,0.755371901,0.441507587,UNC13D
PSTPIP2,2.043101311,1.7392e-135,2.7207e-132,0.717355372,0.444444444,PSTPIP2
FRRS1,4.837997913,1.9013e-116,2.7454e-113,0.458402204,0.044052863,FRRS1
TNFAIP2,2.93654561,2.954e-114,3.9608999999999996e-111,0.580716253,0.227606461,TNFAIP2
NADK,1.59238863,1.5247e-112,1.9082e-109,0.803305785,0.575624082,NADK
IFT57,1.753602028,6.667400000000001e-108,7.3624e-105,0.715151515,0.473323544,IFT57
NAMPT,1.679841995,1.8605399999999998e-92,1.83821e-89,0.662809917,0.414096916,NAMPT
GDPD5,1.993022323,1.6824300000000002e-85,1.31594e-82,0.575757576,0.298580519,GDPD5
NFKBIA,1.446281075,1.18178e-84,8.87376e-82,0.738292011,0.539892315,NFKBIA
BIRC2,1.689533353,4.45416e-84,3.2159e-81,0.682644628,0.441507587,BIRC2
CCL14,1.434862137,4.69273e-84,3.26266e-81,0.795592287,0.65051395,CCL14
HVCN1,1.20947969,5.80262e-84,3.89024e-81,0.847933884,0.697503671,HVCN1
IL1B,3.567188025,8.49013e-84,5.49575e-81,0.433057851,0.092511013,IL1B
PRKCD,1.645101428,2.24194e-83,1.3575999999999998e-80,0.657300275,0.423886442,PRKCD
PTGS2,1.509033084,1.39604e-80,8.1895399999999995e-78,0.812121212,0.706314244,PTGS2
GNB1,0.973460257,3.63739e-80,2.06913e-77,0.873278237,0.779246207,GNB1
MASP2,1.500877857,2.0679300000000003e-76,1.07831e-73,0.671625344,0.446891826,MASP2
STK17A,1.897865534,2.91495e-74,1.4789e-71,0.538842975,0.255506608,STK17A
HSPA8,0.740329385,6.67047e-73,3.13045e-70,0.936088154,0.908957416,HSPA8
SDC4,1.103098154,1.73291e-70,7.56517e-68,0.814325069,0.738619677,SDC4
STEAP4,1.939431071,5.35119e-69,2.28301e-66,0.539393939,0.242780225,STEAP4
NINJ1,2.161093473,1.64059e-68,6.69502e-66,0.48815427,0.220753793,NINJ1
TNFAIP3,1.839911342,8.836680000000001e-67,3.5294099999999995e-64,0.529476584,0.272638277,TNFAIP3
BCL2A1,3.438195944,6.98523e-66,2.73181e-63,0.366942149,0.052863436,BCL2A1
BHLHE40,1.298510432,2.11964e-64,8.120380000000001e-62,0.69476584,0.476749878,BHLHE40
BACH1,1.356230021,1.01628e-62,3.74072e-60,0.676584022,0.487518355,BACH1
AGL,2.14254427,1.42794e-62,5.154850000000001e-60,0.479338843,0.224669604,AGL
SYNGR2,0.785964489,1.85048e-62,6.55417e-60,0.88815427,0.837493882,SYNGR2
MAP3K20,3.714053631,6.89865e-62,2.39818e-59,0.356473829,0.058737151,MAP3K20
PLK2,3.688082695,7.08455e-61,2.41802e-58,0.355922865,0.059226628,PLK2
SERPINE1,1.935152054,8.57974e-59,2.77688e-56,0.504132231,0.244248654,SERPINE1
SLC41A2,1.449945092,3.59433e-58,1.1436100000000001e-55,0.558126722,0.321585903,SLC41A2
EML4,2.318898916,5.95862e-58,1.8642500000000002e-55,0.419283747,0.149779736,EML4
MAFF,1.15587461,6.22716e-58,1.9163300000000002e-55,0.777410468,0.614782183,MAFF
UBE2E2,1.091285825,1.32425e-57,4.0095e-55,0.69862259,0.569260891,UBE2E2
CSRP1,1.419245839,1.81396e-57,5.4050300000000006e-55,0.619834711,0.443465492,CSRP1
NFKBIE,1.197140932,1.8124200000000002e-56,5.31606e-54,0.645179063,0.460107685,NFKBIE
PNRC1,1.190578341,6.21238e-56,1.76695e-53,0.7184573,0.597650514,PNRC1
TAGAP,1.542974353,1.10246e-55,3.04343e-53,0.571900826,0.362212433,TAGAP
RCAN1,2.078480005,1.7568800000000003e-55,4.77973e-53,0.463360882,0.221732746,RCAN1
TMEM170A,1.202779174,1.93437e-55,5.18742e-53,0.639669421,0.474302496,TMEM170A
NCF1,2.177073956,1.13734e-54,2.96529e-52,0.428099174,0.172295644,NCF1
CCL5,2.559244871,2.39339e-53,5.99049e-51,0.388980716,0.127753304,CCL5
CYFIP1,1.667902112,4.18924e-53,1.03474e-50,0.511294766,0.291727851,CYFIP1
ALAS1,0.882837296,2.0272599999999998e-52,4.94231e-50,0.890909091,0.801272638,ALAS1
CA2,2.890340567,4.177099999999999e-52,1.0052899999999999e-49,0.355371901,0.081742535,CA2
LDLR,1.744568467,1.1080199999999999e-51,2.63288e-49,0.480991736,0.247185512,LDLR
CD44,0.81305027,2.9189e-50,6.76463e-48,0.855096419,0.787077827,CD44
GGH,0.914498687,1.19834e-48,2.67801e-46,0.731680441,0.620166422,GGH
TNFRSF6B,1.472373247,9.49724e-47,2.0730500000000001e-44,0.663360882,0.453744493,TNFRSF6B
PLAUR,2.100079536,4.41951e-46,9.42761e-44,0.43415978,0.216348507,PLAUR
ZC3H12B,3.351284027,4.52334e-46,9.54069e-44,0.314600551,0.059226628,ZC3H12B
SNX10,1.454485774,8.36534e-46,1.7448199999999999e-43,0.53553719,0.362701909,SNX10
PIM2,1.996717811,1.1401199999999998e-45,2.33019e-43,0.430853994,0.186979931,PIM2
RAI14,1.071624756,1.19984e-44,2.3708899999999998e-42,0.658402204,0.497307881,RAI14
REL,0.950288773,1.62064e-43,3.1690200000000003e-41,0.74600551,0.597650514,REL
MLLT6,1.426769972,1.80671e-43,3.49644e-41,0.516804408,0.322564856,MLLT6
CTTN,1.566791415,4.95508e-41,9.30167e-39,0.483195592,0.302496329,CTTN
CFP,1.781913996,6.7366200000000005e-40,1.2520799999999999e-37,0.405509642,0.182085169,CFP
OGFRL1,2.156102896,3.28646e-39,5.932069999999999e-37,0.34600551,0.115516397,OGFRL1
HIVEP3,1.931032658,6.838449999999999e-39,1.22258e-36,0.412121212,0.208027411,HIVEP3
PLEK,0.688123584,6.91947e-39,1.2254e-36,0.828650138,0.764072442,PLEK
NRP1,0.828947842,2.53157e-38,4.40025e-36,0.78953168,0.680861478,NRP1
CPNE8,1.668271422,8.18223e-38,1.38376e-35,0.41322314,0.204111601,CPNE8
STAM2,1.186063051,2.85201e-37,4.65548e-35,0.543250689,0.383749388,STAM2
NANS,1.125914097,1.26517e-36,2.0298900000000002e-34,0.54214876,0.371512482,NANS
TNFRSF11B,3.800835371,4.02136e-36,6.2907400000000005e-34,0.258953168,0.027410671,TNFRSF11B
ARF1,0.513680279,2.84005e-35,4.29946e-33,0.845179063,0.808125306,ARF1
DIP2B,1.111464739,1.16167e-34,1.7445400000000002e-32,0.52892562,0.34948605,DIP2B
MOSPD1,0.935810566,1.49869e-33,2.16411e-31,0.603856749,0.483113069,MOSPD1
AKAP13,1.050592422,2.58835e-33,3.70904e-31,0.598898072,0.438570729,AKAP13
NCL,0.60679543,3.67579e-33,5.22742e-31,0.852341598,0.781204112,NCL
WBP1L,1.265128136,5.6181e-33,7.92954e-31,0.52892562,0.399412628,WBP1L
LDHB,0.56509012,7.10689e-33,9.95601e-31,0.867768595,0.825256975,LDHB
ID2,0.757664442,9.79411e-33,1.36189e-30,0.765289256,0.709740578,ID2
DDX5,0.519587159,7.729550000000001e-32,1.0514400000000001e-29,0.926721763,0.885462555,DDX5
EAF2,1.835575223,1.0452e-31,1.41154e-29,0.332782369,0.12824278,EAF2
CYTH3,2.131665707,4.14094e-31,5.47421e-29,0.325619835,0.13215859,CYTH3
SERINC2,1.464531064,4.36462e-31,5.729550000000001e-29,0.402203857,0.206069506,SERINC2
SH3BP4,1.876846313,5.31168e-31,6.924360000000001e-29,0.334435262,0.1360744,SH3BP4
IER3,1.169118762,7.41653e-31,9.53583e-29,0.541597796,0.407244249,IER3
P2RX4,0.835021675,1.70974e-30,2.1685900000000003e-28,0.636914601,0.516886931,P2RX4
BCL10,1.083126664,1.74181e-30,2.19444e-28,0.500275482,0.345080764,BCL10
PLA2G4A,1.205135345,3.65464e-30,4.54338e-28,0.530578512,0.40577582,PLA2G4A
INHBA,3.082250595,5.6696400000000004e-30,7.002e-28,0.252892562,0.044052863,INHBA
SREBF2,1.117020249,1.0013000000000001e-29,1.2126699999999999e-27,0.484297521,0.324033284,SREBF2
ATF4,0.584419549,1.32168e-29,1.5802899999999999e-27,0.889807163,0.834557024,ATF4
ND4L,1.082126737,1.4267300000000002e-29,1.6951000000000002e-27,0.584022039,0.455212922,ND4L
PFKFB4,0.870736837,5.37937e-29,6.27215e-27,0.630853994,0.528144885,PFKFB4
CHD7,1.309787393,1.05245e-28,1.21206e-26,0.438016529,0.269701419,CHD7
SPIB,1.204785228,1.4109400000000001e-28,1.6052200000000002e-26,0.485950413,0.330396476,SPIB
WDR91,1.034386754,2.53639e-28,2.85108e-26,0.523966942,0.382770436,WDR91
PSMA2,0.519071996,7.3572900000000005e-28,8.02971e-26,0.799449036,0.773861968,PSMA2
NFKBIZ,1.616018772,9.9986e-28,1.08493e-25,0.379063361,0.207048458,NFKBIZ
CFLAR,1.509573221,1.93976e-27,2.06894e-25,0.358677686,0.176211454,CFLAR
ATP6,0.591405928,1.61325e-26,1.6639500000000002e-24,0.95922865,0.932941752,ATP6
AMPD3,2.357953072,1.75247e-26,1.79767e-24,0.269972452,0.078805678,AMPD3
GNAI2,0.965649486,1.86232e-26,1.89997e-24,0.506336088,0.36514929,GNAI2
ATP6V1E1,0.451395243,2.52663e-26,2.5499999999999998e-24,0.865013774,0.834067548,ATP6V1E1
TBC1D8,1.420737267,2.55896e-26,2.5688100000000002e-24,0.380165289,0.211453744,TBC1D8
MTSS1,1.034974575,4.9782300000000004e-26,4.94451e-24,0.536088154,0.415075869,MTSS1
MTA2,0.917734742,7.92781e-26,7.710930000000001e-24,0.546556474,0.424375918,MTA2
BCAR1,1.544520497,2.31806e-25,2.23152e-23,0.352066116,0.181106216,BCAR1
AOAH,0.769589365,2.3866500000000003e-24,2.2179299999999997e-22,0.68815427,0.597650514,AOAH
SERPINE2,0.677151203,3.1644700000000003e-24,2.89773e-22,0.767493113,0.705824767,SERPINE2
CASP14,1.009261847,4.3992500000000006e-24,4.00887e-22,0.502479339,0.373470387,CASP14
INF2,1.282053113,6.13846e-24,5.51346e-22,0.447933884,0.31277533,INF2
EIF4G2,0.335688204,6.311040000000001e-24,5.64147e-22,0.906887052,0.89133627,EIF4G2
DENND3,0.932113826,1.06136e-23,9.353879999999999e-22,0.514049587,0.396965247,DENND3
MAT2B,0.850689888,1.68593e-23,1.4651899999999999e-21,0.554269972,0.445912873,MAT2B
PPP1CC,0.716238081,1.76839e-23,1.52978e-21,0.612672176,0.483113069,PPP1CC
RABGAP1L,0.760818541,2.1444900000000002e-23,1.84663e-21,0.695867769,0.572197748,RABGAP1L
PPDPF,0.511911213,3.7189200000000004e-23,3.11659e-21,0.846831956,0.806656877,PPDPF
MMP14,0.764665902,3.95915e-23,3.30316e-21,0.657300275,0.572687225,MMP14
DDX18,0.732933223,4.19403e-23,3.48365e-21,0.611570248,0.509055311,DDX18
N4BP1,0.910867989,5.41173e-23,4.47529e-21,0.504132231,0.368086148,N4BP1
RASGEF1A,2.441085577,1.09174e-22,8.94939e-21,0.242424242,0.064610866,RASGEF1A
ABCC4,1.140452504,1.55697e-22,1.2598e-20,0.422589532,0.279001468,ABCC4
NFE2,0.895139635,2.90368e-22,2.31949e-20,0.482644628,0.323543808,NFE2
MIER1,0.912086964,3.72353e-22,2.94929e-20,0.507988981,0.402349486,MIER1
SREK1IP1,0.866165638,1.3141999999999999e-21,1.01943e-19,0.502479339,0.384238864,SREK1IP1
CSF3,3.885396719,1.59407e-21,1.23144e-19,0.205509642,0.031815957,CSF3
CTSH,0.545296788,1.60209e-21,1.23256e-19,0.82369146,0.753303965,CTSH
HIGD1A,0.36464861,1.6684299999999999e-21,1.27836e-19,0.855647383,0.846304454,HIGD1A
DTX2,1.077446222,2.2866e-21,1.73782e-19,0.439118457,0.313264807,DTX2
SYNJ2,0.764785945,2.61003e-21,1.97562e-19,0.597796143,0.483602545,SYNJ2
ALDH1A3,2.524485111,7.417249999999999e-21,5.50342e-19,0.241873278,0.076358297,ALDH1A3
TNIP3,3.175216675,8.09739e-21,5.98442e-19,0.207162534,0.035731767,TNIP3
DSG2,2.003000736,1.0540099999999999e-20,7.69881e-19,0.260606061,0.093979442,DSG2
NCF4,2.327753782,2.13063e-20,1.52077e-18,0.236914601,0.070974058,NCF4
ICOSLG,2.077492237,9.238779999999999e-20,6.45238e-18,0.254545455,0.094958395,ICOSLG
STXBP2,0.821799994,9.616859999999999e-20,6.661540000000001e-18,0.50523416,0.388644151,STXBP2
DDX24,0.943275154,1.09701e-19,7.57097e-18,0.46446281,0.351933431,DDX24
CIRBP,0.478639513,1.20961e-19,8.3175e-18,0.760330579,0.727361723,CIRBP
MAGOH,0.559311092,1.28923e-19,8.83265e-18,0.676584022,0.604503182,MAGOH
F3,2.974803925,1.66666e-19,1.13769e-17,0.209917355,0.045521292,F3
SMS,1.244131804,1.80985e-19,1.23096e-17,0.365289256,0.226138032,SMS
ETS2,1.027127743,2.05163e-19,1.39037e-17,0.444077135,0.319627998,ETS2
BCAT2,1.138555646,2.24277e-19,1.50901e-17,0.366391185,0.217816936,BCAT2
GNL3,1.117951155,2.47095e-19,1.6507e-17,0.412672176,0.287812041,GNL3
SRGAP2,1.497648835,2.76935e-19,1.84349e-17,0.340495868,0.203622124,SRGAP2
PLS3,0.463515788,3.37009e-19,2.22758e-17,0.776859504,0.744493392,PLS3
UGCG,0.660450161,4.00374e-19,2.61875e-17,0.622589532,0.528634361,UGCG
SMURF1,1.004847288,4.2976200000000003e-19,2.80121e-17,0.431404959,0.308370044,SMURF1
MEX3C,0.811804712,7.53974e-19,4.84712e-17,0.510743802,0.401370534,MEX3C
MAPKAPK2,1.12681067,8.0364e-19,5.14878e-17,0.403856749,0.282917279,MAPKAPK2
CCT7,0.483063966,9.10384e-19,5.81283e-17,0.721212121,0.681350954,CCT7
RBP5,0.906854093,1.1213e-18,7.08724e-17,0.484848485,0.363191385,RBP5
RBM23,0.429359466,2.6635e-18,1.67222e-16,0.796143251,0.757219775,RBM23
ABCF2,0.68232429,2.81878e-18,1.75212e-16,0.558677686,0.471855115,ABCF2
RBM38,1.621294022,3.91365e-18,2.41853e-16,0.293663912,0.149290259,RBM38
SLC25A37,2.597579718,5.19338e-18,3.15502e-16,0.20661157,0.049437102,SLC25A37
KNOP1,0.90595144,1.07694e-17,6.37736e-16,0.476033058,0.367107195,KNOP1
HSP90AA1,0.285581857,1.10503e-17,6.52318e-16,0.953719008,0.953989232,HSP90AA1
CEBPZ,0.789364934,1.69458e-17,9.90987e-16,0.514600551,0.418991679,CEBPZ
SECISBP2L,0.755078077,2.13041e-17,1.24199e-15,0.525619835,0.426333823,SECISBP2L
RNF213,1.189821005,2.28053e-17,1.32539e-15,0.403305785,0.28536466,RNF213
TANK,0.584020495,4.34651e-17,2.47251e-15,0.643526171,0.581008321,TANK
UXS1,1.674774408,4.43204e-17,2.50628e-15,0.269972452,0.128732256,UXS1
DDX39B,0.633224547,5.47218e-17,3.07556e-15,0.584573003,0.503181596,DDX39B
SDCBP,0.575626373,5.49172e-17,3.07733e-15,0.625344353,0.563876652,SDCBP
CCDC134,0.834924817,5.76706e-17,3.222e-15,0.458953168,0.349975526,CCDC134
NBEAL2,1.234548807,6.1376e-17,3.40873e-15,0.338842975,0.203132648,NBEAL2
ATP1A1,0.342493594,6.52119e-17,3.60975e-15,0.941597796,0.923152227,ATP1A1
ATP10A,0.897239089,7.87714e-17,4.33635e-15,0.439118457,0.314733235,ATP10A
TGIF1,1.334171414,1.04352e-16,5.72777e-15,0.30137741,0.159079785,TGIF1
RBM17,0.56265682,1.14723e-16,6.27868e-15,0.633057851,0.550660793,RBM17
GADD45G,0.675237894,2.92825e-16,1.54843e-14,0.649035813,0.551150269,GADD45G
SOCS3,3.56925106,3.79104e-16,1.98786e-14,0.173553719,0.02349486,SOCS3
TGOLN2,0.674792111,4.15819e-16,2.16826e-14,0.546556474,0.466960352,TGOLN2
AP1B1,0.552235603,4.24503e-16,2.20742e-14,0.687052342,0.63485071,AP1B1
LAS1L,1.024986625,5.23421e-16,2.70679e-14,0.391735537,0.276064611,LAS1L
HIPK1,1.413247108,9.74125e-16,4.9691e-14,0.295316804,0.162995595,HIPK1
GLIPR2,0.544212937,9.88601e-16,5.02927e-14,0.68815427,0.640234949,GLIPR2
SLC20A1,0.552578449,1.15338e-15,5.83592e-14,0.667217631,0.623592756,SLC20A1
TAGLN2,0.327617228,1.18085e-15,5.9429e-14,0.832506887,0.81938326,TAGLN2
STARD4,1.663452744,1.44213e-15,7.21911e-14,0.252892562,0.115026921,STARD4
ZFAND2B,1.314973235,1.56403e-15,7.78779e-14,0.292561983,0.156142927,ZFAND2B
ATP1B3,0.772289097,2.28788e-15,1.13021e-13,0.507988981,0.423396965,ATP1B3
GSDMA,2.091238737,2.38502e-15,1.17511e-13,0.218732782,0.078316202,GSDMA
NR3C1,1.161080122,2.64401e-15,1.29253e-13,0.334435262,0.211453744,NR3C1
IL1R2,0.897588849,2.75602e-15,1.34379e-13,0.471625344,0.363191385,IL1R2
GPR84,2.326009989,3.29368e-15,1.59765e-13,0.18953168,0.044052863,GPR84
GAS7,2.589046955,3.48682e-15,1.68264e-13,0.196694215,0.055800294,GAS7
DOCK8,1.022163272,4.55387e-15,2.18632e-13,0.393939394,0.287812041,DOCK8
PIP4K2A,0.986229658,4.7054e-15,2.25331e-13,0.38677686,0.273127753,PIP4K2A
PTGES,2.746321917,5.83209e-15,2.77868e-13,0.182369146,0.039158101,PTGES
RASAL2,0.489762008,8.09108e-15,3.82584e-13,0.69862259,0.638277044,RASAL2
HK2,0.847890615,8.76934e-15,4.12577e-13,0.492561983,0.409202154,HK2
MAP3K8,1.827059031,1.28085e-14,5.98111e-13,0.230853994,0.094958395,MAP3K8
MCF2L,0.809469581,1.29472e-14,6.0309e-13,0.467217631,0.358786099,MCF2L
ZNF516,1.670396328,2.00631e-14,9.11924e-13,0.241873278,0.107684777,ZNF516
BAZ1A,0.667980433,2.09611e-14,9.5044e-13,0.554820937,0.483602545,BAZ1A
ANO1,0.957774758,2.1593e-14,9.74384e-13,0.339393939,0.203622124,ANO1
PPP2R1A,0.447814971,3.8187e-14,1.71085e-12,0.705785124,0.655408713,PPP2R1A
PAIP1,0.783260405,4.52585e-14,2.00849e-12,0.434710744,0.338717572,PAIP1
GPT2,1.622376204,6.00811e-14,2.63515e-12,0.272727273,0.151248164,GPT2
SLC37A3,0.587798059,8.98697e-14,3.88718e-12,0.612672176,0.545276554,SLC37A3
IRAK2,1.136332631,9.64095e-14,4.13196e-12,0.330578512,0.215859031,IRAK2
PTPN2,0.51664865,1.49394e-13,6.34484e-12,0.600550964,0.539402839,PTPN2
WDR43,0.800009966,1.5489e-13,6.56343e-12,0.435812672,0.342143906,WDR43
USP24,0.678508639,1.57593e-13,6.6629e-12,0.517355372,0.434165443,USP24
PGRMC1,0.479453564,2.18806e-13,9.10735e-12,0.666666667,0.621145374,PGRMC1
TYMP,0.612639546,2.3158e-13,9.61776e-12,0.472727273,0.360744004,TYMP
TIMP1,0.585721374,3.46151e-13,1.40344e-11,0.676033058,0.569260891,TIMP1
ANXA5,0.212253302,3.55671e-13,1.43584e-11,0.875482094,0.877141459,ANXA5
SYNCRIP,0.565900803,4.43612e-13,1.77938e-11,0.604407713,0.552129222,SYNCRIP
ACTN1,0.737852335,6.89236e-13,2.74118e-11,0.443526171,0.347528145,ACTN1
FRG1,0.646854997,7.54757e-13,2.98909e-11,0.49862259,0.426333823,FRG1
OAZ1,0.13209565,8.29528e-13,3.26455e-11,0.95922865,0.966226138,OAZ1
OXCT1,0.857007205,9.23933e-13,3.62089e-11,0.415977961,0.321585903,OXCT1
ABCE1,0.782664061,1.22974e-12,4.78934e-11,0.433608815,0.347528145,ABCE1
CETN3,0.547604978,1.51175e-12,5.83922e-11,0.619283747,0.575624082,CETN3
CCT5,0.383367747,1.60204e-12,6.17527e-11,0.716253444,0.686245717,CCT5
RRAGD,0.722809911,1.68125e-12,6.45408e-11,0.428099174,0.323054332,RRAGD
RAB11FIP4,0.604317069,1.95316e-12,7.4826e-11,0.549862259,0.487028879,RAB11FIP4
GINM1,0.680113614,2.59243e-12,9.85125e-11,0.435261708,0.338717572,GINM1
ATP6V0D2,0.75157249,3.74665e-12,1.40664e-10,0.417630854,0.31669114,ATP6V0D2
NOP58,0.706605017,6.40131e-12,2.38897e-10,0.483746556,0.417033774,NOP58
NFE2L1,0.788714588,7.30597e-12,2.71043e-10,0.404958678,0.302985805,NFE2L1
IL18,1.169965863,7.96513e-12,2.92606e-10,0.268870523,0.149290259,IL18
XYLT1,1.232224107,8.66934e-12,3.16616e-10,0.266115702,0.149290259,XYLT1
STARD3,0.591122985,1.08195e-11,3.92851e-10,0.517355372,0.449828683,STARD3
SAR1A,0.444275528,1.23499e-11,4.46691e-10,0.635812672,0.563876652,SAR1A
TMBIM6,0.22529757,1.30777e-11,4.72106e-10,0.861157025,0.865883505,TMBIM6
HEATR5B,0.51545167,1.51071e-11,5.43278e-10,0.592286501,0.525208027,HEATR5B
GMPS,0.789831817,1.68352e-11,6.01964e-10,0.438016529,0.360744004,GMPS
TPD52L2,0.497358412,1.7789e-11,6.34859e-10,0.601101928,0.556534508,TPD52L2
EBNA1BP2,0.544256568,1.98481e-11,7.07001e-10,0.517906336,0.443954968,EBNA1BP2
DKC1,1.033534408,2.35564e-11,8.32769e-10,0.338842975,0.243759178,DKC1
PRDX6,0.32393077,2.42603e-11,8.54435e-10,0.805509642,0.793441018,PRDX6
TCF7L2,1.119552612,2.49798e-11,8.78128e-10,0.315151515,0.218306412,TCF7L2
COPZ1,0.346813649,2.93901e-11,1.0274e-09,0.724517906,0.716103769,COPZ1
MBD2,0.556567609,2.97098e-11,1.03664e-09,0.536639118,0.480665688,MBD2
SLC2A3,0.5937711,3.5417e-11,1.22892e-09,0.547107438,0.481155164,SLC2A3
HMGCR,0.700441658,3.58464e-11,1.23924e-09,0.41046832,0.318649046,HMGCR
RIPK2,1.40587616,5.73568e-11,1.97198e-09,0.241322314,0.129221733,RIPK2
STAU1,0.392097294,6.31293e-11,2.16252e-09,0.771900826,0.716593245,STAU1
IL6R,0.759371579,6.69198e-11,2.28403e-09,0.415426997,0.325012237,IL6R
HNRNPH1,0.47420913,6.7387e-11,2.29581e-09,0.641873278,0.607929515,HNRNPH1
GPBP1,0.6001302,6.92278e-11,2.35425e-09,0.483195592,0.414096916,GPBP1
SLCO4C1,2.845649004,7.40653e-11,2.50967e-09,0.14214876,0.021047479,SLCO4C1
GNL2,0.816705227,7.98071e-11,2.6945e-09,0.397796143,0.318159569,GNL2
CD9,0.699745595,9.12676e-11,3.05397e-09,0.532782369,0.51052374,CD9
SYS1,0.777807951,1.06612e-10,3.54845e-09,0.407713499,0.324522761,SYS1
NIP7,0.683488786,1.14907e-10,3.81775e-09,0.419283747,0.341164953,NIP7
CYBB,0.402115643,1.29169e-10,4.26144e-09,0.909641873,0.854136074,CYBB
HNRNPDL,0.453734428,1.56784e-10,5.13639e-09,0.660055096,0.625061185,HNRNPDL
PSMD12,0.357105732,2.10721e-10,6.84368e-09,0.695867769,0.671071953,PSMD12
BIRC6,0.496011466,2.24012e-10,7.26279e-09,0.61322314,0.567302986,BIRC6
CCDC86,0.807109535,2.57526e-10,8.30631e-09,0.337190083,0.243269701,CCDC86
UTP3,0.791877568,2.62422e-10,8.44973e-09,0.381818182,0.29711209,UTP3
WASF2,0.449452579,2.84181e-10,9.1035e-09,0.605509642,0.57464513,WASF2
ADAM28,2.24895668,3.52842e-10,1.11507e-08,0.158126722,0.043073911,ADAM28
SLC40A1,0.4787471,3.55312e-10,1.121e-08,0.651239669,0.604992658,SLC40A1
CSF1,1.791181326,3.6936e-10,1.16141e-08,0.18292011,0.068526676,CSF1
MCL1,0.70946008,3.73016e-10,1.17095e-08,0.402203857,0.317180617,MCL1
SFPQ,0.468880445,4.66447e-10,1.4521e-08,0.649035813,0.618697993,SFPQ
S100A4,0.368327677,5.68926e-10,1.73939e-08,0.911294766,0.921194322,S100A4
TSKU,1.22211647,6.10477e-10,1.86037e-08,0.267217631,0.170337739,TSKU
SAMD11,2.561497927,6.16391e-10,1.87535e-08,0.145454545,0.031326481,SAMD11
STARD8,0.62132448,6.83241e-10,2.06868e-08,0.499724518,0.436612824,STARD8
RPL7L1,0.584251106,6.93261e-10,2.09563e-08,0.460055096,0.394517866,RPL7L1
UBE2J1,0.859502554,7.7633e-10,2.328e-08,0.300826446,0.197258933,UBE2J1
INSIG1,0.804052889,8.88028e-10,2.64522e-08,0.367493113,0.281938326,INSIG1
PPP2CA,0.379530311,9.15086e-10,2.71374e-08,0.655647383,0.608908468,PPP2CA
EIF4H,0.381671458,9.45692e-10,2.79567e-08,0.686501377,0.64268233,EIF4H
CEBPB,0.830090284,9.86832e-10,2.89903e-08,0.314600551,0.21341165,CEBPB
TLE1,2.243199825,1.01867e-09,2.98787e-08,0.156473829,0.045521292,TLE1
ZC3H15,0.552503824,1.0715e-09,3.13794e-08,0.506887052,0.444444444,ZC3H15
RNF150,2.535979033,1.10379e-09,3.22748e-08,0.149862259,0.038668625,RNF150
CYLD,0.80198133,1.23468e-09,3.59897e-08,0.34214876,0.252080274,CYLD
RPS21,0.19808802,1.29699e-09,3.76891e-08,0.877134986,0.880078316,RPS21
CCNG2,0.687707245,1.38388e-09,4.01517e-08,0.421487603,0.339207048,CCNG2
HNRNPA2B1,0.23863548,1.84108e-09,5.27646e-08,0.858953168,0.850709741,HNRNPA2B1
PIK3CG,0.633567154,1.88164e-09,5.38448e-08,0.414876033,0.327949094,PIK3CG
PSMD6,0.557430923,1.92135e-09,5.48975e-08,0.47768595,0.418991679,PSMD6
RPL18,0.224232331,2.04181e-09,5.80742e-08,0.867768595,0.855604503,RPL18
PHLDB3,0.742766261,2.25718e-09,6.39092e-08,0.403856749,0.324033284,PHLDB3
TM4SF19,0.960680902,2.51861e-09,7.08834e-08,0.262258953,0.156142927,TM4SF19
PPIG,0.514902532,2.98352e-09,8.3096e-08,0.590082645,0.562408223,PPIG
FBXO4,1.178472042,3.50104e-09,9.70775e-08,0.246280992,0.147821831,FBXO4
NOP56,0.646209896,3.56245e-09,9.86347e-08,0.482093664,0.438081253,NOP56
ZFP36,0.760710537,4.18786e-09,1.14933e-07,0.390082645,0.305433186,ZFP36
ABI1,0.801002741,4.45193e-09,1.21647e-07,0.310192837,0.217816936,ABI1
KLF10,0.637887776,4.51138e-09,1.22914e-07,0.420936639,0.331864905,KLF10
DDX3X,0.316481411,4.59799e-09,1.24828e-07,0.772451791,0.734703867,DDX3X
LIF,1.814632654,5.10762e-09,1.38355e-07,0.198898072,0.099363681,LIF
RFK,0.723377943,5.8432e-09,1.58053e-07,0.337741047,0.248164464,RFK
SUGT1,0.595622778,6.73239e-09,1.81061e-07,0.467768595,0.40969163,SUGT1
EIF2S2,0.257936448,8.33552e-09,2.22898e-07,0.804958678,0.784630445,EIF2S2
PATL1,1.203614712,1.0034e-08,2.65669e-07,0.241873278,0.144884973,PATL1
IL10RB,0.496020585,1.07682e-08,2.83506e-07,0.50137741,0.442486539,IL10RB
TP53INP1,0.853554845,1.12978e-08,2.95791e-07,0.273829201,0.173274596,TP53INP1
RC3H1,0.627956986,1.27741e-08,3.30751e-07,0.374104683,0.286343612,RC3H1
ZFYVE21,0.616741478,1.28817e-08,3.33079e-07,0.435261708,0.369554577,ZFYVE21
CFL1,0.25334233,1.32403e-08,3.41879e-07,0.833057851,0.807146353,CFL1
FUS,0.313510954,1.33269e-08,3.43172e-07,0.758126722,0.741067058,FUS
CACYBP,0.254463673,1.35544e-08,3.48489e-07,0.781818182,0.762604014,CACYBP
CAPZA1,0.390508771,1.35705e-08,3.48489e-07,0.651790634,0.621145374,CAPZA1
CHSY1,0.652058184,1.87648e-08,4.76334e-07,0.401652893,0.332354381,CHSY1
IRAK1,0.497091472,2.11898e-08,5.34645e-07,0.490909091,0.426823299,IRAK1
RIOK3,0.435743272,2.17566e-08,5.48207e-07,0.56584022,0.526676456,RIOK3
PIK3R5,0.971526146,2.17984e-08,5.48524e-07,0.245179063,0.146353402,PIK3R5
ND1,0.923080266,2.22468e-08,5.5906e-07,0.320110193,0.235438081,ND1
SLC11A2,1.038304687,2.44412e-08,6.08501e-07,0.242424242,0.144395497,SLC11A2
WIPI2,0.907898128,2.58176e-08,6.40222e-07,0.285950413,0.197258933,WIPI2
PIK3CA,1.178216457,2.64294e-08,6.54527e-07,0.209366391,0.109153206,PIK3CA
EIF4A2,0.427311957,2.7478e-08,6.77815e-07,0.612672176,0.583455702,EIF4A2
UBE2Q1,0.299720377,3.6089e-08,8.84417e-07,0.705785124,0.680861478,UBE2Q1
FMO4,2.721174002,3.7369e-08,9.134e-07,0.126721763,0.024963289,FMO4
GALNT2,0.404107839,3.81537e-08,9.31366e-07,0.54214876,0.480665688,GALNT2
PRRC2C,0.404762059,3.92784e-08,9.57577e-07,0.682093664,0.651003426,PRRC2C
SLC13A3,0.534142911,3.96962e-08,9.65256e-07,0.425344353,0.342143906,SLC13A3
ATP6V1B2,0.281335622,4.38416e-08,1.06056e-06,0.749862259,0.737151248,ATP6V1B2
RSRC2,0.437193424,4.49923e-08,1.087e-06,0.584573003,0.548213412,RSRC2
SLA,0.399720103,4.61722e-08,1.11264e-06,0.59338843,0.544297602,SLA
HGS,0.693903863,4.66001e-08,1.12151e-06,0.355922865,0.280959373,HGS
MID1IP1,1.733800173,4.71585e-08,1.1335e-06,0.162534435,0.063631914,MID1IP1
WSB1,0.335304439,4.96355e-08,1.19151e-06,0.844628099,0.817425355,WSB1
TOR1A,0.64758122,5.10703e-08,1.21971e-06,0.377961433,0.302006853,TOR1A
CSNK1E,0.567006767,5.58143e-08,1.32291e-06,0.47107438,0.414586393,CSNK1E
CDV3,0.314678133,6.46452e-08,1.5207e-06,0.695867769,0.667645619,CDV3
SCNN1G,0.421355098,6.77277e-08,1.59122e-06,0.606060606,0.567792462,SCNN1G
AQR,0.727310896,6.83534e-08,1.60391e-06,0.340495868,0.265785609,AQR
TRA2A,0.485949039,6.96608e-08,1.63255e-06,0.473829201,0.408223201,TRA2A
DENND4A,1.217909217,7.11527e-08,1.66336e-06,0.21046832,0.11649535,DENND4A
PPIF,1.217602968,7.19478e-08,1.67986e-06,0.232506887,0.142927068,PPIF
ARID5B,0.557807207,7.29803e-08,1.70185e-06,0.476033058,0.418502203,ARID5B
TMEM62,1.416218996,8.04072e-08,1.86116e-06,0.171349862,0.072931963,TMEM62
MAN2B1,0.439423919,8.47151e-08,1.95605e-06,0.60661157,0.56681351,MAN2B1
TFEC,1.101557136,8.64143e-08,1.99014e-06,0.214876033,0.119432208,TFEC
DOT1L,0.867837071,8.66152e-08,1.99014e-06,0.350413223,0.28536466,DOT1L
MARCKSL1,1.889269948,8.69277e-08,1.99487e-06,0.150964187,0.053842389,MARCKSL1
RPLP0,0.207466677,8.889e-08,2.03493e-06,0.89476584,0.877141459,RPLP0
DUSP1,0.526823103,9.48558e-08,2.15052e-06,0.574655647,0.529123837,DUSP1
DHX37,1.259376287,9.55701e-08,2.1641e-06,0.201652893,0.109153206,DHX37
PTPN6,0.42213425,1.01233e-07,2.28132e-06,0.556473829,0.520802741,PTPN6
EIF4A3,0.548315704,1.02066e-07,2.29735e-06,0.425895317,0.355849241,EIF4A3
NRROS,0.893797874,1.02858e-07,2.31239e-06,0.259504132,0.170827215,NRROS
PDAP1,0.385143876,1.06649e-07,2.39477e-06,0.588980716,0.552129222,PDAP1
PHLPP1,0.740495086,1.11582e-07,2.49656e-06,0.341597796,0.265296133,PHLPP1
DNAJC24,0.88166213,1.13728e-07,2.53551e-06,0.292011019,0.211943221,DNAJC24
CNOT6L,0.873108625,1.16578e-07,2.59289e-06,0.257300275,0.169358786,CNOT6L
CUL1,0.500892282,1.27126e-07,2.81748e-06,0.46446281,0.411160059,CUL1
CHMP5,0.306568265,1.29591e-07,2.86874e-06,0.678236915,0.668135095,CHMP5
SH3PXD2B,1.204954386,1.31853e-07,2.91193e-06,0.236363636,0.151248164,SH3PXD2B
VPS33A,0.827889144,1.37106e-07,3.01729e-06,0.29862259,0.217816936,VPS33A
CCNT1,0.715550423,1.43869e-07,3.16243e-06,0.306887052,0.22124327,CCNT1
CD36,0.304081887,1.49056e-07,3.2726e-06,0.804958678,0.773372491,CD36
DRAM1,0.297447801,1.51026e-07,3.31199e-06,0.74214876,0.715614293,DRAM1
MARK3,0.548056781,1.53335e-07,3.34698e-06,0.478236915,0.426333823,MARK3
PSMC5,0.365754634,1.56302e-07,3.40779e-06,0.60661157,0.58247675,PSMC5
ATP6V0D1,0.403651357,1.57671e-07,3.43363e-06,0.574104683,0.532550171,ATP6V0D1
LTV1,0.543855846,1.60719e-07,3.49597e-06,0.423140496,0.366128243,LTV1
COPS8,0.512891233,1.75954e-07,3.82293e-06,0.43415978,0.374938815,COPS8
TNFAIP1,1.084746122,1.95836e-07,4.24508e-06,0.239118457,0.15320607,TNFAIP1
TYROBP,0.196742371,1.96525e-07,4.2525e-06,0.841873278,0.844836025,TYROBP
RAB11FIP1,0.422752142,2.02871e-07,4.37232e-06,0.643526171,0.603524229,RAB11FIP1
PDCD1LG2,0.843862712,2.23831e-07,4.78016e-06,0.308539945,0.232011747,PDCD1LG2
CELF1,0.506412029,2.56407e-07,5.39771e-06,0.436914601,0.363680861,CELF1
GPRC5B,0.562646508,2.80403e-07,5.88784e-06,0.384022039,0.309838473,GPRC5B
PPP1R37,1.5933038,3.06797e-07,6.38835e-06,0.164738292,0.073421439,PPP1R37
HIF1A,0.538643777,3.06962e-07,6.38835e-06,0.444077135,0.389623103,HIF1A
CCT2,0.312586278,3.84931e-07,7.91449e-06,0.644077135,0.621634851,CCT2
CDKN1A,0.603334785,4.17314e-07,8.56155e-06,0.363085399,0.285854136,CDKN1A
OTUD6B,0.450175554,4.21838e-07,8.62609e-06,0.490909091,0.442486539,OTUD6B
AP2M1,0.296123713,4.33455e-07,8.84438e-06,0.706336088,0.681350954,AP2M1
PTEN,0.602854908,4.4232e-07,9.00567e-06,0.370798898,0.301517376,PTEN
KHNYN,1.539259911,4.53449e-07,9.20232e-06,0.16969697,0.080274107,KHNYN
MAST4,0.762637496,5.20518e-07,1.04393e-05,0.337190083,0.262848752,MAST4
RND1,2.708267212,6.00471e-07,1.19407e-05,0.116804408,0.024963289,RND1
FTSJ3,0.877522826,6.04083e-07,1.19998e-05,0.302479339,0.231522271,FTSJ3
SPI1,0.197817162,6.86233e-07,1.36029e-05,0.853443526,0.837983358,SPI1
USP53,0.384706825,7.68861e-07,1.51608e-05,0.709641873,0.657366618,USP53
RPS9,0.174524218,8.21966e-07,1.60896e-05,0.90137741,0.887909936,RPS9
ALOX5,0.346100271,8.80546e-07,1.71647e-05,0.652892562,0.603524229,ALOX5
RPL23,0.162352994,9.10852e-07,1.7682e-05,0.888705234,0.880078316,RPL23
COX7B,0.178076088,9.34894e-07,1.81113e-05,0.835812672,0.83113069,COX7B
TBCA,0.303458005,9.71854e-07,1.87692e-05,0.642975207,0.627998042,TBCA
RARA,0.980180144,1.00414e-06,1.93728e-05,0.240220386,0.159079785,RARA
PDE8A,0.904077709,1.02987e-06,1.98473e-05,0.259504132,0.181595693,PDE8A
LUZP1,0.613791108,1.0994e-06,2.11022e-05,0.390633609,0.324033284,LUZP1
PTBP1,0.319525152,1.1462e-06,2.19108e-05,0.667217631,0.629955947,PTBP1
IL6ST,0.458676815,1.20227e-06,2.28894e-05,0.452892562,0.401370534,IL6ST
WDR7,0.771959782,1.29253e-06,2.44836e-05,0.3184573,0.250122369,WDR7
RAC1,0.476353765,1.44767e-06,2.72302e-05,0.441873278,0.391091532,RAC1
UPRT,0.808427453,1.48263e-06,2.7832e-05,0.271625344,0.196769457,UPRT
SCNN1B,0.394522458,1.55781e-06,2.90977e-05,0.594490358,0.563876652,SCNN1B
STAT3,0.797901452,1.61924e-06,3.01086e-05,0.306887052,0.240332844,STAT3
UBA2,0.354858279,1.67888e-06,3.11731e-05,0.579614325,0.534997553,UBA2
PTGES3,0.405185789,1.72826e-06,3.20581e-05,0.470523416,0.419970631,PTGES3
SEC24C,0.314108014,1.87423e-06,3.4663e-05,0.638567493,0.60988742,SEC24C
PTPN1,0.454786658,1.91092e-06,3.53068e-05,0.467768595,0.431718062,PTPN1
BRIX1,0.617686689,2.01288e-06,3.71177e-05,0.383471074,0.330396476,BRIX1
PSMD2,0.336982548,2.33011e-06,4.2674e-05,0.58292011,0.558981889,PSMD2
NUP153,0.872086883,2.44231e-06,4.45983e-05,0.246831956,0.169358786,NUP153
PLOD3,1.044204235,2.46148e-06,4.49047e-05,0.220936639,0.144395497,PLOD3
MRPL32,0.647155762,2.5646e-06,4.66499e-05,0.343801653,0.280469897,MRPL32
IFRD1,0.28169927,2.64587e-06,4.79423e-05,0.727823691,0.690161527,IFRD1
UTP15,0.721483529,2.73057e-06,4.94293e-05,0.265564738,0.188937837,UTP15
HSP90AB1,0.199781522,2.79071e-06,5.03723e-05,0.868870523,0.849241312,HSP90AB1
PLXNA1,0.357384086,2.89187e-06,5.20481e-05,0.546556474,0.504650024,PLXNA1
UTP18,0.798494816,2.90681e-06,5.22669e-05,0.265564738,0.191874694,UTP18
RCAN3,1.848561406,3.29515e-06,5.8799e-05,0.136639118,0.05237396,RCAN3
ENTPD7,0.826109827,3.31534e-06,5.91031e-05,0.252892562,0.176211454,ENTPD7
SPATA13,0.864240408,3.55736e-06,6.31776e-05,0.295867769,0.2329907,SPATA13
DESI1,0.650640965,3.57058e-06,6.33525e-05,0.327823691,0.262359276,DESI1
PA2G4,0.51886642,3.71216e-06,6.56783e-05,0.426446281,0.380323054,PA2G4
PFKFB3,1.74380064,3.72125e-06,6.57771e-05,0.140495868,0.05628977,PFKFB3
METAP2,0.36598441,3.85454e-06,6.80051e-05,0.533333333,0.499265786,METAP2
VCP,0.26560232,3.89617e-06,6.86751e-05,0.754269972,0.719530103,VCP
PDCD11,0.862466514,4.08265e-06,7.16928e-05,0.265564738,0.19627998,PDCD11
NACC2,1.45275116,4.24451e-06,7.44654e-05,0.165289256,0.083700441,NACC2
ZRANB2,0.587359846,4.61298e-06,8.05534e-05,0.361983471,0.303475281,ZRANB2
HSPH1,0.448220402,4.79127e-06,8.34339e-05,0.522865014,0.501223691,HSPH1
LARP4,0.639242113,5.87664e-06,0.000100653,0.346556474,0.289769946,LARP4
MDN1,0.730779886,5.99703e-06,0.000102622,0.334986226,0.274106706,MDN1
HSPA5,0.255871892,6.25392e-06,0.000106726,0.842424242,0.838472834,HSPA5
SUB1,0.132616773,6.38911e-06,0.000108934,0.870523416,0.871267744,SUB1
SF3B3,0.498996347,6.4263e-06,0.00010927,0.43415978,0.387665198,SF3B3
LRP10,0.795300126,6.59423e-06,0.000111774,0.197796143,0.115026921,LRP10
IPO7,0.4644427,6.59738e-06,0.000111774,0.449035813,0.407244249,IPO7
SLC12A4,0.425748557,6.78574e-06,0.000114346,0.479338843,0.435144395,SLC12A4
CCT8,0.418333679,6.85962e-06,0.000115488,0.503030303,0.477239354,CCT8
MITD1,0.732182503,7.65338e-06,0.000128276,0.257300275,0.183553598,MITD1
NEDD4L,0.929321527,7.73889e-06,0.000129594,0.23030303,0.15712188,NEDD4L
RRP15,0.811545253,8.00038e-06,0.000133615,0.250688705,0.177679883,RRP15
NOLC1,0.564026177,8.0226e-06,0.000133867,0.361983471,0.309348997,NOLC1
DUSP7,0.338761955,8.25357e-06,0.000137477,0.669972452,0.642192854,DUSP7
TMEM254,1.15326786,8.50006e-06,0.000141206,0.169146006,0.090063632,TMEM254
TXNL1,0.374721736,9.13209e-06,0.000150772,0.525068871,0.499755262,TXNL1
MAMLD1,1.129690886,9.42887e-06,0.000155188,0.187327824,0.110132159,MAMLD1
SLC25A38,1.219561338,9.91061e-06,0.000162766,0.174655647,0.096426823,SLC25A38
ABCC5,0.402684391,1.00201e-05,0.000164277,0.583471074,0.542339697,ABCC5
HS2ST1,1.047355056,1.01246e-05,0.000165845,0.201652893,0.127753304,HS2ST1
EIF3D,0.327554733,1.0239e-05,0.000167574,0.572451791,0.547234459,EIF3D
ANXA11,0.493440211,1.06104e-05,0.0001735,0.4,0.347038669,ANXA11
AGO2,0.563152552,1.07e-05,0.000174661,0.336088154,0.271169848,AGO2
PPTC7,0.841553688,1.07602e-05,0.000175491,0.235812672,0.16103769,PPTC7
MYC,1.099023223,1.12084e-05,0.000182471,0.186225895,0.109642682,MYC
EIF3E,0.227157041,1.12173e-05,0.000182471,0.717906336,0.708761625,EIF3E
IL18RAP,5.444420815,1.18361e-05,0.000192038,0.084848485,0.003426334,IL18RAP
ACAA2,0.553908467,1.21669e-05,0.000197063,0.337741047,0.27361723,ACAA2
NOP2,0.779802203,1.35543e-05,0.000218968,0.254545455,0.186979931,NOP2
SHISA5,0.253015637,1.39187e-05,0.000224469,0.7184573,0.719530103,SHISA5
MAP7D3,0.336694926,1.40812e-05,0.0002267,0.592837466,0.575134606,MAP7D3
CD83,1.889019132,1.58856e-05,0.00025336,0.116253444,0.03671072,CD83
LUC7L,0.464616567,1.63299e-05,0.000260225,0.489256198,0.452765541,LUC7L
SNRPF,0.44399482,1.65148e-05,0.000262725,0.429201102,0.383749388,SNRPF
ARRDC4,1.325034022,1.6874e-05,0.000267533,0.158126722,0.081253059,ARRDC4
MPP5,0.784688532,1.69215e-05,0.00026806,0.24738292,0.17670093,MPP5
SPTY2D1,0.466720849,1.80263e-05,0.000285079,0.429201102,0.385217817,SPTY2D1
ACP1,0.30526337,1.86933e-05,0.000294635,0.55922865,0.544297602,ACP1
UBAP1,0.327146918,1.91422e-05,0.000300953,0.576859504,0.548702888,UBAP1
CCNL1,0.483844459,1.91933e-05,0.000301251,0.412672176,0.358296623,CCNL1
SLC52A2,0.648841262,1.9212e-05,0.000301293,0.329476584,0.270680372,SLC52A2
RAPGEF1,0.65169239,2.07669e-05,0.000323435,0.338292011,0.283896231,RAPGEF1
KPNA4,0.352456719,2.1841e-05,0.000338843,0.555922865,0.531571219,KPNA4
POLR2J,0.418016225,2.22193e-05,0.000344142,0.454545455,0.416054821,POLR2J
RPL34,0.107916296,2.28955e-05,0.000353741,0.891460055,0.905041605,RPL34
SETD2,0.396438986,2.29561e-05,0.000354384,0.537190083,0.505628977,SETD2
SLC25A23,0.738916516,2.37558e-05,0.000366429,0.27107438,0.207537934,SLC25A23
CSNK1G3,0.465249956,2.4874e-05,0.000382734,0.373002755,0.311306902,CSNK1G3
TBC1D1,0.398358375,2.4962e-05,0.000383458,0.495867769,0.449828683,TBC1D1
ZRANB1,0.712227643,2.52535e-05,0.000387302,0.316253444,0.261869799,ZRANB1
CLK1,0.332268417,2.60239e-05,0.000397818,0.629201102,0.621634851,CLK1
UGP2,0.201065138,2.69628e-05,0.000411166,0.776859504,0.779246207,UGP2
ESF1,0.443033814,2.87872e-05,0.000437211,0.471625344,0.432697014,ESF1
CHD1,0.499396801,2.88772e-05,0.000438224,0.437465565,0.390602056,CHD1
ATXN2L,0.747248888,2.92436e-05,0.000442382,0.229752066,0.158590308,ATXN2L
MED13,0.44259581,3.03465e-05,0.000457929,0.460055096,0.418991679,MED13
NPEPPS,0.518762708,3.08694e-05,0.000465447,0.32892562,0.261869799,NPEPPS
VBP1,0.560371578,3.20365e-05,0.000482268,0.310192837,0.247185512,VBP1
THOC2,0.312190205,3.43063e-05,0.000516024,0.650688705,0.63876652,THOC2
EIF4A1,0.144774348,3.50108e-05,0.000524938,0.836363636,0.836025453,EIF4A1
PTP4A2,0.210777014,3.5199e-05,0.000527339,0.725068871,0.709740578,PTP4A2
TFG,0.352583915,3.84823e-05,0.000571963,0.530578512,0.498776309,TFG
BAZ1B,0.350876242,3.86493e-05,0.000573991,0.58292011,0.546255507,BAZ1B
CLDN5,0.551844478,3.8822e-05,0.00057519,0.28815427,0.213901126,CLDN5
FBXL3,0.648897886,4.10953e-05,0.000606859,0.26446281,0.198727362,FBXL3
CORO1C,0.832151473,4.25544e-05,0.000624087,0.276584022,0.219285365,CORO1C
PDP2,1.025930405,4.50091e-05,0.000657007,0.208815427,0.143416544,PDP2
EGLN1,1.167194963,4.84774e-05,0.000703109,0.171900826,0.10083211,EGLN1
G3BP1,0.36503607,4.94491e-05,0.000715697,0.517906336,0.494860499,G3BP1
LSM12,0.753934562,5.0218e-05,0.000725148,0.226997245,0.159569261,LSM12
PAK2,0.323369086,5.07683e-05,0.000731406,0.57630854,0.561429271,PAK2
SLC43A3,0.450081438,5.22207e-05,0.000750602,0.437465565,0.391091532,SLC43A3
AIF1,0.342181414,5.4763e-05,0.000785341,0.527272727,0.471855115,AIF1
PDE12,0.719558358,5.81649e-05,0.00083032,0.25785124,0.195301028,PDE12
GTDC1,1.311640024,5.9316e-05,0.000844825,0.141046832,0.068526676,GTDC1
YTHDC1,0.382973522,6.15887e-05,0.000873879,0.498071625,0.466470876,YTHDC1
YY1,0.53114903,6.50197e-05,0.000918397,0.377410468,0.330885952,YY1
SUPV3L1,0.633772492,6.70922e-05,0.000945537,0.315151515,0.261869799,SUPV3L1
TMEM19,0.40603295,6.94806e-05,0.000974805,0.390633609,0.344101811,TMEM19
CHMP2A,0.193078384,6.95949e-05,0.000974952,0.75922865,0.749388155,CHMP2A
CPEB4,0.378117889,6.99857e-05,0.000979695,0.476033058,0.439060206,CPEB4
LFNG,0.294745743,7.22559e-05,0.001008466,0.673278237,0.648066569,LFNG
CLIC2,1.212334514,7.30457e-05,0.001018732,0.157575758,0.087126774,CLIC2
TDH,1.309931278,7.39737e-05,0.001030144,0.143801653,0.072931963,TDH
RPS15,0.108860552,7.45142e-05,0.001036134,0.853443526,0.855604503,RPS15
NRDE2,0.505296826,7.99976e-05,0.001107459,0.330027548,0.270680372,NRDE2
DNAJB9,0.482714534,8.01863e-05,0.001109253,0.346556474,0.288301517,DNAJB9
MPO,0.447305143,8.35248e-05,0.001152041,0.451790634,0.405286344,MPO
EIF1AX,0.241903648,8.82268e-05,0.001213329,0.628099174,0.617719041,EIF1AX
RBM4B,0.344678372,8.85242e-05,0.001216527,0.489807163,0.462555066,RBM4B
SLC1A1,1.712830901,8.87478e-05,0.001217818,0.112947658,0.04062653,SLC1A1
NFKB1,0.324701458,8.98849e-05,0.00123252,0.539944904,0.51835536,NFKB1
ALKBH5,0.500973284,9.62046e-05,0.001312623,0.341597796,0.29319628,ALKBH5
PTPRJ,0.527971625,9.92348e-05,0.00135184,0.352066116,0.299559471,PTPRJ
SLC25A25,0.835103452,0.000103928,0.001412697,0.201101928,0.135095448,SLC25A25
DAZAP1,0.554598987,0.000104312,0.001416896,0.309641873,0.253548703,DAZAP1
TRAF2,0.674067438,0.000105618,0.001431522,0.245730028,0.183064121,TRAF2
ITFG1,0.369678468,0.000110274,0.001487112,0.411019284,0.366128243,ITFG1
PREX1,0.453779489,0.000110418,0.001487986,0.447933884,0.417033774,PREX1
NIFK,0.329359919,0.000118439,0.001592644,0.485950413,0.464023495,NIFK
ECD,0.698890805,0.000122688,0.001646251,0.218181818,0.153695546,ECD
PSMB1,0.217386588,0.00012566,0.001684921,0.656198347,0.65442976,PSMB1
ATN1,1.667784572,0.000126641,0.001696859,0.120110193,0.050905531,ATN1
SNRPA1,0.397812426,0.000135829,0.001813505,0.421487603,0.381791483,SNRPA1
ATP11B,0.392056793,0.000140072,0.001860892,0.452892562,0.415565345,ATP11B
PSMD11,0.368087888,0.000141258,0.001875314,0.441873278,0.409202154,PSMD11
STK40,0.446036756,0.000147346,0.001949239,0.397796143,0.354380813,STK40
HCK,2.287786245,0.000147647,0.001951849,0.094214876,0.023984337,HCK
SDAD1,0.597361088,0.000156942,0.002064549,0.297520661,0.248164464,SDAD1
IL18R1,2.492548227,0.000157701,0.002073084,0.089256198,0.019089574,IL18R1
PSMD13,0.307273775,0.000165726,0.002172487,0.532231405,0.51443955,PSMD13
PWP2,0.865691364,0.000169336,0.00221517,0.185674931,0.120900636,PWP2
TRPC4AP,0.481859207,0.000171545,0.002240948,0.373002755,0.336270191,TRPC4AP
DGKQ,0.930133104,0.00017329,0.002262168,0.195041322,0.13215859,DGKQ
RTN4,0.166196227,0.000174224,0.00227278,0.824242424,0.821341165,RTN4
WDR12,0.823993802,0.000177024,0.002307703,0.19338843,0.129221733,WDR12
DDX52,0.692265451,0.000182215,0.002373724,0.257300275,0.199216838,DDX52
MYBBP1A,0.718900502,0.00019112,0.002481121,0.260055096,0.206069506,MYBBP1A
MMRN1,0.742731869,0.000193907,0.002515562,0.293112948,0.241801273,MMRN1
THUMPD1,0.838490009,0.000208985,0.002696103,0.187327824,0.122369065,THUMPD1
SMARCA5,0.347067118,0.000233222,0.002978257,0.522865014,0.491923642,SMARCA5
SEC23B,0.421757907,0.00023634,0.003013976,0.439669421,0.410181106,SEC23B
BRD9,0.612060249,0.000239239,0.003046812,0.287603306,0.234948605,BRD9
TGFB1,0.420318872,0.000271392,0.003416878,0.425344353,0.392070485,TGFB1
SRSF11,0.404399842,0.000290675,0.003637707,0.508539945,0.48947626,SRSF11
RPLP2,0.062849626,0.000304435,0.003789688,0.978512397,0.983357807,RPLP2
KLHL5,1.417521477,0.000309541,0.003850693,0.121763085,0.055800294,KLHL5
ARF4,0.210060239,0.000323611,0.004017738,0.689807163,0.689672051,ARF4
USP8,0.268898696,0.000336518,0.004158967,0.639669421,0.612334802,USP8
LRP12,0.777927995,0.000344046,0.004246175,0.229201102,0.17278512,LRP12
C1R,0.761693776,0.000351867,0.004332752,0.224793388,0.167890357,C1R
USP38,0.737096608,0.000363871,0.004467361,0.188429752,0.124816446,USP38
NUFIP1,0.89836818,0.000372544,0.004557719,0.212672176,0.157611356,NUFIP1
EZH2,1.258928895,0.000378398,0.004624538,0.154820937,0.094958395,EZH2
PSMC2,0.442872047,0.000381095,0.004654468,0.414325069,0.383259912,PSMC2
ACSBG2,1.804937124,0.000392257,0.004781462,0.102479339,0.037689672,ACSBG2
WDR74,1.131823421,0.000394071,0.004800457,0.132782369,0.068526676,WDR74
ZFAND6,0.597330928,0.000396829,0.004827782,0.290358127,0.241801273,ZFAND6
ITCH,0.563524842,0.000399254,0.004854137,0.276584022,0.222711698,ITCH
DOCK10,0.557848632,0.000400482,0.004865923,0.312947658,0.266764562,DOCK10
DNAJA1,0.233398557,0.000403481,0.004899184,0.631955923,0.619187469,DNAJA1
A4GALT,0.826847553,0.000414708,0.005009592,0.158677686,0.095447871,A4GALT
RAB1B,0.178791344,0.000419088,0.005059242,0.743801653,0.728830152,RAB1B
WDR75,1.040215373,0.000423118,0.00510272,0.171900826,0.112090064,WDR75
FOSL1,0.591090322,0.000423951,0.005108092,0.272176309,0.21732746,FOSL1
FUNDC2,0.754142582,0.000431168,0.005181741,0.17630854,0.113069016,FUNDC2
MAK16,0.462594271,0.000497105,0.00590611,0.32892562,0.283406755,MAK16
BRD7,0.30764398,0.000518714,0.006139529,0.537190083,0.521781694,BRD7
NPR3,0.219964966,0.00054587,0.006436598,0.738292011,0.710230054,NPR3
CUL5,0.465429366,0.000559729,0.006583475,0.38953168,0.365638767,CUL5
HUWE1,0.296145797,0.000564733,0.006634027,0.544903581,0.523739599,HUWE1
TNFAIP8,0.370852888,0.000574714,0.006734418,0.409917355,0.376407244,TNFAIP8
MMGT1,0.384930611,0.000592759,0.006937207,0.445179063,0.418502203,MMGT1
ITGAX,1.531660676,0.000611494,0.007134219,0.101928375,0.038668625,ITGAX
TSNAX,0.457599431,0.000619893,0.007205343,0.391184573,0.362701909,TSNAX
DNTTIP2,0.448815465,0.000630644,0.007325767,0.36584022,0.326480666,DNTTIP2
VCAM1,1.825708508,0.000656279,0.007604731,0.098071625,0.035242291,VCAM1
ODC1,0.412522107,0.000659174,0.007633574,0.360330579,0.316201664,ODC1
TMEM167A,0.343985915,0.00068701,0.007936344,0.428650138,0.398923152,TMEM167A
ARNT,0.571828067,0.000699984,0.008071313,0.249035813,0.194322075,ARNT
TRAPPC12,0.552483857,0.000707264,0.008150257,0.309641873,0.265296133,TRAPPC12
N4BP2,0.670734406,0.000710594,0.00817858,0.279889807,0.235438081,N4BP2
RAE1,0.542575181,0.000711869,0.008188242,0.271625344,0.220264317,RAE1
PCF11,0.500885725,0.000735663,0.008441234,0.346556474,0.303475281,PCF11
HIVEP1,0.912114799,0.000781909,0.008911956,0.211019284,0.158590308,HIVEP1
CHST11,2.335695505,0.00078544,0.008946767,0.087603306,0.025942242,CHST11
EIF4E,0.428424537,0.000795954,0.009061041,0.313498623,0.264806657,EIF4E
RAB22A,0.510816932,0.000835056,0.009483162,0.302479339,0.259911894,RAB22A
PPRC1,0.547629893,0.00086543,0.009792563,0.300275482,0.255996084,PPRC1
CCNYL1,0.431089222,0.000868587,0.009822357,0.331129477,0.286343612,CCNYL1
HEATR1,0.824323118,0.000883841,0.009981489,0.188429752,0.13215859,HEATR1
NAA15,0.346545458,0.000884254,0.009981489,0.466115702,0.438570729,NAA15
CHD9,0.5206545,0.000897246,0.010115975,0.324517906,0.279490945,CHD9
UBAC1,0.685465991,0.000926875,0.010443756,0.262258953,0.218306412,UBAC1
MED21,0.565085888,0.000958893,0.010765749,0.286501377,0.240332844,MED21
MRPL38,0.50472939,0.000959784,0.010769317,0.309641873,0.264806657,MRPL38
PPP1R10,0.222399205,0.000963109,0.010793721,0.768595041,0.775819873,PPP1R10
AP1G1,0.266430527,0.000965747,0.010811489,0.476584022,0.447381302,AP1G1
LMNB2,0.379407972,0.000983841,0.010986711,0.483195592,0.457660303,LMNB2
SKP1,0.316025794,0.000995411,0.011102709,0.466666667,0.445423397,SKP1
PIP4K2C,0.337866247,0.000999827,0.011132124,0.422589532,0.388154674,PIP4K2C
CHST12,1.625769138,0.001024811,0.011376556,0.092561983,0.031815957,CHST12
SLC11A1,0.741592884,0.001040505,0.011537125,0.173002755,0.115026921,SLC11A1
TBL3,0.838686764,0.0011013,0.012160947,0.215977961,0.166911405,TBL3
ADAMTS4,1.51872468,0.001106206,0.012200763,0.10523416,0.045521292,ADAMTS4
SNRPD1,0.290992707,0.001135777,0.012475608,0.482093664,0.460107685,SNRPD1
TTF1,0.412938863,0.001151393,0.012617596,0.407713499,0.376407244,TTF1
OAF,6.052907467,0.001184363,0.012941127,0.062258953,0.001957905,OAF
TRADD,0.307628274,0.001253506,0.013593766,0.510743802,0.495839452,TRADD
TRMT6,0.643244624,0.001325424,0.014340553,0.26446281,0.222711698,TRMT6
YTHDF2,0.392183125,0.001334601,0.01442322,0.38677686,0.360744004,YTHDF2
TRMT44,0.616516471,0.001370246,0.014748996,0.239669421,0.18844836,TRMT44
PANX1,4.389569759,0.001372244,0.014762038,0.063911846,0.004405286,PANX1
ZFC3H1,0.360108674,0.001374935,0.014782519,0.544352617,0.527165932,ZFC3H1
NOP16,0.255577564,0.001383316,0.014847117,0.504683196,0.493881547,NOP16
ACER3,0.645584226,0.00141639,0.015186262,0.173002755,0.115516397,ACER3
CTNNB1,0.266460299,0.001449322,0.015511993,0.549311295,0.540871268,CTNNB1
EIF2S1,0.197560281,0.001465941,0.015653385,0.642424242,0.634361233,EIF2S1
ETV4,0.480194896,0.001469609,0.01568363,0.314600551,0.269701419,ETV4
ATP6V1G2,1.053889155,0.001494702,0.015942357,0.125068871,0.067058248,ATP6V1G2
NAIP,0.514151812,0.001516859,0.016151146,0.322865014,0.284385707,NAIP
TMBIM1,0.157207549,0.001525578,0.016234774,0.763636364,0.780225159,TMBIM1
TNFRSF12A,1.637501836,0.001538321,0.016358292,0.086501377,0.027900147,TNFRSF12A
SURF6,0.777280211,0.001541158,0.016358292,0.202754821,0.152227117,SURF6
RBCK1,0.797634363,0.001542616,0.016360449,0.192837466,0.141948116,RBCK1
PHF6,0.705050409,0.00156457,0.016574551,0.208264463,0.156632403,PHF6
FN1,0.301952899,0.001583818,0.01674067,0.461707989,0.424865394,FN1
ZNF207,0.337874562,0.00161102,0.016999473,0.424242424,0.402349486,ZNF207
FBRS,0.378621608,0.001620879,0.017093896,0.371349862,0.331375428,FBRS
PDCL3,0.375339717,0.001641495,0.017282189,0.383471074,0.350465002,PDCL3
CD47,0.231920868,0.001648094,0.017332224,0.564738292,0.54968184,CD47
CBLL1,0.61936152,0.001712901,0.017896129,0.233057851,0.183064121,CBLL1
SRP9,0.965860307,0.001849872,0.01923557,0.125068871,0.0680372,SRP9
ESCO1,0.252824664,0.001852325,0.019242854,0.626997245,0.604013705,ESCO1
RIOK1,0.477309793,0.001882722,0.019515437,0.332231405,0.294664709,RIOK1
PPIL4,0.631907642,0.001903116,0.019694212,0.242975207,0.198727362,PPIL4
UBE2I,0.22999987,0.001910115,0.019755749,0.54214876,0.539402839,UBE2I
CNP,3.86824584,0.001952131,0.020123777,0.061157025,0.003426334,CNP
CHIC2,0.468121737,0.001952131,0.020123777,0.272176309,0.227606461,CHIC2
DMXL1,0.383852541,0.001964756,0.020231705,0.43030303,0.406265296,DMXL1
WDFY1,0.486418724,0.001969654,0.020262881,0.266115702,0.216348507,WDFY1
SIRT7,0.533635557,0.002013556,0.020668206,0.2815427,0.239843368,SIRT7
DHX30,0.6970191,0.002016697,0.02067583,0.204958678,0.154674498,DHX30
PIGX,0.652921557,0.002025953,0.02075938,0.192286501,0.140479687,PIGX
CDH2,0.639008284,0.002067583,0.021162852,0.269421488,0.226627509,CDH2
PUM1,0.384011865,0.002134915,0.02179874,0.39338843,0.362701909,PUM1
WTAP,0.38138184,0.002140409,0.021824961,0.361432507,0.323543808,WTAP
DOCK11,0.463703871,0.002171958,0.022086672,0.466666667,0.451786588,DOCK11
SMARCE1,0.223916069,0.002197759,0.022336942,0.601101928,0.601566324,SMARCE1
SRSF6,0.677609742,0.0022034,0.0223733,0.223140496,0.173764072,SRSF6
ARHGEF5,0.507434845,0.00230069,0.023257166,0.32231405,0.284385707,ARHGEF5
SESN2,0.609940052,0.002364459,0.023824809,0.202203857,0.149779736,SESN2
ZDHHC14,1.645006895,0.002374824,0.023916417,0.093663912,0.038179148,ZDHHC14
FAM120A,0.335996985,0.002438598,0.024453715,0.45785124,0.437591777,FAM120A
MAML2,2.971822739,0.002487571,0.024891622,0.065564738,0.009300049,MAML2
UBE2B,0.392012298,0.002528242,0.025244763,0.354269972,0.319138522,UBE2B
COG3,0.562275767,0.002657344,0.02639347,0.28815427,0.250611845,COG3
CTDSP2,2.766134501,0.002721801,0.026976584,0.068319559,0.012726383,CTDSP2
EIF3A,0.192938328,0.002792048,0.027614503,0.775206612,0.759667156,EIF3A
DIMT1,0.922540069,0.002798274,0.027661511,0.12892562,0.074889868,DIMT1
SERINC5,0.861866534,0.002824243,0.027888843,0.170798898,0.120900636,SERINC5
PLAA,0.515967846,0.002846927,0.028083296,0.276033058,0.235438081,PLAA
TSR1,0.479061246,0.002876569,0.028345911,0.298071625,0.261380323,TSR1
BRD2,0.266900867,0.002882423,0.028388687,0.653443526,0.645619187,BRD2
RBM3,0.011471683,0.00297967,0.029178075,0.910192837,0.926578561,RBM3
LIN7C,0.575537205,0.003089759,0.030083485,0.220936639,0.175232501,LIN7C
MTMR6,0.583189249,0.003103869,0.0302052,0.236914601,0.190895742,MTMR6
IKBKE,1.314169288,0.00311716,0.030287434,0.116253444,0.063631914,IKBKE
TGM1,0.445284188,0.00325523,0.031550282,0.398898072,0.377875673,TGM1
ING3,0.853465557,0.003262392,0.031594467,0.166942149,0.117474302,ING3
TTLL12,0.707320929,0.003295184,0.03183592,0.256198347,0.218795888,TTLL12
POLR1B,1.151724696,0.003383681,0.032657309,0.117906336,0.065100343,POLR1B
TRMT10C,0.682430863,0.003429056,0.033078231,0.236363636,0.195790504,TRMT10C
CD80,0.423395097,0.00344441,0.033192233,0.273278237,0.226138032,CD80
BTF3L4,0.284956545,0.003450826,0.033237,0.384573003,0.348017621,BTF3L4
SLC4A7,0.417668492,0.003491499,0.033577055,0.370247934,0.34165443,SLC4A7
PNRC2,0.937032104,0.003526543,0.033846278,0.139393939,0.088595203,PNRC2
PRRC2A,0.331122398,0.003528509,0.033846278,0.4,0.372491434,PRRC2A
RNPS1,0.54367882,0.003545419,0.033973769,0.225344353,0.179148311,RNPS1
SGPL1,0.756196856,0.003633775,0.034749477,0.173002755,0.122858541,SGPL1
SF3B4,0.237795696,0.003764937,0.035930555,0.541046832,0.536465981,SF3B4
POLR3E,0.806210697,0.003780432,0.036060098,0.190633609,0.144395497,POLR3E
TMEM127,0.760850966,0.00384565,0.036533675,0.156473829,0.105237396,TMEM127
DDX26B,0.613564134,0.003851323,0.03656906,0.202754821,0.153695546,DDX26B
KLHL11,0.525717318,0.003988857,0.037722329,0.29476584,0.259422418,KLHL11
RUVBL2,0.62960434,0.004037288,0.038103552,0.244077135,0.205580029,RUVBL2
RIOK2,0.404994458,0.004094121,0.038601121,0.364738292,0.336270191,RIOK2
TCF3,0.511808693,0.004161184,0.039201225,0.276033058,0.235927558,TCF3
ZCCHC10,0.620097041,0.004185226,0.03938098,0.197245179,0.148800783,ZCCHC10
RPL37,0.045603089,0.004190011,0.039406253,0.914049587,0.924620656,RPL37
MDH1,0.267451078,0.004224803,0.039670303,0.491460055,0.478218306,MDH1
IDI1,1.309912086,0.00422654,0.039670303,0.114049587,0.063142438,IDI1
OCSTAMP,0.455733895,0.004263358,0.039975899,0.254545455,0.208516887,OCSTAMP
RBBP4,0.495343387,0.00426725,0.039992421,0.289807163,0.253548703,RBBP4
BID,1.14113903,0.004337669,0.040571366,0.121763085,0.07195301,BID
SCYL3,0.436681062,0.004361045,0.040769687,0.330578512,0.301517376,SCYL3
TSR2,0.846441746,0.004367403,0.040808809,0.172451791,0.125305923,TSR2
RNF185,0.384860367,0.00438234,0.040885608,0.366391185,0.337249143,RNF185
GLYR1,0.398057342,0.004430044,0.041209508,0.339393939,0.311306902,GLYR1
ZBED4,0.711136997,0.004511895,0.041824159,0.206060606,0.162016642,ZBED4
NAA30,0.717280984,0.004513124,0.041824159,0.197245179,0.152227117,NAA30
UAP1,0.424497932,0.004653117,0.042880864,0.295316804,0.255506608,UAP1
CCNL2,0.633445919,0.004658174,0.0429064,0.200550964,0.154674498,CCNL2
TMEM106A,1.271806717,0.004708802,0.043330211,0.093663912,0.041605482,TMEM106A
WDR44,0.42772162,0.004721803,0.043386046,0.239118457,0.191385218,WDR44
CALCRL,1.278967738,0.004790108,0.043947841,0.100826446,0.049437102,CALCRL
TCF20,0.586389303,0.004821332,0.044127765,0.274931129,0.237395986,TCF20
ZFAND3,0.485090345,0.004841377,0.044289633,0.239118457,0.192853647,ZFAND3
KSR1,1.718526483,0.004855584,0.044397969,0.082093664,0.029858052,KSR1
DPF2,0.321999162,0.004861497,0.044430391,0.375206612,0.339207048,DPF2
TOMM7,0.50614363,0.004932071,0.044965921,0.229201102,0.182574645,TOMM7
CRNKL1,0.364655226,0.004978887,0.045304734,0.315151515,0.278511992,CRNKL1
DNAJB12,0.375620216,0.005022944,0.045617179,0.298071625,0.259422418,DNAJB12
CSF2RA,0.127727717,0.005098148,0.046188434,0.81322314,0.836514929,CSF2RA
SLC25A29,0.488574743,0.005113494,0.04628279,0.234710744,0.187469408,SLC25A29
FICD,0.555083275,0.005120149,0.046320693,0.221487603,0.177190406,FICD
SUZ12,0.521104276,0.005148925,0.04651377,0.267768595,0.226627509,SUZ12
FLOT1,0.744612873,0.005252556,0.047358783,0.192837466,0.149779736,FLOT1
UGDH,0.443385392,0.005333954,0.048000474,0.248484848,0.205580029,UGDH
CNEP1R1,0.75867784,0.005407075,0.048588611,0.155371901,0.106705825,CNEP1R1
ERH,0.205352977,0.005539003,0.049655288,0.568044077,0.558492413,ERH
