lps_names,lps_logfoldchanges_x,lps_pvals_x,lps_pvals_adj_x,lps_pts_x,UNST_pts_x,1to1_bat_dragon_x,lps_logfoldchanges_y,lps_pvals_y,lps_pvals_adj_y,lps_pts_y,UNST_pts_y,1to1_bat_dragon_y
PTGES,3.37374568,2.85718e-16,1.4951e-14,0.0567908,0.007645592,PTGES,2.746321917,5.83209e-15,2.77868e-13,0.182369146,0.039158101,PTGES
EDN1,2.413235903,0.000641696,0.010299402,0.026670318,0.006127318,EDN1,2.425764084,0.87983414,1.0,0.003305785,0.000489476,EDN1
INHBA,2.350871801,6.16181e-13,2.68971e-11,0.058050383,0.014911615,INHBA,3.082250595,5.6696400000000004e-30,7.002e-28,0.252892562,0.044052863,INHBA
ISG15,2.22980237,0.0,0.0,0.940087623,0.727469906,ISG15,2.336882591,0.052726245,0.338732739,0.046280992,0.010279001,ISG15
TNFAIP6,2.199447393,1.27889e-15,6.46687e-14,0.066757941,0.018869971,TNFAIP6,1.04502666,0.784668067,1.0,0.01046832,0.005384239,TNFAIP6
CABP1,2.197973013,0.000160777,0.002924225,0.029353779,0.006615335,CABP1,0.0,1.0,1.0,0.0,0.0,CABP1
TRANK1,1.963639021,0.0,0.0,0.531982475,0.230669125,TRANK1,-0.332103878,0.30644527,1.0,0.035261708,0.054821341,TRANK1
DDX58,1.941988945,0.0,0.0,0.577820372,0.251979178,DDX58,-1.538184047,8.27629e-05,0.001144054,0.038016529,0.111600587,DDX58
TNIP3,1.885095239,1.37658e-17,7.67518e-16,0.078368018,0.027437371,TNIP3,3.175216675,8.09739e-21,5.98442e-19,0.207162534,0.035731767,TNIP3
DHX58,1.822636962,2.053e-133,6.6362e-131,0.225027382,0.079492463,DHX58,-0.81151849,0.890386641,1.0,0.003305785,0.005873715,DHX58
EIF2AK2,1.808590055,0.0,0.0,0.710131435,0.393341286,EIF2AK2,-0.252760559,0.227191199,1.0,0.060055096,0.083210964,EIF2AK2
HBEGF,1.767315984,5.10851e-06,0.000116474,0.04101862,0.013610238,HBEGF,0.271068186,0.174373554,0.869182248,0.34214876,0.337249143,HBEGF
SOCS1,1.764455914,0.0,0.0,0.44381161,0.188591259,SOCS1,-0.251576871,0.984693354,1.0,0.007713499,0.007342144,SOCS1
PLEKHA4,1.757115006,3.58466e-06,8.33679e-05,0.042661555,0.014857391,PLEKHA4,0.0,1.0,1.0,0.0,0.0,PLEKHA4
TNF,1.692402363,1.45268e-31,1.53923e-29,0.12245345,0.05416983,TNF,3.698753595,2.1751999999999997e-187,6.8056e-184,0.678787879,0.215859031,TNF
OAF,1.680267572,0.001939973,0.027644608,0.027984666,0.009326537,OAF,6.052907467,0.001184363,0.012941127,0.062258953,0.001957905,OAF
SERPINB2,1.654299736,1.14254e-07,3.23447e-06,0.058324206,0.026895131,SERPINB2,0.471349388,0.101018162,0.568609578,0.28815427,0.274106706,SERPINB2
HERC5,1.651212096,0.0,0.0,0.531161008,0.260980371,HERC5,1.166993141,0.587853171,1.0,0.02369146,0.013705335,HERC5
ETV7,1.65069139,3.14926e-19,1.92391e-17,0.081818182,0.027871164,ETV7,-0.568979025,0.505358928,1.0,0.019834711,0.032305433,ETV7
IFIH1,1.650472522,0.0,0.0,0.531489595,0.269656219,IFIH1,0.307102412,0.814601508,1.0,0.217630854,0.226138032,IFIH1
ABHD17C,1.640336871,5.22536e-06,0.00011882,0.0449069,0.017622817,ABHD17C,0.379837304,0.210736829,0.99493179,0.17630854,0.159079785,ABHD17C
MX1,1.611416936,0.0,0.0,0.886801752,0.650200629,MX1,0.0,1.0,1.0,0.0,0.0,MX1
USP18,1.561757326,0.0,0.0,0.404052574,0.18338575,USP18,0.611039639,0.910331179,1.0,0.009917355,0.00783162,USP18
TMEM140,1.555018663,1.2367000000000001e-198,5.7418e-196,0.307064622,0.129595489,TMEM140,0.908395529,0.85624839,1.0,0.008264463,0.004894763,TMEM140
TNFSF10,1.527240753,0.0,0.0,0.78483023,0.513013773,TNFSF10,1.708139777,0.036962474,0.250219822,0.063360882,0.024963289,TNFSF10
UBA7,1.493238211,1.6134400000000002e-40,2.08085e-38,0.134337349,0.054928966,UBA7,-0.168601155,0.937240217,1.0,0.004407713,0.005873715,UBA7
MLKL,1.475318789,0.0,0.0,0.509255203,0.269168203,MLKL,0.636933625,0.871982107,1.0,0.021487603,0.018600098,MLKL
PELI1,1.462816596,9.1222e-93,2.30638e-90,0.224370208,0.106929834,PELI1,0.65236032,0.28022405,1.0,0.096969697,0.078805678,PELI1
STAT2,1.44702518,5.0623e-215,2.4860000000000003e-212,0.344687842,0.164298883,STAT2,0.998229146,0.88735487,1.0,0.006060606,0.003426334,STAT2
SAMD9L,1.444698095,0.0,0.0,0.836254107,0.594675198,SAMD9L,0.802319407,0.133331126,0.707631299,0.130578512,0.107684777,SAMD9L
DTX3L,1.411730647,0.0,0.0,0.740909091,0.47218306,DTX3L,-0.218559027,0.023556316,0.173117858,0.174655647,0.220753793,DTX3L
DRAM1,1.405443549,1.94779e-26,1.7391100000000002e-24,0.132311062,0.072334888,DRAM1,0.297447801,1.51026e-07,3.31199e-06,0.74214876,0.715614293,DRAM1
CEP55,1.403704882,2.42538e-05,0.000507245,0.042990142,0.017622817,CEP55,0.811686814,0.957678507,1.0,0.004407713,0.003426334,CEP55
TRAFD1,1.401679993,1.8358e-305,1.3394e-302,0.434556407,0.226493873,TRAFD1,-0.41157794,1.96632e-07,4.2525e-06,0.25399449,0.363680861,TRAFD1
NUPR1,1.379683375,0.000685031,0.010926267,0.04101862,0.020767813,NUPR1,0.905526161,0.917831409,1.0,0.008264463,0.006363191,NUPR1
IRF7,1.35829401,0.0,0.0,0.797590361,0.550211474,IRF7,0.216585204,0.968422635,1.0,0.00661157,0.005873715,IRF7
OAS3,1.340360999,5.5085e-109,1.563e-106,0.252190581,0.123034378,OAS3,-0.674112201,0.887812391,1.0,0.002754821,0.005384239,OAS3
RSAD2,1.336757898,1.9791999999999998e-52,3.1588099999999997e-50,0.159145674,0.066858258,RSAD2,1.387280107,0.809659815,1.0,0.009366391,0.004894763,RSAD2
NT5C3A,1.324148297,0.0,0.0,0.689649507,0.441871814,NT5C3A,0.123748511,0.979322634,1.0,0.114049587,0.115516397,NT5C3A
IL1B,1.25136292,8.18198e-21,5.4695e-19,0.176560789,0.131330658,IL1B,3.567188025,8.49013e-84,5.49575e-81,0.433057851,0.092511013,IL1B
CITED4,1.235710502,8.33633e-05,0.001593386,0.045016429,0.021418501,CITED4,0.297491968,0.837357638,1.0,0.07768595,0.075379344,CITED4
LUZP1,1.233377934,3.88218e-24,3.15718e-22,0.124424973,0.064906192,LUZP1,0.613791108,1.0994e-06,2.11022e-05,0.390633609,0.324033284,LUZP1
TOR3A,1.224291325,1.4619999999999998e-255,8.888899999999999e-253,0.433077766,0.235983082,TOR3A,-0.081394635,0.113318174,0.623083994,0.198347107,0.234948605,TOR3A
TDRD7,1.200635195,7.04728e-21,4.74826e-19,0.104271632,0.047879839,TDRD7,-0.299509078,0.158162445,0.80592438,0.049586777,0.077337249,TDRD7
STARD4,1.179197669,7.5154e-129,2.3693e-126,0.303285871,0.163214402,STARD4,1.663452744,1.44213e-15,7.21911e-14,0.252892562,0.115026921,STARD4
IL15,1.175938606,1.9898900000000001e-44,2.70287e-42,0.163691128,0.079709359,IL15,-1.941466808,2.5986e-09,7.29161e-08,0.046280992,0.15712188,IL15
ADORA2A,1.166218758,0.000170429,0.00307568,0.041456736,0.018815747,ADORA2A,0.0,1.0,1.0,0.0,0.0,ADORA2A
GBP1_LOC107512699,1.161271214,0.0,0.0,0.685323111,0.525593753,GBP1,,,,,,
GFPT1,1.147783995,8.82167e-30,8.90396e-28,0.161993428,0.098958898,GFPT1,0.271285623,0.857203145,1.0,0.133884298,0.142437592,GFPT1
CMTR1,1.103031397,3.2528999999999997e-136,1.0788e-133,0.328477547,0.18311463,CMTR1,0.401907653,0.32226593,1.0,0.087603306,0.069505629,CMTR1
STAT1,1.092862129,0.0,0.0,0.740525739,0.535787876,STAT1,-0.272801608,0.151895701,0.782702745,0.066115702,0.093489966,STAT1
ENPP4,1.07469368,6.983599999999999e-22,5.080719999999999e-20,0.116976999,0.059266891,ENPP4,-0.509473205,0.000210736,0.002715119,0.132231405,0.204601077,ENPP4
PTAFR,1.073124528,2.58455e-09,8.64994e-08,0.08143483,0.046307342,PTAFR,0.128242984,0.714681458,1.0,0.217630854,0.231522271,PTAFR
IFI35,1.047304153,2.1736e-269,1.4232e-266,0.518510405,0.341828435,IFI35,0.23840861,0.356035198,1.0,0.272727273,0.272638277,IFI35
NOD1,1.04099524,1.08505e-17,6.06296e-16,0.104764513,0.053139573,NOD1,-0.544274569,5.48373e-05,0.000785806,0.180165289,0.259422418,NOD1
UBE2L6,1.040215731,2.17941e-24,1.77806e-22,0.120427163,0.058507754,UBE2L6,1.776682138,0.576602099,1.0,0.014325069,0.00391581,UBE2L6
RAB19,1.038285613,5.09789e-47,7.272609999999999e-45,0.191949617,0.107092506,RAB19,3.049977541,0.903182955,1.0,0.002754821,0.000489476,RAB19
RNF19B,1.023966908,4.4198900000000004e-29,4.32438e-27,0.147754655,0.081498753,RNF19B,0.243644163,0.470436253,1.0,0.242975207,0.24082232,RNF19B
ZCWPW2,1.010592699,7.27424e-22,5.27713e-20,0.124479737,0.066966706,ZCWPW2,0.0,1.0,1.0,0.0,0.0,ZCWPW2
PARP11,0.9995597,1.7415299999999998e-35,2.05888e-33,0.168181818,0.094404078,PARP11,0.252653807,0.540632869,1.0,0.188980716,0.185022026,PARP11
XAF1,0.997481823,3.6780999999999997e-163,1.3418e-160,0.400054765,0.241134367,XAF1,-0.155191049,0.406414313,1.0,0.056198347,0.072442487,XAF1
SLC39A14,0.993997753,1.73177e-12,7.38273e-11,0.105914567,0.064960416,SLC39A14,0.480608374,0.849026454,1.0,0.026446281,0.023005384,SLC39A14
PXK,0.987327814,8.719919999999999e-57,1.51478e-54,0.221467689,0.128348335,PXK,-0.477074414,0.047609149,0.310727457,0.068319559,0.106705825,PXK
PECAM1,0.983907878,2.8739699999999997e-27,2.63991e-25,0.176013143,0.116039475,PECAM1,2.073374271,0.366460099,1.0,0.023140496,0.006363191,PECAM1
ATF3,0.982738614,3.23645e-10,1.15266e-08,0.085104053,0.047608719,ATF3,0.229430988,0.414085393,1.0,0.290358127,0.288301517,ATF3
RIPK2,0.981936097,4.54444e-57,8.003230000000001e-55,0.229134721,0.138108665,RIPK2,1.40587616,5.73568e-11,1.97198e-09,0.241322314,0.129221733,RIPK2
LRP8,0.977938414,1.17018e-05,0.000253236,0.059145674,0.032914001,LRP8,0.465508014,0.817412593,1.0,0.016528926,0.012236907,LRP8
UPP1,0.969369769,9.035949999999999e-37,1.10403e-34,0.173439211,0.09830821,UPP1,0.11352101,0.739814013,1.0,0.203856749,0.220264317,UPP1
SLC41A2,0.958114803,4.53914e-11,1.72231e-09,0.090909091,0.051729747,SLC41A2,1.449945092,3.59433e-58,1.1436100000000001e-55,0.558126722,0.321585903,SLC41A2
SDC4,0.951984286,2.35197e-17,1.28608e-15,0.137951807,0.090066153,SDC4,1.103098154,1.73291e-70,7.56517e-68,0.814325069,0.738619677,SDC4
USP25,0.950966835,2.9315e-115,8.7046e-113,0.3432092,0.211528034,USP25,-0.248571947,0.006855507,0.06010816,0.213774105,0.270190896,USP25
MOV10,0.945150614,8.261199999999999e-113,2.4248e-110,0.34101862,0.211094241,MOV10,3.149773121,0.065772569,0.406948805,0.042424242,0.008321096,MOV10
SLCO4A1,0.944983423,0.002273025,0.031804916,0.03871851,0.02033402,SLCO4A1,0.61402607,0.96591778,1.0,0.002754821,0.001957905,SLCO4A1
LGALS9,0.944101274,3.1484e-168,1.2181e-165,0.433406353,0.280826375,LGALS9,0.042474642,0.690580191,1.0,0.068319559,0.076847773,LGALS9
GALNT3,0.94147414,1.01314e-05,0.000221313,0.054819277,0.028142284,GALNT3,0.0,1.0,1.0,0.0,0.0,GALNT3
PRRG2,0.937990367,6.7185e-05,0.00130765,0.053723987,0.02982323,PRRG2,-19.77614594,0.937159598,1.0,0.0,0.001468429,PRRG2
SH3PXD2B,0.936073959,5.64393e-08,1.65216e-06,0.079299014,0.047120703,SH3PXD2B,1.204954386,1.31853e-07,2.91193e-06,0.236363636,0.151248164,SH3PXD2B
RNF24,0.929863214,9.53369e-06,0.000208614,0.062979189,0.036547012,RNF24,-0.845538139,0.738174647,1.0,0.005509642,0.01174743,RNF24
NAMPT,0.927411497,5.9095599999999995e-92,1.47948e-89,0.321522453,0.210606225,NAMPT,1.679841995,1.8605399999999998e-92,1.83821e-89,0.662809917,0.414096916,NAMPT
PIK3AP1,0.924714506,1.50147e-31,1.58437e-29,0.18263965,0.116473268,PIK3AP1,-0.276597381,0.096869569,0.549874676,0.089807163,0.122858541,PIK3AP1
RGS1,0.923557997,6.53961e-54,1.07048e-51,0.25788609,0.172649387,RGS1,-0.378991395,0.228380248,1.0,0.050137741,0.072931963,RGS1
PSMF1,0.918174207,1.39566e-82,3.23996e-80,0.297097481,0.18739833,PSMF1,0.363656461,0.896913188,1.0,0.037465565,0.035242291,PSMF1
NMI,0.917847037,5.2605000000000005e-154,1.8152999999999998e-151,0.42524644,0.277844052,NMI,-0.40654245,0.012350982,0.09955029,0.111294766,0.160548213,NMI
DUSP5,0.917560399,1.37624e-16,7.30637e-15,0.102738226,0.052380436,DUSP5,0.88433522,0.249316765,1.0,0.04738292,0.025942242,DUSP5
RNF213,0.909987211,0.0,0.0,0.712486309,0.543433467,RNF213,1.189821005,2.28053e-17,1.32539e-15,0.403305785,0.28536466,RNF213
LDLR,0.904566765,1.11387e-09,3.87516e-08,0.09271632,0.056881032,LDLR,1.744568467,1.1080199999999999e-51,2.63288e-49,0.480991736,0.247185512,LDLR
CASP1_LOC107504294,0.897465289,2.80733e-26,2.48056e-24,0.198411829,0.146079601,CASP1,,,,,,
GPR65,0.885461986,2.33563e-75,5.012e-73,0.295728368,0.192170047,GPR65,0.827440917,0.040111332,0.269042189,0.115702479,0.07978463,GPR65
CFLAR,0.883155107,3.738e-111,1.0725e-108,0.370920044,0.24959332,CFLAR,1.509573221,1.93976e-27,2.06894e-25,0.358677686,0.176211454,CFLAR
SNX10,0.877019823,9.648489999999999e-57,1.6647600000000001e-54,0.317141292,0.24585186,SNX10,1.454485774,8.36534e-46,1.7448199999999999e-43,0.53553719,0.362701909,SNX10
TRIM25,0.874698877,6.10815e-98,1.6080199999999998e-95,0.333625411,0.2134801,TRIM25,-0.624070108,3.39598e-10,1.07685e-08,0.21322314,0.332843857,TRIM25
PARP9,0.861146688,2.8782000000000003e-196,1.2894000000000002e-193,0.533789704,0.372681922,PARP9,-0.429818004,0.997377498,1.0,0.000550964,0.000489476,PARP9
SLC2A6,0.856950641,3.78235e-09,1.24467e-07,0.095454545,0.060785164,SLC2A6,1.61288178,0.044664412,0.294499594,0.060606061,0.02349486,SLC2A6
UBALD2,0.851067662,1.1034000000000001e-159,3.9685999999999996e-157,0.481380066,0.336297582,UBALD2,-0.536979854,0.015889506,0.123664096,0.090909091,0.137053353,UBALD2
TBK1,0.831064522,3.22399e-68,6.533959999999999e-66,0.289485214,0.188970827,TBK1,0.444565773,0.039801748,0.267270915,0.26446281,0.239353891,TBK1
ZNF618,0.828579724,8.39498e-35,9.70019e-33,0.19271632,0.119780935,ZNF618,0.401838183,0.551745203,1.0,0.049035813,0.038179148,ZNF618
STX11,0.812315404,1.81228e-48,2.6905999999999997e-46,0.248576123,0.165112244,STX11,1.937080264,0.507647495,1.0,0.018181818,0.005873715,STX11
ZCCHC2,0.801885426,3.98416e-34,4.52175e-32,0.192935378,0.119943607,ZCCHC2,0.474024266,0.565708283,1.0,0.0815427,0.072442487,ZCCHC2
TAPBP_LOC107511979,0.787661135,1.7326e-196,7.9007e-194,0.583187295,0.433629758,TAPBP,,,,,,
IL1RN,0.785724819,1.54042e-09,5.29423e-08,0.183351588,0.159147598,IL1RN,0.052018523,0.918877214,1.0,0.026446281,0.024473813,IL1RN
MORC3,0.785006523,4.2587000000000005e-158,1.5104e-155,0.521522453,0.380707082,MORC3,-0.037858896,0.373789487,1.0,0.591184573,0.620166422,MORC3
OAZ2,0.777130902,0.001478416,0.021659687,0.046221249,0.027057803,OAZ2,-0.343336552,0.00724161,0.062818622,0.176859504,0.232501224,OAZ2
GABRR2,0.776256382,0.000218886,0.003868148,0.058269441,0.03611322,GABRR2,-18.42133713,0.97903391,1.0,0.0,0.000489476,GABRR2
CD226,0.770989656,0.000905517,0.014031122,0.047316539,0.027220475,CD226,0.503877878,0.95532522,1.0,0.009366391,0.008321096,CD226
HCK,0.768985212,3.31776e-09,1.09886e-07,0.141073384,0.109695261,HCK,2.287786245,0.000147647,0.001951849,0.094214876,0.023984337,HCK
PLK2,0.768256724,1.97743e-08,6.10589e-07,0.073384447,0.039312439,PLK2,3.688082695,7.08455e-61,2.41802e-58,0.355922865,0.059226628,PLK2
RBM43,0.762097239,2.6078500000000003e-70,5.41415e-68,0.313307777,0.2091964,RBM43,0.438441783,0.890283649,1.0,0.022589532,0.020068527,RBM43
RNF114,0.757373691,3.5511699999999996e-51,5.46281e-49,0.257009858,0.167769222,RNF114,0.072767898,0.85310147,1.0,0.262809917,0.274596182,RNF114
CPNE8,0.756966889,2.02954e-06,4.92178e-05,0.06966046,0.040939161,CPNE8,1.668271422,8.18223e-38,1.38376e-35,0.41322314,0.204111601,CPNE8
USP15,0.756722033,4.8273e-112,1.4007999999999999e-109,0.437020811,0.314716408,USP15,0.244168997,0.106400799,0.592616207,0.309090909,0.292706804,USP15
PARP12,0.756449819,7.95604e-68,1.5997299999999998e-65,0.301588171,0.198514261,PARP12,-0.165845439,0.010351711,0.085717826,0.242975207,0.301517376,PARP12
SPRED1,0.754180849,0.000303872,0.005193895,0.065936473,0.044626396,SPRED1,-0.099675082,0.419252263,1.0,0.04738292,0.063142438,SPRED1
PSME2,0.753304303,2.2877e-255,1.3586e-252,0.722289157,0.583342371,PSME2,-0.681315482,1.22575e-11,4.44204e-10,0.273829201,0.398923152,PSME2
VPS54,0.745819569,1.2287799999999999e-22,9.22888e-21,0.164512596,0.106441818,VPS54,0.08610189,0.979241791,1.0,0.090909091,0.093000489,VPS54
JUNB,0.744704068,1.3921e-135,4.5575e-133,0.501040526,0.373115714,JUNB,0.505969703,0.259073867,1.0,0.123415978,0.10474792,JUNB
ATXN3,0.744090855,7.520670000000001e-28,7.06058e-26,0.200054765,0.137891769,ATXN3,0.106630862,0.973133047,1.0,0.07768595,0.078316202,ATXN3
CMPK2,0.742408812,8.75082e-97,2.28021e-94,0.385980285,0.26244442,CMPK2,-0.891051292,0.530876436,1.0,0.008815427,0.020558003,CMPK2
SLC37A3,0.738168955,7.14232e-08,2.06553e-06,0.084446878,0.052000868,SLC37A3,0.587798059,8.98697e-14,3.88718e-12,0.612672176,0.545276554,SLC37A3
EMILIN2,0.736387312,2.62752e-14,1.24023e-12,0.158926616,0.117991541,EMILIN2,0.763029456,0.008631412,0.07331623,0.194490358,0.154674498,EMILIN2
TFEC,0.733353019,6.77988e-08,1.9674e-06,0.123220153,0.093861837,TFEC,1.101557136,8.64143e-08,1.99014e-06,0.214876033,0.119432208,TFEC
DUSP12,0.731584191,3.46438e-15,1.70128e-13,0.142935378,0.097006832,DUSP12,-0.817307055,0.574764804,1.0,0.011019284,0.021536955,DUSP12
NFKB2,0.73108834,5.28722e-36,6.30909e-34,0.225575027,0.152803384,NFKB2,0.102814466,0.851761612,1.0,0.067217631,0.071463534,NFKB2
OTUD4,0.726096988,2.43683e-25,2.07423e-23,0.172727273,0.110074829,OTUD4,0.121965632,0.848300409,1.0,0.060055096,0.06412139,OTUD4
SIRT1,0.720451951,1.3069e-26,1.1751100000000002e-24,0.181106243,0.117123956,SIRT1,-0.119362332,0.133402287,0.707808856,0.201652893,0.235927558,SIRT1
PIM3,0.717488527,2.18439e-31,2.2955000000000002e-29,0.207721796,0.139355818,PIM3,0.131723687,0.371274366,1.0,0.160330579,0.183553598,PIM3
GSAP_LOC107511514,0.71437943,8.19763e-13,3.55407e-11,0.129079956,0.08708383,GSAP,,,,,,
GGCT,0.703582883,3.62653e-29,3.58942e-27,0.209200438,0.144073311,GGCT,-1.21899581,0.009562024,0.079954706,0.03030303,0.078805678,GGCT
LMO2,0.70333606,3.44287e-13,1.52634e-11,0.143702081,0.102212341,LMO2,-0.579424918,2.13099e-05,0.000331425,0.092561983,0.17670093,LMO2
CHCHD7,0.700347543,1.52559e-07,4.2623e-06,0.094140197,0.063008351,CHCHD7,-0.29911989,0.000104692,0.001420503,0.315702479,0.395986295,CHCHD7
NFE2L3,0.697788358,1.11082e-13,5.0744e-12,0.143154436,0.1003145,NFE2L3,0.139795989,0.835570757,1.0,0.032506887,0.03671072,NFE2L3
BID,0.697278142,4.49053e-38,5.62108e-36,0.251040526,0.178668257,BID,1.14113903,0.004337669,0.040571366,0.121763085,0.07195301,BID
PCGF5,0.684821725,4.12049e-23,3.2172999999999997e-21,0.17245345,0.11289448,PCGF5,0.169025674,0.902128009,1.0,0.025895317,0.028389623,PCGF5
SLC7A11,0.678115547,5.11517e-08,1.50832e-06,0.107447974,0.075751003,SLC7A11,-0.622077584,2.69159e-23,2.27597e-21,0.712947658,0.820362212,SLC7A11
NABP1,0.675427377,2.0169800000000002e-32,2.18244e-30,0.218400876,0.147760547,NABP1,0.220716909,0.366252672,1.0,0.290358127,0.283406755,NABP1
HEG1,0.671990514,5.38675e-06,0.000122164,0.07135816,0.043704587,HEG1,21.72583199,0.835955205,1.0,0.003856749,0.0,HEG1
BCL3,0.671967566,2.21302e-27,2.0401299999999999e-25,0.203176342,0.139355818,BCL3,2.07574296,0.087592402,0.510346053,0.046280992,0.014684288,BCL3
NYAP2,0.671241224,0.003172737,0.042462792,0.056133625,0.038607526,NYAP2,0.0,1.0,1.0,0.0,0.0,NYAP2
TOR1B,0.66801399,6.96479e-11,2.59261e-09,0.111555312,0.07222644,TOR1B,3.219720125,0.950158614,1.0,0.001652893,0.000489476,TOR1B
FAM111A,0.666683674,0.001258322,0.018823056,0.059036145,0.039746231,FAM111A,-0.892050087,0.483254121,1.0,0.013774105,0.026921194,FAM111A
HIGD1A,0.666677535,2.19559e-89,5.44337e-87,0.426779847,0.319976141,HIGD1A,0.36464861,1.6684299999999999e-21,1.27836e-19,0.855647383,0.846304454,HIGD1A
GADD45B,0.665868044,6.6426399999999996e-21,4.50226e-19,0.18422782,0.129378592,GADD45B,0.676568151,0.818650216,1.0,0.031955923,0.027900147,GADD45B
AZI2,0.664826214,3.5867e-34,4.0888400000000004e-32,0.229134721,0.156599067,AZI2,0.45368588,0.150054268,0.774958091,0.185123967,0.165932452,AZI2
PSMB9,0.663410544,4.4317e-238,2.572e-235,0.770043812,0.658280013,PSMB9,-0.390970647,0.000941759,0.010592395,0.188980716,0.254527655,PSMB9
TRIM56,0.662778795,4.42878e-42,5.82955e-40,0.26128149,0.180837219,TRIM56,-0.08097598,0.746613497,1.0,0.022589532,0.028879099,TRIM56
PNPT1,0.662495613,4.95245e-05,0.000981876,0.069167579,0.04468062,PNPT1,0.636525512,0.151974352,0.782893121,0.109641873,0.085658346,PNPT1
IFI27_LOC107511262,0.660703242,9.02376e-85,2.1336200000000002e-82,0.492059146,0.39887214,IFI27,,,,,,
QSOX1,0.65680337,1.86546e-05,0.00039565,0.070646221,0.044789068,QSOX1,0.429476172,0.693100702,1.0,0.085399449,0.080274107,QSOX1
SLC43A2,0.653438449,0.001960005,0.027898931,0.056352683,0.03784839,SLC43A2,-0.35625428,6.7415e-06,0.000113703,0.429752066,0.518844836,SLC43A2
GLIPR1,0.652547538,5.91513e-42,7.746090000000001e-40,0.266374589,0.185608936,GLIPR1,-0.363703907,0.712694102,1.0,0.017630854,0.024473813,GLIPR1
UBE2J1,0.652444422,7.22372e-17,3.89166e-15,0.160733844,0.111809999,UBE2J1,0.859502554,7.7633e-10,2.328e-08,0.300826446,0.197258933,UBE2J1
HIPK2,0.652378201,0.003292708,0.043930303,0.050273823,0.032588656,HIPK2,1.25910306,0.824529414,1.0,0.01046832,0.006363191,HIPK2
SOCS3,0.649422467,2.89157e-10,1.03561e-08,0.113636364,0.075805227,SOCS3,3.56925106,3.79104e-16,1.98786e-14,0.173553719,0.02349486,SOCS3
ELMO2,0.642630816,5.11635e-05,0.00100811,0.074589266,0.050374146,ELMO2,0.40607053,0.418327432,1.0,0.142699725,0.13215859,ELMO2
CLIC4,0.632101238,4.68404e-23,3.6246e-21,0.191511501,0.132577812,CLIC4,0.517611504,0.695078906,1.0,0.053443526,0.046500245,CLIC4
USP37,0.632015049,4.25837e-17,2.31366e-15,0.163800657,0.114087409,USP37,0.183493018,0.989695105,1.0,0.119559229,0.121390113,USP37
JAK2,0.628945112,2.3452299999999998e-20,1.5161500000000002e-18,0.175629792,0.120052055,JAK2,-0.2420488,0.008547688,0.072703757,0.216528926,0.273127753,JAK2
RHOC,0.628714561,0.000161585,0.002934731,0.073165389,0.05069949,RHOC,0.084391341,0.075868971,0.458979158,0.714600551,0.721977484,RHOC
IER3,0.627231598,2.25607e-14,1.07129e-12,0.172508215,0.129703937,IER3,1.169118762,7.41653e-31,9.53583e-29,0.541597796,0.407244249,IER3
SNAPC1,0.626309693,1.8678499999999998e-20,1.21988e-18,0.183953998,0.128999024,SNAPC1,0.142157659,0.899548709,1.0,0.194490358,0.199216838,SNAPC1
PSMB8,0.62590003,0.0,0.0,0.907447974,0.840364386,PSMB8,-0.433460563,3.54064e-12,1.33464e-10,0.586225895,0.674008811,PSMB8
PLGRKT,0.621188402,3.12295e-54,5.1450099999999995e-52,0.329956188,0.242598417,PLGRKT,0.047317524,0.452040896,1.0,0.108539945,0.125795399,PLGRKT
SETBP1,0.6205405,0.0021808,0.030648818,0.051533406,0.032968225,SETBP1,-0.952470362,0.777176847,1.0,0.009917355,0.015173764,SETBP1
VCPIP1,0.619901538,3.21322e-32,3.46215e-30,0.236363636,0.166034053,VCPIP1,0.396657467,0.459652113,1.0,0.260055096,0.266275086,VCPIP1
TAP1,0.617573261,1.07172e-75,2.3391000000000002e-73,0.401807229,0.292484546,TAP1,-0.28185153,4.21443e-05,0.00062001,0.457300275,0.544297602,TAP1
IRAK2,0.616570473,1.1622300000000002e-28,1.12847e-26,0.229025192,0.163973539,IRAK2,1.136332631,9.64095e-14,4.13196e-12,0.330578512,0.215859031,IRAK2
GAS7,0.614140809,1.24405e-05,0.000268765,0.104162103,0.079329791,GAS7,2.589046955,3.48682e-15,1.68264e-13,0.196694215,0.055800294,GAS7
MARCKSL1,0.613732159,0.000178112,0.003203013,0.057721796,0.034866067,MARCKSL1,1.889269948,8.69277e-08,1.99487e-06,0.150964187,0.053842389,MARCKSL1
TERF2IP_LOC107502665,0.609666526,8.63796e-17,4.6243e-15,0.167305586,0.117883093,TERF2IP,,,,,,
PDCD1LG2,0.608698547,1.20593e-13,5.47948e-12,0.152464403,0.108936124,PDCD1LG2,0.843862712,2.23831e-07,4.78016e-06,0.308539945,0.232011747,PDCD1LG2
SLC25A28,0.605785847,9.56063e-09,3.03657e-07,0.103176342,0.068322308,SLC25A28,0.062755987,0.340455232,1.0,0.179063361,0.205090553,SLC25A28
PIM2,0.605636179,6.81752e-20,4.2985700000000004e-18,0.185213582,0.13149333,PIM2,1.996717811,1.1401199999999998e-45,2.33019e-43,0.430853994,0.186979931,PIM2
MVB12A,0.604691029,9.87941e-23,7.463919999999999e-21,0.201533406,0.144127535,MVB12A,-0.202282518,0.34233616,1.0,0.09862259,0.116984826,MVB12A
LGALS8,0.604343653,1.30443e-32,1.4235e-30,0.251204819,0.182572389,LGALS8,-0.027328353,0.497295579,1.0,0.383471074,0.408223201,LGALS8
BRIP1,0.602223635,0.000257479,0.004475817,0.064622125,0.042511658,BRIP1,0.274706274,0.844128165,1.0,0.01046832,0.014194812,BRIP1
TCEANC2,0.602113783,3.22791e-07,8.70412e-06,0.103669222,0.073365145,TCEANC2,0.097863391,0.684421596,1.0,0.061157025,0.069505629,TCEANC2
B3GNT2,0.591021419,1.21903e-16,6.4988e-15,0.163964951,0.114250081,B3GNT2,-0.516476989,0.083281731,0.491933495,0.048484848,0.081742535,B3GNT2
SNX6,0.59069705,1.2489500000000002e-61,2.3624599999999998e-59,0.380722892,0.288417742,SNX6,-0.212096363,0.01370564,0.109110382,0.291460055,0.345080764,SNX6
TNFAIP3,0.590574265,3.1351699999999994e-51,4.8521e-49,0.378477547,0.303654701,TNFAIP3,1.839911342,8.836680000000001e-67,3.5294099999999995e-64,0.529476584,0.272638277,TNFAIP3
SLC46A2,0.590257347,2.75816e-07,7.50079e-06,0.12584885,0.096735712,SLC46A2,-2.663772345,0.818065101,1.0,0.001101928,0.005384239,SLC46A2
HIF1A,0.58986485,1.27622e-71,2.67128e-69,0.449233297,0.364819434,HIF1A,0.538643777,3.06962e-07,6.38835e-06,0.444077135,0.389623103,HIF1A
STAT3,0.585499704,6.76721e-46,9.340950000000001e-44,0.313143483,0.229476196,STAT3,0.797901452,1.61924e-06,3.01086e-05,0.306887052,0.240332844,STAT3
PLAGL2,0.58479178,1.65746e-10,6.0378e-09,0.129791895,0.091855547,PLAGL2,0.507379889,0.910790389,1.0,0.009917355,0.00783162,PLAGL2
ARHGEF3,0.581344366,2.7208e-11,1.0527e-09,0.13143483,0.091421755,ARHGEF3,-0.892621577,0.887881023,1.0,0.002754821,0.005384239,ARHGEF3
ZC3H12A,0.580689788,4.52465e-05,0.000903373,0.074479737,0.049831905,ZC3H12A,2.232460976,0.272273039,1.0,0.029201102,0.008810573,ZC3H12A
MCOLN2,0.578989565,0.000146209,0.002680253,0.073713034,0.050916387,MCOLN2,0.153115705,0.979415026,1.0,0.004407713,0.004894763,MCOLN2
SLC39A12,0.57664299,9.53942e-07,2.4287e-05,0.09381161,0.064147056,SLC39A12,-20.09550667,0.958082295,1.0,0.0,0.000978953,SLC39A12
SH2B2,0.573759496,3.4698e-05,0.000709406,0.063800657,0.038444854,SH2B2,-0.540902019,0.890432416,1.0,0.003305785,0.005873715,SH2B2
CREM,0.571960568,2.82058e-19,1.72725e-17,0.188882804,0.13523479,CREM,-0.854248166,0.448530859,1.0,0.013774105,0.027900147,CREM
SHISA5,0.570332646,2.842e-163,1.0518e-160,0.783351588,0.665546036,SHISA5,0.253015637,1.39187e-05,0.000224469,0.7184573,0.719530103,SHISA5
LYSMD2,0.569562554,5.7188e-23,4.39865e-21,0.198192771,0.138054441,LYSMD2,-0.691516936,0.134047816,0.710729682,0.038016529,0.066079295,LYSMD2
MFSD12,0.568326116,1.02529e-08,3.24033e-07,0.136582694,0.104164407,MFSD12,-0.336292475,6.01457e-08,1.41841e-06,0.603305785,0.70680372,MFSD12
NFKB1,0.565945268,1.78969e-35,2.10606e-33,0.300054765,0.233705672,NFKB1,0.324701458,8.98849e-05,0.00123252,0.539944904,0.51835536,NFKB1
CD38,0.562826395,0.001508575,0.022063561,0.047754655,0.028413404,CD38,-2.153325796,0.406553472,1.0,0.00661157,0.022026432,CD38
NFKBIA,0.555132031,5.01065e-86,1.20709e-83,0.632311062,0.555308535,NFKBIA,1.446281075,1.18178e-84,8.87376e-82,0.738292011,0.539892315,NFKBIA
RICTOR,0.547203839,9.897530000000001e-67,1.94418e-64,0.436966046,0.337165166,RICTOR,0.447497576,0.111008667,0.613078758,0.104683196,0.074889868,RICTOR
ZNHIT6,0.544342697,3.6226399999999997e-37,4.46897e-35,0.297097481,0.221451036,ZNHIT6,-0.112865314,0.673118472,1.0,0.03415978,0.042094958,ZNHIT6
YAF2,0.544070363,6.56892e-42,8.55837e-40,0.318455641,0.238260492,YAF2,-0.40245837,2.65415e-08,6.56438e-07,0.360881543,0.479197259,YAF2
SLC2A3,0.542634726,2.60441e-07,7.11297e-06,0.12135816,0.091259083,SLC2A3,0.5937711,3.5417e-11,1.22892e-09,0.547107438,0.481155164,SLC2A3
RHCE,0.542173624,0.002207859,0.030977956,0.05898138,0.040451144,RHCE,2.163712263,0.9239933,1.0,0.002754821,0.000978953,RHCE
PSTPIP2,0.540605485,6.83114e-13,2.97172e-11,0.178915663,0.138379785,PSTPIP2,2.043101311,1.7392e-135,2.7207e-132,0.717355372,0.444444444,PSTPIP2
GRIPAP1,0.535669982,2.9938099999999997e-25,2.5231e-23,0.236308872,0.174438781,GRIPAP1,0.080014475,0.384350562,1.0,0.11184573,0.13215859,GRIPAP1
CHMP5,0.530908644,8.256019999999999e-31,8.570160000000001e-29,0.281763417,0.217980696,CHMP5,0.306568265,1.29591e-07,2.86874e-06,0.678236915,0.668135095,CHMP5
APLP2,0.528736889,2.31164e-12,9.75704e-11,0.231818182,0.202255721,APLP2,0.093547061,0.056878339,0.360716276,0.714049587,0.721488008,APLP2
TCF4,0.528385639,1.39432e-29,1.39629e-27,0.319003286,0.259462097,TCF4,0.334488064,0.972798205,1.0,0.033608815,0.033284386,TCF4
RAD52,0.527816117,0.001210621,0.018142261,0.0567908,0.037035029,RAD52,-0.023410417,0.984704905,1.0,0.005509642,0.005873715,RAD52
EHD4,0.527466834,3.11663e-13,1.38894e-11,0.174972618,0.132848932,EHD4,0.08848352,0.244570969,1.0,0.632506887,0.641213901,EHD4
PTPN2,0.526330173,4.00053e-59,7.34947e-57,0.419222344,0.328760438,PTPN2,0.51664865,1.49394e-13,6.34484e-12,0.600550964,0.539402839,PTPN2
DNAJA1,0.525633335,1.87718e-95,4.84197e-93,0.590306681,0.494306474,DNAJA1,0.233398557,0.000403481,0.004899184,0.631955923,0.619187469,DNAJA1
PLOD3,0.524501503,0.000478739,0.007887152,0.076013143,0.055145863,PLOD3,1.044204235,2.46148e-06,4.49047e-05,0.220936639,0.144395497,PLOD3
TMEM50A,0.521645725,5.46227e-57,9.553730000000001e-55,0.423220153,0.337327839,TMEM50A,-0.185491219,0.010202403,0.084668218,0.758677686,0.82329907,TMEM50A
RNASEH2B,0.519777,3.20431e-05,0.000655652,0.092661555,0.067888515,RNASEH2B,-0.463591099,0.009707853,0.080993698,0.099724518,0.150269212,RNASEH2B
FOSL2,0.51867485,0.000620691,0.009968525,0.083077766,0.062845678,FOSL2,0.209891245,0.785502909,1.0,0.107438017,0.10474792,FOSL2
RAPGEF2,0.51741457,4.2161e-14,1.97545e-12,0.139759036,0.09256046,RAPGEF2,-0.341442823,0.001172382,0.012825152,0.14214876,0.207537934,RAPGEF2
PRDM1,0.516386032,1.42849e-15,7.19486e-14,0.184939759,0.1375122,PRDM1,-0.649643362,0.672854261,1.0,0.012672176,0.020558003,PRDM1
PDE8A,0.516300499,0.000361435,0.006084123,0.075575027,0.05416983,PDE8A,0.904077709,1.02987e-06,1.98473e-05,0.259504132,0.181595693,PDE8A
CALCOCO2,0.515707135,7.12352e-16,3.65274e-14,0.193154436,0.146188049,CALCOCO2,0.014219029,0.796791462,1.0,0.768044077,0.767498776,CALCOCO2
GTPBP2,0.515236139,0.000117046,0.002183259,0.078313253,0.054983191,GTPBP2,-0.182910874,0.884107555,1.0,0.024242424,0.026921194,GTPBP2
CHD1,0.51487726,5.5617899999999994e-52,8.82149e-50,0.400219058,0.314553736,CHD1,0.499396801,2.88772e-05,0.000438224,0.437465565,0.390602056,CHD1
RAB20,0.51073736,1.3156e-05,0.000283025,0.110733844,0.085348661,RAB20,-0.774881184,2.44029e-07,5.17618e-06,0.133333333,0.232011747,RAB20
IRF9,0.509927452,2.7529100000000002e-55,4.65552e-53,0.411664841,0.318132524,IRF9,-0.333219558,0.025175158,0.183086623,0.09862259,0.142437592,IRF9
PMAIP1,0.509609699,1.15263e-19,7.17728e-18,0.208050383,0.153074504,PMAIP1,-0.138918534,0.935201892,1.0,0.008264463,0.009789525,PMAIP1
PLEK,0.509396195,1.0922899999999999e-20,7.19308e-19,0.368455641,0.339605249,PLEK,0.688123584,6.91947e-39,1.2254e-36,0.828650138,0.764072442,PLEK
SLC15A3,0.505879104,0.000346298,0.005852459,0.085377875,0.064255504,SLC15A3,0.153028071,0.760602163,1.0,0.158126722,0.155653451,SLC15A3
MXD1,0.505486965,2.60467e-09,8.70587e-08,0.168893757,0.135831255,MXD1,0.311218172,0.206351663,0.978931873,0.280991736,0.273127753,MXD1
ETV6,0.504470944,3.50127e-12,1.46331e-10,0.163910186,0.122871706,ETV6,0.513653874,0.135474964,0.71597298,0.143250689,0.117963779,ETV6
ATAD1,0.50297904,4.8185e-13,2.11782e-11,0.168455641,0.12547446,ATAD1,-0.309749275,0.001062991,0.011772545,0.282644628,0.346059716,ATAD1
CTTNBP2NL,0.502113879,0.00343643,0.045491273,0.082201533,0.065339985,CTTNBP2NL,0.443618566,0.070631299,0.432983773,0.268319559,0.250611845,CTTNBP2NL
NCF1,0.50176239,2.77545e-10,9.95419e-09,0.194797371,0.162943282,NCF1,2.177073956,1.13734e-54,2.96529e-52,0.428099174,0.172295644,NCF1
MAFB,0.500541925,5.39623e-09,1.75539e-07,0.155805038,0.12265481,MAFB,-0.626023412,8.4393399999999995e-22,6.628589999999999e-20,0.63415978,0.779735683,MAFB
CHKA,0.494600028,2.58988e-07,7.08085e-06,0.114238773,0.083233923,CHKA,-0.519656837,1.65846e-12,6.37963e-11,0.315702479,0.457660303,CHKA
POLB,0.489537507,8.3064e-12,3.35091e-10,0.173110624,0.133445396,POLB,-0.364858955,0.000315657,0.003921587,0.191735537,0.265296133,POLB
DNAJC13,0.48951298,1.80655e-19,1.11161e-17,0.230065717,0.177963345,DNAJC13,-0.55063796,1.34016e-10,4.39817e-09,0.276584022,0.395496818,DNAJC13
ANKFY1,0.488134772,5.57182e-22,4.0652e-20,0.242223439,0.185175144,ANKFY1,0.21396862,0.790082198,1.0,0.092561983,0.088595203,ANKFY1
SAT1,0.487582684,2.34341e-54,3.88579e-52,0.491128149,0.420995554,SAT1,-0.956361473,0.026914384,0.193207198,0.05785124,0.098384728,SAT1
BCL2A1,0.484006345,1.85761e-07,5.16731e-06,0.202245345,0.178776705,BCL2A1,3.438195944,6.98523e-66,2.73181e-63,0.366942149,0.052863436,BCL2A1
ITSN1,0.48398155,0.000720004,0.011441214,0.083296824,0.063333695,ITSN1,-0.756285012,3.96987e-09,1.0927e-07,0.160881543,0.270190896,ITSN1
MLNR,0.483677745,0.000106957,0.002012708,0.109364732,0.087300727,MLNR,0.0,1.0,1.0,0.0,0.0,MLNR
KDM6B,0.483341873,5.56333e-16,2.86422e-14,0.183899233,0.134150309,KDM6B,0.102479443,0.928744307,1.0,0.019834711,0.021536955,KDM6B
ZNF609,0.480658472,1.00683e-07,2.87587e-06,0.120372399,0.088330984,ZNF609,0.39020592,0.169281697,0.851260654,0.206060606,0.189427313,ZNF609
EBI3,0.480212659,0.00024667,0.004314368,0.094359255,0.072822904,EBI3,-0.406662822,0.542090117,1.0,0.026997245,0.038668625,EBI3
CYBB_LOC107503927,0.479920983,5.25787e-12,2.14824e-10,0.232803943,0.200357879,CYBB,,,,,,
NFKBIZ,0.479879916,9.38637e-10,3.27446e-08,0.155531216,0.119780935,NFKBIZ,1.616018772,9.9986e-28,1.08493e-25,0.379063361,0.207048458,NFKBIZ
IDH3A,0.474414855,4.92615e-07,1.29551e-05,0.129463308,0.099989155,IDH3A,-0.155580118,0.280385308,1.0,0.126721763,0.148800783,IDH3A
CCDC122,0.473854512,8.85317e-14,4.06609e-12,0.187075575,0.143151502,CCDC122,1.306895375,0.846168398,1.0,0.006060606,0.002447381,CCDC122
LACC1,0.473240256,4.66925e-06,0.000107225,0.19211391,0.174276109,LACC1,3.016519547,9.6724e-140,2.0174e-136,0.6,0.203132648,LACC1
ARSB,0.465661168,5.14452e-06,0.00011719,0.129189485,0.10313415,ARSB,-0.045071777,0.225784597,1.0,0.292011019,0.324033284,ARSB
CNP_LOC107513810,0.464692354,7.01436e-12,2.84316e-10,0.169715225,0.128836352,CNP,,,,,,
GPR155,0.464180648,3.78838e-19,2.30883e-17,0.239704272,0.187452554,GPR155,0.466443449,0.503389758,1.0,0.069972452,0.058247675,GPR155
CNDP2,0.463968754,6.01841e-27,5.48879e-25,0.293592552,0.233000759,CNDP2,-0.927556992,2.8103899999999997e-22,2.25455e-20,0.433057851,0.557023984,CNDP2
ADAR,0.461359203,9.510580000000001e-23,7.20659e-21,0.247097481,0.187832122,ADAR,0.329936594,0.604134513,1.0,0.085399449,0.077337249,ADAR
TOR1AIP1,0.456199169,1.09701e-25,9.43209e-24,0.273767798,0.211528034,TOR1AIP1,-0.050027102,0.805801577,1.0,0.023140496,0.027900147,TOR1AIP1
HIVEP1,0.453089863,1.18935e-06,2.98929e-05,0.115334064,0.085999349,HIVEP1,0.912114799,0.000781909,0.008911956,0.211019284,0.158590308,HIVEP1
ARHGEF10L,0.452897966,0.002811365,0.038146132,0.080175246,0.062574558,ARHGEF10L,1.921721578,0.0397543,0.267096538,0.055096419,0.017131669,ARHGEF10L
PSMA3,0.452566832,1.26549e-46,1.78539e-44,0.425191676,0.350775404,PSMA3,-0.091210425,0.150596266,0.777073423,0.692011019,0.734703867,PSMA3
NUB1,0.448500216,2.4098e-49,3.64123e-47,0.458926616,0.372681922,NUB1,0.066472225,0.703205768,1.0,0.440220386,0.447870778,NUB1
CDKN1A,0.447943568,2.14661e-06,5.18109e-05,0.112924425,0.084209956,CDKN1A,0.603334785,4.17314e-07,8.56155e-06,0.363085399,0.285854136,CDKN1A
P2RX4,0.44666782,2.45513e-05,0.000512625,0.128915663,0.105194664,P2RX4,0.835021675,1.70974e-30,2.1685900000000003e-28,0.636914601,0.516886931,P2RX4
RMI2,0.444332719,2.18572e-05,0.000459757,0.099780942,0.073961609,RMI2,0.0,1.0,1.0,0.0,0.0,RMI2
LRRK2,0.44364816,5.10229e-11,1.93025e-09,0.164348302,0.124498428,LRRK2,-0.273990899,9.01084e-07,1.75105e-05,0.654545455,0.717572198,LRRK2
AIDA,0.442403108,6.45012e-11,2.41157e-09,0.165826944,0.12666739,AIDA,-0.168199122,0.035757606,0.243027437,0.202203857,0.24865394,AIDA
GPBP1,0.44098568,2.8369200000000003e-44,3.81282e-42,0.429956188,0.350612732,GPBP1,0.6001302,6.92278e-11,2.35425e-09,0.483195592,0.414096916,GPBP1
UNC93B1,0.439923972,1.73647e-09,5.92023e-08,0.162595838,0.12748075,UNC93B1,-0.359991193,0.004492274,0.041705718,0.179614325,0.236417034,UNC93B1
BAK1,0.43835184,4.85472e-05,0.000963998,0.098959474,0.074449626,BAK1,-0.548110247,0.528894234,1.0,0.012672176,0.024473813,BAK1
IRF2,0.434182614,4.34377e-58,7.81144e-56,0.540087623,0.454777139,IRF2,0.129801139,0.828567228,1.0,0.351515152,0.363191385,IRF2
MGAT4A,0.432535589,3.73826e-11,1.43333e-09,0.178422782,0.139030474,MGAT4A,-0.914132059,0.408537527,1.0,0.011019284,0.026431718,MGAT4A
MGAT1,0.427642256,4.32091e-07,1.14697e-05,0.140306681,0.110562846,MGAT1,-0.37725544,0.871754035,1.0,0.01707989,0.020068527,MGAT1
SEC23B,0.425866753,1.25642e-06,3.14548e-05,0.113855422,0.084318404,SEC23B,0.421757907,0.00023634,0.003013976,0.439669421,0.410181106,SEC23B
LAP3,0.423396647,4.2549200000000006e-34,4.7864999999999997e-32,0.394523549,0.331471641,LAP3,-0.469320178,5.67202e-10,1.73695e-08,0.418732782,0.522760646,LAP3
FCHSD2,0.422833562,4.30337e-08,1.28678e-06,0.147371303,0.114792322,FCHSD2,-0.662435055,0.130082043,0.693918758,0.056198347,0.084189917,FCHSD2
CD81,0.422620684,3.58528e-94,9.155369999999999e-92,0.756133625,0.676716191,CD81,0.051662803,0.786104148,1.0,0.148209366,0.155653451,CD81
DTNBP1,0.422097087,1.11492e-10,4.09651e-09,0.187458927,0.149875285,DTNBP1,-0.046911117,0.561776874,1.0,0.070523416,0.082232012,DTNBP1
BCL6,0.419857532,1.16567e-19,7.22492e-18,0.25558598,0.201062791,BCL6,0.182116568,0.543011493,1.0,0.140495868,0.130690162,BCL6
RELB,0.418868065,1.47781e-09,5.09275e-08,0.162486309,0.126450493,RELB,0.19504334,0.674292055,1.0,0.066115702,0.075379344,RELB
UFM1,0.418767244,8.31511e-29,8.10437e-27,0.330503834,0.264884503,UFM1,0.023143811,0.68145631,1.0,0.660606061,0.675966716,UFM1
KIAA1109,0.418481469,1.07989e-19,6.74229e-18,0.241128149,0.185175144,KIAA1109,-0.248066619,0.001171667,0.012824802,0.336088154,0.40577582,KIAA1109
DDX3X,0.418126762,2.8495099999999997e-39,3.60223e-37,0.421467689,0.350016267,DDX3X,0.316481411,4.59799e-09,1.24828e-07,0.772451791,0.734703867,DDX3X
PDK1,0.416381478,2.68318e-05,0.000555249,0.107447974,0.082095217,PDK1,0.017968664,0.865976019,1.0,0.00661157,0.009789525,PDK1
ACSL1,0.413733184,1.0502e-05,0.000228821,0.142990142,0.118208437,ACSL1,-0.199437648,0.014320609,0.113269641,0.542699725,0.589818894,ACSL1
ERAP1,0.413604498,3.2778600000000004e-18,1.90235e-16,0.255531216,0.204858475,ERAP1,0.06162611,0.834926331,1.0,0.10137741,0.107195301,ERAP1
TMBIM4,0.413110375,5.7501e-98,1.52953e-95,0.752519168,0.681542132,TMBIM4,-0.316369236,5.13852e-07,1.03166e-05,0.455647383,0.565345081,TMBIM4
MAPK6,0.409904808,2.4271e-06,5.79778e-05,0.142606791,0.115443011,MAPK6,0.042913865,0.553934516,1.0,0.429752066,0.476260401,MAPK6
PSMA6,0.406420022,1.0729900000000001e-48,1.61176e-46,0.540470975,0.479286411,PSMA6,0.150771305,0.016968323,0.131028123,0.640220386,0.655898189,PSMA6
TATDN1,0.405771345,2.89977e-06,6.82475e-05,0.12075575,0.092452012,TATDN1,-0.057981443,0.741749986,1.0,0.063911846,0.070484581,TATDN1
STARD3NL,0.40570119,6.25677e-06,0.000140152,0.118455641,0.091042186,STARD3NL,-0.07014785,0.3073501,1.0,0.127823691,0.150269212,STARD3NL
SAMHD1,0.404296041,7.44866e-52,1.17413e-49,0.589759036,0.517080577,SAMHD1,-0.712298155,0.725526717,1.0,0.011570248,0.018110622,SAMHD1
SYNE2,0.404115558,5.43491e-51,8.26106e-49,0.585487404,0.506506886,SYNE2,-0.429465234,0.966010119,1.0,0.001652893,0.002447381,SYNE2
STAT4,0.402746111,4.16975e-06,9.61868e-05,0.115498357,0.087192278,STAT4,-0.532967627,0.911341479,1.0,0.007713499,0.009789525,STAT4
GTF2B,0.401292533,5.27245e-45,7.19986e-43,0.501642935,0.429834074,GTF2B,0.374278754,0.00563315,0.050331026,0.347107438,0.31277533,GTF2B
FNBP4,0.400085837,4.4644399999999997e-35,5.20566e-33,0.397918949,0.323988721,FNBP4,0.478647709,0.007251657,0.06287672,0.319008264,0.287322565,FNBP4
PARP10,0.399948508,1.97137e-06,4.78981e-05,0.123877327,0.094946318,PARP10,-0.835917592,0.559436078,1.0,0.012121212,0.023005384,PARP10
TBPL1,0.399068475,0.000318352,0.005412409,0.093318729,0.071521527,TBPL1,0.393169105,0.733361828,1.0,0.063360882,0.057758199,TBPL1
PAIP2,0.39538157,1.0515699999999999e-22,7.921199999999999e-21,0.395728368,0.353703503,PAIP2,0.098810457,0.896443497,1.0,0.260606061,0.267743514,PAIP2
DUSP16,0.394685179,0.001230454,0.018417865,0.069879518,0.050048802,DUSP16,0.455211401,0.420028047,1.0,0.113498623,0.101811062,DUSP16
ALOX5AP_LOC107514309,0.391329646,3.97183e-05,0.000801143,0.117743702,0.093156924,ALOX5AP,,,,,,
ACOT7,0.390931964,0.001207304,0.018103187,0.103943045,0.085185989,ACOT7,-0.097344749,0.100825611,0.567866299,0.20661157,0.24473813,ACOT7
ZNRF1,0.390309781,1.81978e-13,8.19573e-12,0.230175246,0.187615226,ZNRF1,0.466423362,0.983076279,1.0,0.009366391,0.009789525,ZNRF1
SLC1A5,0.389957041,0.002614748,0.035897954,0.089704272,0.071846871,SLC1A5,-0.314327121,0.225219271,1.0,0.075482094,0.098874205,SLC1A5
CYB561A3_LOC107504752,0.387418836,0.00039702,0.006643709,0.120810515,0.10058562,CYB561A3,,,,,,
PPM1K,0.385153741,0.002609896,0.035850618,0.075629792,0.057314825,PPM1K,-0.634359539,0.00356571,0.034150771,0.084848485,0.140479687,PPM1K
LRP10,0.38065052,3.61069e-28,3.44039e-26,0.363417306,0.298123848,LRP10,0.795300126,6.59423e-06,0.000111774,0.197796143,0.115026921,LRP10
STAT5B,0.380011946,7.61122e-08,2.19864e-06,0.154928806,0.122492138,STAT5B,0.249582916,0.895023187,1.0,0.046831956,0.049926579,STAT5B
PPP3CC,0.37835148,3.38548e-08,1.02431e-06,0.152245345,0.118316885,PPP3CC,0.307556838,0.794858613,1.0,0.069972452,0.066079295,PPP3CC
MAML2,0.376614839,1.8497e-23,1.4669e-21,0.316812705,0.25615443,MAML2,2.971822739,0.002487571,0.024891622,0.065564738,0.009300049,MAML2
LSM6,0.376040697,2.83142e-25,2.39414e-23,0.350273823,0.290749376,LSM6,-0.145680711,0.087321496,0.509384439,0.404407713,0.444444444,LSM6
EHD1,0.375314265,4.43636e-08,1.3219e-06,0.167415115,0.134638326,EHD1,1.827287912,0.269713894,1.0,0.033608815,0.013215859,EHD1
TNIP1,0.374116927,9.28988e-23,7.060309999999999e-21,0.355202629,0.305010303,TNIP1,2.893311977,1.0582e-221,6.621699999999999e-218,0.756473829,0.368086148,TNIP1
SH3BP5,0.369997382,4.61925e-08,1.3716e-06,0.191949617,0.160991216,SH3BP5,-0.607509732,0.837391574,1.0,0.009917355,0.013705335,SH3BP5
TMCC1,0.369663447,3.80615e-05,0.00077138,0.130558598,0.106333369,TMCC1,0.33232072,0.045974854,0.301656747,0.304132231,0.275575135,TMCC1
TANK,0.367884606,1.4235700000000002e-24,1.16889e-22,0.345728368,0.284567834,TANK,0.584020495,4.34651e-17,2.47251e-15,0.643526171,0.581008321,TANK
MYCBP2,0.367502779,7.10776e-54,1.1560799999999999e-51,0.662760131,0.587409175,MYCBP2,-0.328328907,1.93073e-08,4.88459e-07,0.544903581,0.63876652,MYCBP2
AKT3,0.366874188,6.10662e-07,1.58959e-05,0.135761227,0.105303112,AKT3,-0.44016394,0.755556069,1.0,0.013774105,0.01957905,AKT3
MCL1,0.36310342,7.30599e-60,1.36179e-57,0.701040526,0.623522395,MCL1,0.70946008,3.73016e-10,1.17095e-08,0.402203857,0.317180617,MCL1
RAB27A,0.362971485,2.29558e-07,6.31001e-06,0.183461117,0.154809674,RAB27A,0.0,1.0,1.0,0.0,0.0,RAB27A
IL10RA,0.361763895,7.63133e-11,2.82836e-09,0.198576123,0.159093374,IL10RA,1.358838201,0.304415861,1.0,0.03415978,0.015173764,IL10RA
SOD2,0.361378729,7.0603e-05,0.001366883,0.35109529,0.344593862,SOD2,0.273229986,0.400692717,1.0,0.123966942,0.110621635,SOD2
TGFB1,0.360004604,2.09333e-39,2.65947e-37,0.511117196,0.439052164,TGFB1,0.420318872,0.000271392,0.003416878,0.425344353,0.392070485,TGFB1
PMVK,0.359745294,0.000153555,0.002802838,0.138554217,0.11717818,PMVK,-0.086481228,0.973514079,1.0,0.016528926,0.017131669,PMVK
FGL2,0.357402533,3.4233599999999994e-20,2.20199e-18,0.372562979,0.324585186,FGL2,-0.240348384,0.01824223,0.139658707,0.5184573,0.546744983,FGL2
ZC3HAV1,0.356340528,4.71317e-38,5.871e-36,0.511555312,0.430105195,ZC3HAV1,-0.316735089,0.023413409,0.172291849,0.140495868,0.186490455,ZC3HAV1
RIPK1,0.354896963,5.64564e-11,2.1201e-09,0.200657174,0.160882768,RIPK1,-0.104154691,0.040585925,0.271421082,0.228650138,0.276064611,RIPK1
KLHL5,0.352939188,0.001428244,0.02102112,0.096549836,0.077377725,KLHL5,1.417521477,0.000309541,0.003850693,0.121763085,0.055800294,KLHL5
PAX5,0.350531191,0.001066409,0.016209898,0.094030668,0.074178506,PAX5,0.329223543,0.976193018,1.0,0.004958678,0.004405286,PAX5
ATP11B,0.349045813,8.89532e-08,2.55801e-06,0.166976999,0.134909446,ATP11B,0.392056793,0.000140072,0.001860892,0.452892562,0.415565345,ATP11B
NFIL3,0.348652244,1.9453e-06,4.74e-05,0.142661555,0.113762065,NFIL3,-0.77454555,0.002962442,0.029039669,0.068870523,0.125305923,NFIL3
SERTAD1,0.348110557,2.7087400000000002e-18,1.57564e-16,0.302957284,0.251382713,SERTAD1,-0.491700143,0.98684185,1.0,0.002754821,0.002447381,SERTAD1
CASP7,0.348077804,3.73979e-05,0.000760345,0.105914567,0.080414272,CASP7,0.02611628,0.666167448,1.0,0.154269972,0.165932452,CASP7
REL,0.346547425,4.23945e-34,4.7864999999999997e-32,0.512814896,0.454180675,REL,0.950288773,1.62064e-43,3.1690200000000003e-41,0.74600551,0.597650514,REL
LZIC,0.343931228,0.000775834,0.01222945,0.093099671,0.072606008,LZIC,0.25922361,0.365600139,1.0,0.265564738,0.264317181,LZIC
LPIN2,0.343748301,1.25355e-11,5.00947e-10,0.239868565,0.200737447,LPIN2,-0.165936396,0.042477554,0.28236142,0.193939394,0.237395986,LPIN2
MAN1A2,0.343681335,3.13991e-15,1.54825e-13,0.300711939,0.259245201,MAN1A2,-0.008931108,0.3515482,1.0,0.263911846,0.29319628,MAN1A2
SMARCA5,0.343246847,4.44743e-40,5.70702e-38,0.557557503,0.486715107,SMARCA5,0.347067118,0.000233222,0.002978257,0.522865014,0.491923642,SMARCA5
B4GALT1,0.339274764,2.10504e-07,5.81127e-06,0.178368018,0.147706323,B4GALT1,-1.070799947,0.030587519,0.214730333,0.031404959,0.07195301,B4GALT1
SH3BGRL,0.338834971,1.54386e-06,3.82386e-05,0.16347207,0.135017894,SH3BGRL,0.333143264,0.016981696,0.131077465,0.342699725,0.315712188,SH3BGRL
TLR3,0.337192386,0.00080792,0.01267263,0.101861993,0.081498753,TLR3,-1.315508962,0.735150417,1.0,0.004958678,0.011257954,TLR3
MEF2A,0.336675107,8.89298e-05,0.001693446,0.125684556,0.102212341,MEF2A,0.031567477,0.267271187,1.0,0.198347107,0.226627509,MEF2A
RAPGEF6,0.336481661,1.83234e-22,1.3681499999999998e-20,0.398083242,0.34524455,RAPGEF6,-1.334701419,8.8424e-45,1.76585e-42,0.240220386,0.48164464,RAPGEF6
DOCK10,0.33626008,5.8385100000000005e-28,5.54246e-26,0.445892662,0.390142067,DOCK10,0.557848632,0.000400482,0.004865923,0.312947658,0.266764562,DOCK10
NDUFV2,0.335740715,7.0182e-24,5.63575e-22,0.396987952,0.341177746,NDUFV2,-0.619943798,4.81195e-18,2.94234e-16,0.38953168,0.542829173,NDUFV2
ATP7A,0.334256917,0.000131443,0.002432268,0.118127054,0.095054766,ATP7A,0.319239467,0.750619235,1.0,0.034710744,0.041116006,ATP7A
CD2AP_LOC107517796,0.334010065,0.000138148,0.002543443,0.121303395,0.098416658,CD2AP,,,,,,
ATXN7,0.332951516,4.33684e-13,1.9127e-11,0.222672508,0.176878863,ATXN7,0.40779984,0.887698007,1.0,0.079889807,0.078316202,ATXN7
MAP3K8,0.331578583,0.000151666,0.002774701,0.120700986,0.097820193,MAP3K8,1.827059031,1.28085e-14,5.98111e-13,0.230853994,0.094958395,MAP3K8
VPS13C,0.330166727,8.056230000000001e-28,7.535670000000001e-26,0.453450164,0.391823013,VPS13C,-0.052705873,0.066849079,0.412006503,0.438016529,0.494860499,VPS13C
DCTN6,0.329784006,7.27819e-06,0.000161754,0.154326396,0.127968767,DCTN6,0.32686767,0.033876636,0.232942203,0.314049587,0.292706804,DCTN6
IMP4,0.328771204,6.8016e-12,2.7613e-10,0.257174151,0.217980696,IMP4,1.061277866,0.190677913,0.928269136,0.058953168,0.035242291,IMP4
CD83,0.328188449,7.64027e-06,0.000168773,0.185542169,0.160665871,CD83,1.889019132,1.58856e-05,0.00025336,0.116253444,0.03671072,CD83
TAGAP_LOC107514722,0.327498019,1.19957e-07,3.38476e-06,0.176615553,0.144561327,TAGAP,,,,,,
SAMSN1,0.327482939,5.35796e-19,3.23454e-17,0.392278204,0.3509923,SAMSN1,0.076037697,0.905247472,1.0,0.408264463,0.427802252,SAMSN1
BAZ1A,0.325722188,3.18668e-13,1.41522e-11,0.28094195,0.239887214,BAZ1A,0.667980433,2.09611e-14,9.5044e-13,0.554820937,0.483602545,BAZ1A
TRAF2,0.324765503,0.00042526,0.007069956,0.11347207,0.092343564,TRAF2,0.674067438,0.000105618,0.001431522,0.245730028,0.183064121,TRAF2
NFYB,0.323596865,3.07429e-05,0.000631577,0.13422782,0.109044572,NFYB,0.388786584,0.654712319,1.0,0.073278237,0.065589819,NFYB
PHIP_LOC107517039,0.323092401,9.282119999999999e-21,6.18873e-19,0.376998905,0.323500705,PHIP,,,,,,
SQLE,0.323051095,1.10382e-05,0.00023989,0.140909091,0.114304305,SQLE,2.020857573,0.195067465,0.941529916,0.031955923,0.00783162,SQLE
LIPA,0.321984768,6.06505e-05,0.001188619,0.19381161,0.173462748,LIPA,-0.174375072,0.077571717,0.466424174,0.624793388,0.669114048,LIPA
TP53INP1,0.321576804,0.000786656,0.012377109,0.117031763,0.097006832,TP53INP1,0.853554845,1.12978e-08,2.95791e-07,0.273829201,0.173274596,TP53INP1
TNFRSF1B,0.321104079,5.26816e-09,1.71591e-07,0.22196057,0.187994794,TNFRSF1B,3.467703342,9.7871e-216,4.5931e-212,0.721212121,0.279001468,TNFRSF1B
TMBIM6,0.320423573,1.06675e-41,1.3827699999999999e-39,0.672289157,0.601670101,TMBIM6,0.22529757,1.30777e-11,4.72106e-10,0.861157025,0.865883505,TMBIM6
RYBP_LOC107509182,0.320044667,6.38169e-14,2.95758e-12,0.269331873,0.223565774,RYBP,,,,,,
SZRD1,0.319362134,2.50796e-11,9.73301e-10,0.262814896,0.226493873,SZRD1,0.066823594,0.972105445,1.0,0.024242424,0.024963289,SZRD1
SLTM,0.317664087,2.5598e-21,1.77628e-19,0.3983023,0.345841015,SLTM,-0.226722613,0.003010004,0.02941374,0.283195592,0.348507097,SLTM
HIVEP2,0.317467898,1.79774e-10,6.53946e-09,0.208214677,0.168691031,HIVEP2,-0.30355224,0.00084548,0.009595739,0.313498623,0.375428292,HIVEP2
NFKBIE,0.316687346,6.66238e-05,0.001298504,0.13652793,0.112514912,NFKBIE,1.197140932,1.8124200000000002e-56,5.31606e-54,0.645179063,0.460107685,NFKBIE
VMP1,0.315654874,7.90615e-21,5.29899e-19,0.373767798,0.317319163,VMP1,-0.2860834,0.535919917,1.0,0.106887052,0.118942731,VMP1
SLC25A40,0.315444767,0.001043309,0.01591513,0.102847755,0.082908578,SLC25A40,-0.39193356,0.950227796,1.0,0.001652893,0.000489476,SLC25A40
PSMA5,0.313239425,1.1746099999999998e-20,7.71073e-19,0.371851041,0.318512092,PSMA5,0.046839103,0.761319143,1.0,0.584022039,0.619676946,PSMA5
PRPF31,0.312234491,2.54325e-05,0.000529295,0.158269441,0.133662293,PRPF31,0.10309422,0.666820205,1.0,0.401101928,0.41752325,PRPF31
CMAH_LOC107508867,0.311774194,4.9116e-07,1.29302e-05,0.163417306,0.132306691,CMAH,,,,,,
CHMP6,0.310984224,1.83809e-05,0.00039017,0.153176342,0.127806095,CHMP6,-0.254599512,0.000245236,0.003118947,0.269421488,0.350954479,CHMP6
AGTRAP_LOC107513093,0.310958415,0.000908129,0.014046025,0.130558598,0.111321982,AGTRAP,,,,,,
CD47,0.308724523,6.09226e-33,6.73471e-31,0.556571742,0.511929292,CD47,0.231920868,0.001648094,0.017332224,0.564738292,0.54968184,CD47
PARP8,0.307966053,1.4523e-08,4.55042e-07,0.160898138,0.124444203,PARP8,-0.606903851,0.050457336,0.32681658,0.049035813,0.086147822,PARP8
TMC6,0.307848424,9.46664e-05,0.001793324,0.120700986,0.09684416,TMC6,-0.003657008,0.76997194,1.0,0.04077135,0.046500245,TMC6
CHSY1,0.305859327,8.42272e-05,0.001607493,0.12075575,0.096464592,CHSY1,0.652058184,1.87648e-08,4.76334e-07,0.401652893,0.332354381,CHSY1
VRK3,0.305219054,0.000144265,0.002648415,0.133461117,0.110671294,VRK3,0.560256183,0.559397105,1.0,0.045730028,0.035242291,VRK3
DOCK4,0.305072874,0.003721885,0.048839698,0.10788609,0.090933738,DOCK4,-0.983700871,2.51329e-34,3.7129100000000003e-32,0.331129477,0.531571219,DOCK4
RFX5,0.304809928,0.000580065,0.009357252,0.109474261,0.088439432,RFX5,-0.00090311,0.918957666,1.0,0.000550964,0.002447381,RFX5
CISH,0.304043293,8.99128e-07,2.30292e-05,0.166319825,0.136156599,CISH,0.300433606,0.894347513,1.0,0.23415978,0.244248654,CISH
CCDC71L,0.303911477,1.11734e-07,3.1738e-06,0.181325301,0.148357011,CCDC71L,1.799268246,0.044817019,0.295402062,0.056198347,0.019089574,CCDC71L
ATG3,0.303682655,9.72712e-07,2.47156e-05,0.223986857,0.199652966,ATG3,-0.094340861,0.033666635,0.231862899,0.394490358,0.459618209,ATG3
DAPP1,0.303294927,2.25653e-07,6.21604e-06,0.188773275,0.157466652,DAPP1,0.971394837,0.429885124,1.0,0.041873278,0.027410671,DAPP1
PGS1,0.302546293,6.47287e-07,1.67979e-05,0.173986857,0.144235983,PGS1,0.999698341,0.074731167,0.452679402,0.090909091,0.059226628,PGS1
SPPL2A,0.30199644,5.11695e-13,2.24513e-11,0.285542169,0.242977985,SPPL2A,-0.176052749,0.003786018,0.036095034,0.656198347,0.715614293,SPPL2A
SNX9,0.301589429,0.000108219,0.00203497,0.13313253,0.109803709,SNX9,-0.511545837,5.42617e-13,2.16723e-11,0.391184573,0.516397455,SNX9
MRPS18A,0.30120486,1.01304e-08,3.20557e-07,0.210240964,0.176282399,MRPS18A,-0.073263243,0.213409664,1.0,0.412672176,0.45031816,MRPS18A
LYN,0.301072687,5.22928e-08,1.53488e-06,0.291456736,0.270903373,LYN,0.006876185,0.897463117,1.0,0.685399449,0.695545766,LYN
ARID5A,0.300844371,0.002661108,0.036416965,0.084720701,0.066153346,ARID5A,0.352268159,0.956813284,1.0,0.016528926,0.017621145,ARID5A
MAGT1,0.299407363,0.001786176,0.02569679,0.103176342,0.08426418,MAGT1,-0.116884895,0.0988747,0.559058997,0.388980716,0.434654919,MAGT1
AHCTF1,0.29917264,9.66693e-08,2.77054e-06,0.194633078,0.162292593,AHCTF1,0.161413103,0.644459186,1.0,0.399449036,0.414096916,AHCTF1
NUCB2,0.297147751,3.09318e-06,7.24654e-05,0.194468784,0.168148791,NUCB2,-0.142660573,0.005135785,0.046439766,0.449586777,0.512481645,NUCB2
RUNX3,0.296845317,2.00982e-10,7.27983e-09,0.245290252,0.206485197,RUNX3,1.456546903,0.784912929,1.0,0.014325069,0.009300049,RUNX3
KLF6,0.296683997,1.0779799999999998e-20,7.13144e-19,0.405202629,0.352131005,KLF6,0.080643937,0.548054375,1.0,0.61046832,0.636319139,KLF6
ABCA1,0.294564724,0.00249687,0.034558302,0.153997809,0.138434009,ABCA1,-0.013863284,0.42110553,1.0,0.188980716,0.210964268,ABCA1
GNPTAB,0.294404507,1.32178e-06,3.30254e-05,0.205312158,0.178071793,GNPTAB,-0.631559968,3.7966e-05,0.000566083,0.091460055,0.171316691,GNPTAB
ZNRF2,0.292855531,2.2841e-15,1.13476e-13,0.33094195,0.283917146,ZNRF2,0.372020811,0.656605498,1.0,0.063911846,0.05628977,ZNRF2
SETX,0.292761832,6.756879999999999e-20,4.2814800000000004e-18,0.399561884,0.343726277,SETX,0.043732844,0.299438779,1.0,0.283195592,0.319138522,SETX
CYB5R4_LOC107497121,0.292087108,1.48275e-05,0.000317647,0.155312158,0.129107472,CYB5R4,,,,,,
TTC39B,0.291885167,2.14706e-08,6.59774e-07,0.218400876,0.185283592,TTC39B,-0.034401331,0.326395701,1.0,0.137741047,0.160058737,TTC39B
RANBP2,0.287910283,8.84969e-23,6.745839999999999e-21,0.453997809,0.395889817,RANBP2,0.248103186,0.041730738,0.278283983,0.468319559,0.464023495,RANBP2
AGO2,0.283620864,1.60655e-09,5.50668e-08,0.216922234,0.179264722,AGO2,0.563152552,1.07e-05,0.000174661,0.336088154,0.271169848,AGO2
UGCG,0.282376081,1.00832e-05,0.000220448,0.135213582,0.107309402,UGCG,0.660450161,4.00374e-19,2.61875e-17,0.622589532,0.528634361,UGCG
B4GALT5,0.28228569,7.29488e-06,0.000161984,0.213964951,0.189241948,B4GALT5,0.155302152,0.372103813,1.0,0.385674931,0.386686246,B4GALT5
OGFRL1,0.281613916,0.002924376,0.039469797,0.123767798,0.106441818,OGFRL1,2.156102896,3.28646e-39,5.932069999999999e-37,0.34600551,0.115516397,OGFRL1
FBXO7,0.28149274,0.001967643,0.027976458,0.115115005,0.096518816,FBXO7,-0.22293736,0.019061954,0.144929529,0.128374656,0.177190406,FBXO7
CCNL1,0.280689508,1.8979e-07,5.27364e-06,0.173877327,0.141145212,CCNL1,0.483844459,1.91933e-05,0.000301251,0.412672176,0.358296623,CCNL1
AFF1,0.280372888,2.74471e-06,6.49573e-05,0.188170865,0.160286303,AFF1,-0.708504856,0.786159825,1.0,0.007162534,0.012236907,AFF1
SMAGP_LOC107509811,0.280306697,4.98273e-05,0.000986349,0.132803943,0.107580523,SMAGP,,,,,,
IKBKE,0.279488474,0.000178596,0.003209457,0.143921139,0.121733001,IKBKE,1.314169288,0.00311716,0.030287434,0.116253444,0.063631914,IKBKE
PUS10,0.278835475,3.59193e-11,1.3793e-09,0.261938664,0.220149658,PUS10,0.179565698,0.888338587,1.0,0.046831956,0.049926579,PUS10
STAM2,0.27835229,0.00099217,0.01521685,0.104928806,0.084643748,STAM2,1.186063051,2.85201e-37,4.65548e-35,0.543250689,0.383749388,STAM2
CDK12,0.276219696,1.86949e-08,5.79362e-07,0.200109529,0.164570003,CDK12,0.186039209,0.667610167,1.0,0.282644628,0.295154185,CDK12
ACTR3,0.275450945,1.9465700000000002e-32,2.11522e-30,0.611445783,0.562791454,ACTR3,-0.182696611,5.73883e-06,9.8383e-05,0.843526171,0.864415076,ACTR3
OSTF1,0.27340585,1.98436e-21,1.3921e-19,0.514403067,0.468604273,OSTF1,-0.397090375,0.000147975,0.001954806,0.261707989,0.335780715,OSTF1
ABHD13,0.269667596,0.003394755,0.045126741,0.116155531,0.09857933,ABHD13,0.099327214,0.673752743,1.0,0.190082645,0.207048458,ABHD13
DENND5A,0.268278182,0.000538246,0.008732303,0.118619934,0.097332177,DENND5A,-0.045423042,0.232999166,1.0,0.203305785,0.232501224,DENND5A
HMGCR,0.267344475,0.000245746,0.004304095,0.127601314,0.104977768,HMGCR,0.700441658,3.58464e-11,1.23924e-09,0.41046832,0.318649046,HMGCR
SLC38A2,0.266849488,3.24487e-10,1.15405e-08,0.257393209,0.218631385,SLC38A2,0.072000317,0.425995272,1.0,0.648484848,0.651982379,SLC38A2
CCL5,0.266688406,7.55893e-09,2.43411e-07,0.542606791,0.501952066,CCL5,2.559244871,2.39339e-53,5.99049e-51,0.388980716,0.127753304,CCL5
PTPN11,0.264932811,0.001587453,0.023098113,0.140197152,0.121787225,PTPN11,0.175628886,0.685932683,1.0,0.139393939,0.151737641,PTPN11
ELF1,0.264903665,4.38464e-22,3.21742e-20,0.495290252,0.439160612,ELF1,-0.109290577,0.069591687,0.427199199,0.41322314,0.459618209,ELF1
PICALM,0.263800502,7.5518e-07,1.94988e-05,0.203778751,0.173842316,PICALM,0.071203254,0.85873801,1.0,0.541597796,0.563387176,PICALM
DRAP1,0.263396293,2.89973e-07,7.86067e-06,0.235870756,0.207081661,DRAP1,-0.093590491,0.042502642,0.282428173,0.270523416,0.326970142,DRAP1
BBX,0.263394415,1.12328e-11,4.50299e-10,0.323767798,0.285218523,BBX,-0.863161862,4.51889e-05,0.000659119,0.089807163,0.167400881,BBX
CUL5,0.262955934,1.1123e-06,2.80669e-05,0.19769989,0.168094567,CUL5,0.465429366,0.000559729,0.006583475,0.38953168,0.365638767,CUL5
SMCHD1,0.262281507,6.12786e-32,6.54733e-30,0.709912377,0.672107147,SMCHD1,-0.072424538,0.065998232,0.408076026,0.366942149,0.419481155,SMCHD1
DCAF13,0.26173386,0.00010148,0.001915298,0.153285871,0.129812385,DCAF13,0.285680592,0.219616112,1.0,0.271625344,0.262359276,DCAF13
REM2,0.26158163,0.003810416,0.049873292,0.085761227,0.067617395,REM2,0.0,1.0,1.0,0.0,0.0,REM2
CDK17,0.261142313,1.45118e-08,4.55042e-07,0.211007667,0.174384557,CDK17,-0.632928729,0.195912145,0.943474289,0.034710744,0.059226628,CDK17
RAB21,0.258491963,3.7697e-09,1.2421e-07,0.254162103,0.218577161,RAB21,-0.027686702,0.334511316,1.0,0.483746556,0.522760646,RAB21
KPNB1,0.257901698,5.8815e-10,2.08308e-08,0.280558598,0.244279362,KPNB1,0.169628486,0.739322079,1.0,0.317906336,0.332843857,KPNB1
MED13,0.256979346,3.37696e-09,1.11702e-07,0.253121577,0.217004663,MED13,0.44259581,3.03465e-05,0.000457929,0.460055096,0.418991679,MED13
BCL10,0.255968601,1.48304e-07,4.15251e-06,0.210952903,0.178071793,BCL10,1.083126664,1.74181e-30,2.19444e-28,0.500275482,0.345080764,BCL10
RABGAP1L,0.255957484,6.815129999999999e-20,4.2985700000000004e-18,0.434063527,0.37078408,RABGAP1L,0.760818541,2.1444900000000002e-23,1.84663e-21,0.695867769,0.572197748,RABGAP1L
ARAP2,0.255955666,2.88539e-14,1.35944e-12,0.357612267,0.309673571,ARAP2,0.173397258,0.90854055,1.0,0.285399449,0.299069995,ARAP2
CEP120,0.252365768,0.000156283,0.002848559,0.132475356,0.108773452,CEP120,-0.204320043,0.537103375,1.0,0.038567493,0.050416055,CEP120
CAPRIN1,0.252347022,1.37315e-15,6.92978e-14,0.393263965,0.346545928,CAPRIN1,0.054170765,0.736481886,1.0,0.424793388,0.451297112,CAPRIN1
ARHGEF6,0.251535803,0.00226786,0.031767453,0.126286966,0.108014315,ARHGEF6,-0.12502639,0.147714682,0.766629808,0.192837466,0.224669604,ARHGEF6
ADAM17,0.250193,0.001132174,0.017086989,0.149890471,0.130788418,ADAM17,0.102449715,0.552277609,1.0,0.355371901,0.359765051,ADAM17
DDI2,0.249311209,1.66143e-08,5.17394e-07,0.240854326,0.205509164,DDI2,0.097997233,0.950539121,1.0,0.134986226,0.135095448,DDI2
PSMA1,0.248360395,1.14641e-18,6.82397e-17,0.472727273,0.419097712,PSMA1,0.109284163,0.054989947,0.350754767,0.64738292,0.661771904,PSMA1
MAP4K4,0.247682527,0.00075189,0.011895727,0.156900329,0.13724108,MAP4K4,0.166884005,0.290268693,1.0,0.353168044,0.342633382,MAP4K4
ZBTB21,0.245816261,0.000356004,0.006008541,0.12584885,0.103622167,ZBTB21,0.21943137,0.977855945,1.0,0.031955923,0.032794909,ZBTB21
RBL2,0.243559077,2.80238e-11,1.08263e-09,0.334556407,0.294490836,RBL2,-0.280522645,0.001540161,0.016358292,0.194490358,0.258932942,RBL2
TRAF5,0.242907286,8.00604e-05,0.001537053,0.15618839,0.131601779,TRAF5,-1.384071589,3.65806e-06,6.47823e-05,0.05785124,0.143906021,TRAF5
ZNF654,0.242874086,0.000675801,0.010792531,0.13992333,0.119021798,ZNF654,-0.001689474,0.552471273,1.0,0.149862259,0.163485071,ZNF654
MIDN,0.242398724,0.000128872,0.002393366,0.161664841,0.138108665,MIDN,0.246545315,0.812725031,1.0,0.179614325,0.192853647,MIDN
PTPN1,0.242046043,2.99632e-23,2.35428e-21,0.596276013,0.56246611,PTPN1,0.454786658,1.91092e-06,3.53068e-05,0.467768595,0.431718062,PTPN1
VAMP3,0.238570973,9.68608e-09,3.07259e-07,0.277984666,0.244225138,VAMP3,0.008016102,0.119900935,0.652211054,0.236914601,0.278511992,VAMP3
CLDND1,0.238405973,0.000129594,0.002405022,0.171522453,0.148682355,CLDND1,-0.09417548,0.586776329,1.0,0.068870523,0.080274107,CLDND1
LIMS1,0.238311738,2.86805e-06,6.76256e-05,0.230558598,0.203231754,LIMS1,-0.112279579,0.050622994,0.327574919,0.669972452,0.696524719,LIMS1
YTHDC1,0.237962216,4.56029e-14,2.13281e-12,0.39550931,0.349528251,YTHDC1,0.382973522,6.15887e-05,0.000873879,0.498071625,0.466470876,YTHDC1
ASCC3,0.237095714,6.12899e-09,1.98365e-07,0.267907996,0.231916278,ASCC3,-0.004383018,0.258377865,1.0,0.358126722,0.394517866,ASCC3
N4BP1,0.236492977,1.71095e-06,4.20508e-05,0.191566265,0.161479232,N4BP1,0.910867989,5.41173e-23,4.47529e-21,0.504132231,0.368086148,N4BP1
ATP6V1D,0.23578456,1.72673e-08,5.37073e-07,0.285158817,0.253117883,ATP6V1D,-0.25103268,2.50281e-09,7.05446e-08,0.802754821,0.829662261,ATP6V1D
YWHAZ,0.235051721,4.5397599999999995e-21,3.09966e-19,0.572398686,0.522665654,YWHAZ,0.004829217,0.844944133,1.0,0.484297521,0.524229075,YWHAZ
ARF4,0.233989075,2.95799e-09,9.84814e-08,0.304381161,0.270090012,ARF4,0.210060239,0.000323611,0.004017738,0.689807163,0.689672051,ARF4
TIPARP_LOC107507585,0.233572662,0.000274898,0.004752743,0.168455641,0.146892962,TIPARP,,,,,,
SRI,0.232000515,7.18595e-12,2.90349e-10,0.370865279,0.332013881,SRI,-0.171016514,0.011105255,0.090756574,0.520110193,0.581497797,SRI
UBE2E3,0.231640786,3.76587e-05,0.000764429,0.201423877,0.177258432,UBE2E3,0.056715667,0.620104353,1.0,0.016528926,0.025942242,UBE2E3
MED13L,0.229028568,1.45597e-10,5.31899e-09,0.317305586,0.276434226,MED13L,0.447697014,0.145443111,0.756933205,0.229201102,0.214880078,MED13L
CSNK1G3,0.227848858,3.43943e-08,1.03817e-06,0.241292442,0.205346492,CSNK1G3,0.465249956,2.4874e-05,0.000382734,0.373002755,0.311306902,CSNK1G3
CGGBP1,0.227791473,6.18966e-19,3.72781e-17,0.546933187,0.495119835,CGGBP1,0.63755089,0.957609287,1.0,0.008264463,0.009300049,CGGBP1
UBE2N,0.227115095,4.37754e-07,1.15959e-05,0.243975904,0.213425876,UBE2N,0.58290416,0.384588011,1.0,0.067217631,0.051395007,UBE2N
PBX4,0.226388395,0.000752334,0.011895727,0.15618839,0.135993927,PBX4,-0.34639129,0.264273328,1.0,0.060606061,0.081742535,PBX4
IPCEF1,0.225534856,1.95598e-06,4.76147e-05,0.260405257,0.233976792,IPCEF1,0.246373892,0.05286973,0.33942222,0.419834711,0.410181106,IPCEF1
AIMP1,0.223668769,1.04317e-12,4.49975e-11,0.3949069,0.35272747,AIMP1,-0.183521479,0.00161062,0.016999473,0.461157025,0.528144885,AIMP1
HPS3,0.223458514,0.000295091,0.005067553,0.17584885,0.154104761,HPS3,-0.172845796,0.627777515,1.0,0.030853994,0.040137053,HPS3
MAP3K1,0.222321436,2.72261e-08,8.30639e-07,0.299342826,0.267758378,MAP3K1,0.127204806,0.642518222,1.0,0.305785124,0.310327949,MAP3K1
GNG5,0.222137406,6.7654099999999995e-21,4.57041e-19,0.673822563,0.625637133,GNG5,-0.446073174,8.1523e-07,1.59744e-05,0.402203857,0.490455213,GNG5
CEBPB,0.21923773,0.000466007,0.007687302,0.249726177,0.233759896,CEBPB,0.830090284,9.86832e-10,2.89903e-08,0.314600551,0.21341165,CEBPB
RNF115,0.219153553,5.0137e-06,0.000114415,0.20958379,0.180566099,RNF115,0.889533579,0.848981072,1.0,0.018181818,0.014684288,RNF115
AKIRIN2,0.218691707,1.07973e-08,3.40395e-07,0.286089814,0.250786249,AKIRIN2,0.509472609,0.021627945,0.161590669,0.209366391,0.174253549,AKIRIN2
CEP63,0.218213841,0.003078515,0.041310012,0.132201533,0.113978961,CEP63,0.408302009,0.470293807,1.0,0.109641873,0.097895252,CEP63
EPS15,0.217855692,0.000301978,0.005171913,0.183570646,0.162075697,EPS15,-0.37740311,2.06971e-05,0.000322696,0.313498623,0.394517866,EPS15
SIL1,0.217806175,6.42195e-06,0.000143726,0.215443593,0.187777898,SIL1,0.051043227,0.942262904,1.0,0.136088154,0.139500734,SIL1
NADK,0.2167622,0.002109644,0.029756616,0.164293538,0.146296497,NADK,1.59238863,1.5247e-112,1.9082e-109,0.803305785,0.575624082,NADK
SKIL,0.216593787,1.0589600000000002e-18,6.31815e-17,0.597535597,0.548530528,SKIL,0.541074991,0.020726719,0.155632786,0.25785124,0.228585414,SKIL
PSMA2,0.216402993,5.31755e-15,2.58154e-13,0.48762322,0.437045874,PSMA2,0.519071996,7.3572900000000005e-28,8.02971e-26,0.799449036,0.773861968,PSMA2
OGFR,0.214831114,0.003245996,0.043329716,0.145892662,0.128185663,OGFR,0.75712651,0.011855402,0.096175285,0.145454545,0.101811062,OGFR
FXR1,0.210624501,4.39761e-12,1.82006e-10,0.409309967,0.367367964,FXR1,0.079344817,0.88635989,1.0,0.277134986,0.290748899,FXR1
SCARB2,0.210249439,0.002110324,0.029756616,0.139485214,0.120756968,SCARB2,-0.781942904,3.48397e-07,7.20276e-06,0.204958678,0.29711209,SCARB2
TOP1,0.208185628,1.48931e-14,7.13529e-13,0.557502738,0.516484112,TOP1,-0.006960843,0.370879426,1.0,0.46446281,0.499755262,TOP1
XIAP_LOC107497750,0.207836896,3.78256e-08,1.13637e-06,0.267907996,0.232024726,XIAP,,,,,,
PTGER4,0.207664192,2.70864e-06,6.42227e-05,0.262760131,0.235495066,PTGER4,-0.525322795,9.03075e-12,3.29175e-10,0.29862259,0.433675967,PTGER4
NOSIP_LOC107498812,0.207270011,0.000327598,0.005565903,0.177601314,0.15556881,NOSIP,,,,,,
ZNF292,0.207146838,6.48532e-12,2.63709e-10,0.40449069,0.361186422,ZNF292,0.405781031,0.058466572,0.368300164,0.306336088,0.287322565,ZNF292
BIRC2,0.206545725,4.26306e-05,0.000854486,0.190251917,0.164624227,BIRC2,1.689533353,4.45416e-84,3.2159e-81,0.682644628,0.441507587,BIRC2
UBR1,0.205934107,6.83297e-05,0.001327904,0.188444688,0.16359397,UBR1,0.049411997,0.381311269,1.0,0.307438017,0.335780715,UBR1
CAPZA2,0.205839679,5.33497e-11,2.01529e-09,0.418181818,0.383852077,CAPZA2,0.222077206,0.406471611,1.0,0.218732782,0.209006363,CAPZA2
ACAT2,0.204907149,0.000982,0.01508806,0.163033954,0.143097278,ACAT2,-0.168540314,0.296669024,1.0,0.066666667,0.087126774,ACAT2
COMMD8,0.204464346,5.42606e-07,1.42113e-05,0.272782037,0.242544193,COMMD8,-0.188051447,0.013457864,0.107365504,0.284297521,0.34165443,COMMD8
STX17,0.204342648,0.002311115,0.032284806,0.139704272,0.120756968,STX17,0.250281602,0.335200701,1.0,0.235261708,0.228095937,STX17
RAB18,0.203784838,0.003697348,0.048542662,0.181051479,0.164895348,RAB18,0.171284139,0.106910072,0.594641742,0.465564738,0.467939305,RAB18
RIF1,0.203102306,5.4564e-07,1.42761e-05,0.261719606,0.230506453,RIF1,-0.479499787,7.82186e-05,0.001084431,0.201101928,0.276064611,RIF1
HAX1,0.20273912,9.32915e-05,0.001768591,0.236637459,0.214239237,HAX1,-0.139499575,0.050821698,0.328294877,0.336639118,0.387175722,HAX1
UBE2D1,0.202145815,0.000938562,0.014499172,0.162431544,0.141958573,UBE2D1,0.119414285,0.818222622,1.0,0.113498623,0.121390113,UBE2D1
TCEA1,0.201022878,1.05081e-08,3.31687e-07,0.372508215,0.340852402,TCEA1,-0.308710963,0.00086206,0.009761837,0.272176309,0.343122859,TCEA1
USF1,0.200218245,5.91112e-06,0.000132992,0.256626506,0.229964212,USF1,-0.313920617,0.000552032,0.006501095,0.258953168,0.329907,USF1
ZC3H7A,0.200012475,1.22415e-06,3.0677e-05,0.256243154,0.225843184,ZC3H7A,0.129899293,0.817367597,1.0,0.245730028,0.260890847,ZC3H7A
BTG1,0.199669987,5.96417e-27,5.45882e-25,0.858762322,0.827621733,BTG1,-0.003273296,0.700371397,1.0,0.702479339,0.74351444,BTG1
CAPZA1,0.199275091,4.27995e-11,1.62881e-09,0.413088719,0.373495283,CAPZA1,0.390508771,1.35705e-08,3.48489e-07,0.651790634,0.621145374,CAPZA1
BCLAF1,0.198624447,8.19103e-14,3.76876e-12,0.509967141,0.462531179,BCLAF1,-0.077315129,0.027354935,0.195845477,0.369146006,0.424865394,BCLAF1
SH3GLB1,0.196661189,1.06242e-07,3.03127e-06,0.305531216,0.272638542,SH3GLB1,-0.211811319,3.0333e-05,0.000457929,0.7184573,0.769946158,SH3GLB1
PRKX,0.194053128,0.00051793,0.008472691,0.160843373,0.138542457,PRKX,-0.010710016,0.165103042,0.834045828,0.139944904,0.170827215,PRKX
SDCBP_LOC107521186,0.193174198,0.001343781,0.019904172,0.177382256,0.158171565,SDCBP,,,,,,
ARID5B,0.192906752,2.7194e-10,9.79446e-09,0.4449069,0.409012038,ARID5B,0.557807207,7.29803e-08,1.70185e-06,0.476033058,0.418502203,ARID5B
CREB1,0.191896334,1.12237e-07,3.18454e-06,0.282201533,0.246665221,CREB1,0.245531216,0.962743911,1.0,0.132782369,0.137542829,CREB1
BHLHE40,0.19179596,0.002104553,0.029708047,0.170208105,0.151502006,BHLHE40,1.298510432,2.11964e-64,8.120380000000001e-62,0.69476584,0.476749878,BHLHE40
VPS13A,0.19015418,7.47575e-06,0.000165569,0.264238773,0.236796443,VPS13A,-0.15825808,0.008277833,0.0706004,0.262258953,0.321096427,VPS13A
MDM2,0.189893275,0.000256596,0.004463505,0.201423877,0.179156274,MDM2,-0.133687273,0.077656934,0.466787053,0.499724518,0.542829173,MDM2
LAMP2,0.189316586,0.001925341,0.027543702,0.172508215,0.154158985,LAMP2,-0.242399782,0.027466548,0.196494681,0.242975207,0.286833089,LAMP2
CD44,0.187977523,7.45483e-10,2.62575e-08,0.483680175,0.470285219,CD44,0.81305027,2.9189e-50,6.76463e-48,0.855096419,0.787077827,CD44
KCNA3,0.18755722,3.13622e-09,1.04009e-07,0.421303395,0.388190001,KCNA3,0.0,1.0,1.0,0.0,0.0,KCNA3
SWT1,0.187459081,0.003374479,0.044950808,0.132749179,0.114250081,SWT1,0.309697807,0.199292324,0.956073475,0.181267218,0.161527166,SWT1
TMEM208,0.186668232,0.000596187,0.0096052,0.199014239,0.178722481,TMEM208,-0.131873026,0.128746533,0.688948093,0.233057851,0.270190896,TMEM208
EFHD2,0.183742553,5.87119e-06,0.000132211,0.280996714,0.254256588,EFHD2,-1.304531932,0.044473887,0.293449495,0.028650138,0.066079295,EFHD2
PIK3R5,0.182166964,0.000365996,0.006144689,0.199561884,0.178071793,PIK3R5,0.971526146,2.17984e-08,5.48524e-07,0.245179063,0.146353402,PIK3R5
G3BP2,0.181288376,3.69114e-07,9.89055e-06,0.31856517,0.287170589,G3BP2,-0.306705534,0.006503368,0.057422967,0.168595041,0.224180127,G3BP2
AGFG1,0.180582181,3.28651e-07,8.83415e-06,0.37645126,0.350938076,AGFG1,0.048485201,0.602963426,1.0,0.320661157,0.350465002,AGFG1
ZCCHC7,0.18007423,7.08276e-05,0.001370193,0.223329682,0.198134693,ZCCHC7,0.13714169,0.857396395,1.0,0.259504132,0.27361723,ZCCHC7
RAB8B,0.179603264,4.72414e-06,0.000108388,0.320974808,0.295141525,RAB8B,-0.042013429,0.358462667,1.0,0.739944904,0.764072442,RAB8B
XRN1,0.178695068,2.70554e-06,6.42087e-05,0.288608981,0.258702961,XRN1,-0.031871647,0.48054755,1.0,0.329476584,0.352912384,XRN1
ZC3H4,0.177399501,0.00160158,0.023290397,0.158269441,0.138379785,ZC3H4,0.190984264,0.928870882,1.0,0.211570248,0.221732746,ZC3H4
PDPK1,0.176132768,0.002690893,0.036744161,0.18871851,0.170751545,PDPK1,0.119283162,0.91511988,1.0,0.060055096,0.058737151,PDPK1
OTULIN,0.17518945,0.000547799,0.008870381,0.190142388,0.168419911,OTULIN,-0.005914179,0.424549238,1.0,0.150964187,0.16886931,OTULIN
CUL2,0.174986124,0.003407542,0.045257497,0.172179628,0.154484329,CUL2,-0.21071665,0.00482068,0.044127765,0.2815427,0.34948605,CUL2
KTN1,0.174938425,4.52085e-07,1.19384e-05,0.349014239,0.319867693,KTN1,-0.415838033,9.31447e-08,2.11684e-06,0.306336088,0.409202154,KTN1
FBXW11,0.174342588,0.000252067,0.004394646,0.217853231,0.195260818,FBXW11,0.312006593,0.057252564,0.362304892,0.280991736,0.260890847,FBXW11
CAPN2,0.172536895,0.003148654,0.042162576,0.16177437,0.143639518,CAPN2,-19.45884132,0.958082295,1.0,0.0,0.000978953,CAPN2
PPP2R2A,0.171121836,4.61059e-05,0.000916948,0.246823658,0.221071467,PPP2R2A,-0.481756091,5.01352e-08,1.20196e-06,0.280440771,0.388154674,PPP2R2A
CCDC50,0.171106189,0.003418314,0.045345494,0.202847755,0.186693417,CCDC50,0.620542824,0.685421752,1.0,0.038567493,0.031326481,CCDC50
GATAD2A,0.169923365,0.000907671,0.014046025,0.211336254,0.191194014,GATAD2A,0.555823028,0.038863237,0.26195357,0.148760331,0.113069016,GATAD2A
ZFAND5,0.169510409,0.000227993,0.004020743,0.237787514,0.21602863,ZFAND5,0.069962427,0.656626429,1.0,0.58677686,0.618697993,ZFAND5
FMR1,0.1679876,6.43157e-06,0.000143815,0.278860898,0.249430647,FMR1,-0.215078637,0.004735479,0.043490416,0.351515152,0.412139011,FMR1
EWSR1,0.167547509,0.000172558,0.003109698,0.227327492,0.203882442,EWSR1,0.144091696,0.063956827,0.397548857,0.598898072,0.611355849,EWSR1
PNRC1,0.16737555,5.41592e-16,2.79396e-14,0.795290252,0.761739508,PNRC1,1.190578341,6.21238e-56,1.76695e-53,0.7184573,0.597650514,PNRC1
DAZAP2,0.167095602,1.41839e-08,4.4551e-07,0.428422782,0.393775079,DAZAP2,-0.043653574,0.553071845,1.0,0.177410468,0.190406265,DAZAP2
PTK2B,0.165908173,0.002494216,0.034540294,0.16286966,0.143802191,PTK2B,0.285762936,0.869610681,1.0,0.030853994,0.027900147,PTK2B
AKAP13,0.163853154,1.57348e-10,5.74005e-09,0.552245345,0.512525756,AKAP13,1.050592422,2.58835e-33,3.70904e-31,0.598898072,0.438570729,AKAP13
TLK2,0.163148209,0.001987957,0.02824956,0.160624315,0.140819868,TLK2,0.243236735,0.971354978,1.0,0.13553719,0.140969163,TLK2
CYTIP_LOC107513427,0.163053632,8.50814e-09,2.7192e-07,0.461062432,0.428153129,CYTIP,,,,,,
STOML1,0.161618724,0.000205533,0.003657492,0.214731654,0.190597549,STOML1,0.130731985,0.689118583,1.0,0.319008264,0.325991189,STOML1
PDCD10,0.160548419,8.26294e-07,2.1249e-05,0.358050383,0.32865199,PDCD10,0.100875169,0.44407033,1.0,0.488705234,0.509055311,PDCD10
CHMP2B,0.159638256,0.000485991,0.007991154,0.223110624,0.201008567,CHMP2B,-0.008161885,0.513201357,1.0,0.269421488,0.29319628,CHMP2B
CNTRL,0.159518018,9.35399e-08,2.68386e-06,0.424589266,0.393449734,CNTRL,-0.696989954,2.83484e-06,5.11197e-05,0.104132231,0.193832599,CNTRL
WIPF1,0.157071248,1.98215e-11,7.79912e-10,0.630284775,0.597765969,WIPF1,0.247358054,0.828747796,1.0,0.134986226,0.134116495,WIPF1
PPTC7,0.156924859,0.003387401,0.045075905,0.155969332,0.137349528,PPTC7,0.841553688,1.07602e-05,0.000175491,0.235812672,0.16103769,PPTC7
CD164,0.155871615,7.06409e-07,1.82765e-05,0.362267251,0.32838087,CD164,-0.302696288,0.029141384,0.206353096,0.219834711,0.260401371,CD164
B2M,0.151932016,1.5282e-125,4.7017000000000005e-123,0.997042716,0.996529661,B2M,-0.247923747,1.32542e-22,1.07709e-20,0.980716253,0.977973568,B2M
ACTR2,0.149871066,1.09468e-12,4.71397e-11,0.678860898,0.645971153,ACTR2,0.043779086,0.580116431,1.0,0.632506887,0.659324523,ACTR2
PTPRC,0.149648309,1.86309e-16,9.85007e-15,0.891456736,0.866608828,PTPRC,-0.122192547,0.022839745,0.168931324,0.641322314,0.684777288,PTPRC
TRA2A,0.149609521,1.83217e-05,0.000389237,0.261883899,0.232458519,TRA2A,0.485949039,6.96608e-08,1.63255e-06,0.473829201,0.408223201,TRA2A
DHX8,0.148153514,0.000430361,0.007145449,0.221303395,0.198351589,DHX8,0.238750696,0.388279931,1.0,0.247933884,0.241801273,DHX8
SLCO3A1,0.148006424,0.000611659,0.009835602,0.234665936,0.213317428,SLCO3A1,-1.042944312,0.00917179,0.07724219,0.038016529,0.087126774,SLCO3A1
ZEB2,0.147994742,1.11685e-05,0.000242104,0.293866375,0.263420453,ZEB2,-0.72187686,9.35027e-19,5.92984e-17,0.378512397,0.521781694,ZEB2
ANXA2,0.147693381,6.75998e-08,1.96386e-06,0.533953998,0.502548531,ANXA2,-0.353202611,1.9286499999999999e-22,1.5538499999999998e-20,0.861157025,0.883994126,ANXA2
ITGA1,0.147143126,0.00018906,0.003385572,0.288992333,0.266728121,ITGA1,0.0,1.0,1.0,0.0,0.0,ITGA1
STK24,0.145271525,0.000250047,0.004370436,0.286966046,0.264992951,STK24,0.054738082,0.898712096,1.0,0.109641873,0.113558492,STK24
KLHL28,0.145194218,0.000506241,0.008302736,0.225958379,0.203340202,KLHL28,0.224508092,0.935662494,1.0,0.109090909,0.113558492,KLHL28
ARID4B,0.144875348,2.25928e-06,5.4376e-05,0.401259584,0.370729856,ARID4B,-0.003705401,0.114670006,0.62941092,0.446280992,0.500244738,ARID4B
NDEL1,0.143424883,0.000946055,0.014597264,0.183625411,0.16158768,NDEL1,0.319330126,0.470783566,1.0,0.138292011,0.127263828,NDEL1
CTSS,0.142525509,0.000304687,0.005204346,0.396768894,0.375772693,CTSS,-0.439747393,7.7247e-24,6.84e-22,0.88815427,0.897209985,CTSS
IL2RG,0.142167673,0.000996413,0.015272755,0.255859803,0.235711962,IL2RG,0.32665503,0.007507904,0.064680297,0.449035813,0.441018111,IL2RG
PPP4R2,0.140232146,8.08235e-05,0.001549336,0.287677985,0.262281748,PPP4R2,0.279545575,0.167884552,0.845820938,0.341597796,0.346059716,PPP4R2
TXNDC9,0.140097082,0.002343738,0.032704745,0.204654984,0.185066696,TXNDC9,0.073652022,0.893820769,1.0,0.130027548,0.128732256,TXNDC9
CNOT4,0.140076101,0.000216931,0.003846893,0.252683461,0.228229042,CNOT4,0.346935838,0.047622144,0.310727457,0.316253444,0.303475281,CNOT4
ENSA,0.139700443,1.09671e-06,2.77009e-05,0.416922234,0.385045006,ENSA,0.392314494,0.28372125,1.0,0.09862259,0.079295154,ENSA
THOC7,0.139495835,0.001295857,0.019283806,0.245728368,0.22551784,THOC7,-0.140676811,0.055015608,0.350761944,0.246280992,0.290748899,THOC7
THOC2,0.139442608,1.56917e-05,0.000335598,0.329353779,0.300997723,THOC2,0.312190205,3.43063e-05,0.000516024,0.650688705,0.63876652,THOC2
CSNK1A1,0.138643548,2.03419e-07,5.63397e-06,0.509967141,0.47793081,CSNK1A1,0.040345497,0.681158989,1.0,0.279889807,0.293685756,CSNK1A1
PSME1,0.138265848,1.18498e-11,4.74291e-10,0.775301205,0.746285652,PSME1,-0.171386093,0.000489048,0.005814067,0.738842975,0.767988253,PSME1
TTC1,0.137246177,0.000951498,0.014672372,0.25230011,0.23153671,TTC1,0.013978572,0.30090452,1.0,0.26446281,0.296133138,TTC1
RBM8A,0.137209788,3.10584e-08,9.43053e-07,0.584501643,0.548584752,RBM8A,-0.026266728,0.806978741,1.0,0.625895317,0.650024474,RBM8A
PKM,0.136121213,0.000244509,0.00428536,0.465005476,0.45586162,PKM,-0.103606731,0.051574402,0.332242512,0.739393939,0.766030348,PKM
NLRC5,0.135392323,0.001571246,0.022875339,0.178587076,0.157412428,NLRC5,0.119057141,0.932243049,1.0,0.003305785,0.004894763,NLRC5
EMC6,0.133520231,3.56689e-05,0.00072809,0.351259584,0.325561219,EMC6,-0.395611376,2.65878e-08,6.56718e-07,0.439118457,0.542339697,EMC6
TRIP12,0.13258417,0.000526659,0.008587965,0.278368018,0.255666414,TRIP12,-0.43930313,2.22387e-12,8.48505e-11,0.545454545,0.663240333,TRIP12
KIF5B,0.132004529,3.13975e-06,7.34891e-05,0.426615553,0.397245418,KIF5B,0.063633963,0.850388133,1.0,0.572451791,0.597650514,KIF5B
PLEKHF2,0.131080925,1.7592e-05,0.000374984,0.339266156,0.309998916,PLEKHF2,0.227838218,0.893122333,1.0,0.034710744,0.032305433,PLEKHF2
POLE4,0.130944535,0.000356336,0.006010166,0.31456736,0.293460579,POLE4,-0.17952852,0.09319663,0.53341254,0.244628099,0.281938326,POLE4
NKG7,0.129374743,0.000900988,0.01396942,0.416155531,0.401854463,NKG7,1.660791993,0.994708813,1.0,0.001101928,0.000978953,NKG7
TMOD3,0.12911506,9.26009e-06,0.000202975,0.429134721,0.400227741,TMOD3,-0.472843826,0.118105115,0.644684274,0.054545455,0.084189917,TMOD3
ZYX,0.129111677,0.002528735,0.034909511,0.244249726,0.225572064,ZYX,-0.193039015,0.010989045,0.089963517,0.202754821,0.255506608,ZYX
RHOQ,0.129026547,0.002419602,0.033671363,0.263581599,0.245255395,RHOQ,-0.515228033,0.000569871,0.006686017,0.158677686,0.224180127,RHOQ
IER5,0.128612474,0.002285915,0.031950258,0.287677985,0.269818892,IER5,0.532843232,0.942355085,1.0,0.003305785,0.001957905,IER5
NFKBIB,0.127491623,0.003642731,0.047998342,0.248959474,0.230886021,NFKBIB,0.857120693,0.327310132,1.0,0.070523416,0.053842389,NFKBIB
MDFIC,0.123045012,0.000979974,0.015065989,0.263691128,0.240917471,MDFIC,-0.027055951,0.50716524,1.0,0.127272727,0.142927068,MDFIC
YWHAQ,0.12025173,0.000133727,0.002470944,0.391347207,0.36932003,YWHAQ,-0.09803348,0.107915373,0.599345378,0.541597796,0.602545277,YWHAQ
ESCO1,0.119304113,0.001274372,0.019019505,0.28263965,0.261956404,ESCO1,0.252824664,0.001852325,0.019242854,0.626997245,0.604013705,ESCO1
IQGAP1,0.117452733,3.56405e-05,0.00072809,0.438499452,0.409662726,IQGAP1,-0.207639441,0.000313991,0.003903465,0.620385675,0.674498287,IQGAP1
MED1,0.115753956,0.001516595,0.022168152,0.326670318,0.307992626,MED1,0.206503257,0.702206823,1.0,0.255647383,0.258443465,MED1
CDC42SE2,0.11537943,7.36353e-06,0.000163225,0.520481928,0.493384665,CDC42SE2,-0.071846716,0.668042169,1.0,0.067768595,0.076358297,CDC42SE2
SYNGR2,0.114146486,0.003175065,0.042471694,0.287075575,0.269710444,SYNGR2,0.785964489,1.85048e-62,6.55417e-60,0.88815427,0.837493882,SYNGR2
RBM3,0.1141387,2.27612e-07,6.26326e-06,0.694304491,0.667010086,RBM3,0.011471683,0.00297967,0.029178075,0.910192837,0.926578561,RBM3
BRD2,0.113746062,9.76244e-05,0.00184662,0.381051479,0.353703503,BRD2,0.266900867,0.002882423,0.028388687,0.653443526,0.645619187,BRD2
PHC3,0.111747459,0.00036076,0.006076751,0.386801752,0.36530745,PHC3,0.165877923,0.911410369,1.0,0.042975207,0.041116006,PHC3
GNB1,0.111243293,0.000542767,0.008800061,0.358598028,0.337924303,GNB1,0.973460257,3.63739e-80,2.06913e-77,0.873278237,0.779246207,GNB1
PTBP3,0.11094027,0.000113259,0.00212037,0.438499452,0.41172324,PTBP3,-0.054859832,0.368368781,1.0,0.251790634,0.278022516,PTBP3
ZC3H11A,0.110914543,1.7209e-05,0.000367431,0.493592552,0.464537469,ZC3H11A,0.50089407,0.017289105,0.13317648,0.241322314,0.211453744,ZC3H11A
DYNLRB1,0.110107608,0.002448371,0.033997602,0.294578313,0.275024401,DYNLRB1,0.002829988,0.561679247,1.0,0.676033058,0.71463534,DYNLRB1
ZFR,0.110099912,0.00375407,0.049211466,0.237294633,0.218143368,ZFR,0.140148297,0.749608931,1.0,0.306336088,0.314733235,ZFR
COX17_LOC107508371,0.108250774,2.63742e-05,0.00054711,0.557393209,0.532263312,COX17,,,,,,
THRAP3,0.107946627,8.84693e-05,0.001687193,0.436801752,0.410313415,THRAP3,0.103786692,0.703195024,1.0,0.383471074,0.407733725,THRAP3
NUDT9,0.105232902,0.003674595,0.048343354,0.283242059,0.265209847,NUDT9,-0.362102479,1.03215e-08,2.7251e-07,0.45399449,0.566324033,NUDT9
RSF1,0.105195895,0.000390662,0.006545893,0.380832421,0.356414706,RSF1,0.139829755,0.955878901,1.0,0.263911846,0.275085658,RSF1
SSR3,0.104216337,0.001740817,0.025114976,0.316922234,0.296117558,SSR3,-0.377218246,8.60138e-12,3.14747e-10,0.7184573,0.791483113,SSR3
HSPA8,0.103570312,3.75276e-05,0.000762374,0.754052574,0.724596031,HSPA8,0.740329385,6.67047e-73,3.13045e-70,0.936088154,0.908957416,HSPA8
RPS20,0.102903165,8.45167e-07,2.17125e-05,0.800657174,0.781748183,RPS20,-0.23834376,8.10288e-08,1.87324e-06,0.916804408,0.93979442,RPS20
MYL12B_LOC107516877,0.101506121,0.000528185,0.008607356,0.469550931,0.448595597,MYL12B,,,,,,
IFNAR2,0.09995462,2.22823e-05,0.000468312,0.714293538,0.692061599,IFNAR2,0.330670536,0.409646835,1.0,0.142699725,0.131669114,IFNAR2
DEK,0.098886602,4.99095e-05,0.000987211,0.589649507,0.562574558,DEK,-0.569811523,3.22391e-10,1.02402e-08,0.241322314,0.363680861,DEK
CCT4,0.09688025,0.002996789,0.040340536,0.302409639,0.283158009,CCT4,0.12694481,0.03970272,0.266845495,0.639118457,0.649534998,CCT4
PRRC2C,0.096345253,6.11369e-05,0.001197233,0.618893757,0.594024509,PRRC2C,0.404762059,3.92784e-08,9.57577e-07,0.682093664,0.651003426,PRRC2C
DDX6,0.094968207,0.000202237,0.00360638,0.501259584,0.472725301,DDX6,-0.168665245,0.004019179,0.037963917,0.443526171,0.503671072,DDX6
JAK1,0.094270393,0.000128582,0.002389725,0.74381161,0.712612515,JAK1,-0.104082927,0.003814761,0.036313735,0.76969697,0.770435634,JAK1
FYN,0.093675405,0.003481409,0.046038979,0.329682366,0.309782019,FYN,-0.406696945,4.36033e-05,0.000637477,0.229752066,0.311306902,FYN
CEP83,0.089237303,0.000534783,0.008692692,0.639978094,0.614087409,CEP83,-0.517105758,0.013755009,0.109364269,0.078236915,0.126284875,CEP83
MSN,0.088920973,0.000226174,0.003991416,0.740744797,0.713968116,MSN,-0.47237879,4.43259e-17,2.50628e-15,0.656198347,0.729319628,MSN
RAP1A,0.085027084,0.000453543,0.007496222,0.674589266,0.64954994,RAP1A,0.002119323,0.65811325,1.0,0.592286501,0.623103279,RAP1A
PDIA3,0.084997095,0.00127072,0.018987193,0.575684556,0.547988288,PDIA3,-0.163965598,0.001575263,0.016659622,0.831404959,0.855604503,PDIA3
GABARAPL2,0.080025673,0.000564809,0.009128455,0.671084337,0.652911832,GABARAPL2,0.069185801,0.927766283,1.0,0.307988981,0.317670093,GABARAPL2
NDFIP1,0.079292074,0.003749302,0.049174204,0.425629792,0.403589632,NDFIP1,-0.487953275,1.3324299999999998e-20,9.69475e-19,0.687052342,0.776798825,NDFIP1
GRB2,0.078768052,0.003536067,0.046713408,0.472015334,0.44930051,GRB2,-0.067326665,0.246141872,1.0,0.781818182,0.796867352,GRB2
SRRM1,0.075247899,0.00365705,0.048154398,0.550876232,0.528792973,SRRM1,0.134113282,0.033302712,0.22983769,0.680991736,0.680372002,SRRM1
MBNL1,0.06509392,3.19712e-05,0.000654705,0.842880613,0.831146296,MBNL1,-0.593499064,3.2088e-20,2.2645e-18,0.596694215,0.725893294,MBNL1
