,logFC,logCPM,PValue,QValue
ENSGALG00000014582,-2.23205040439418,4.90304103978634,1.09560135604002e-15,5.42363249067813e-13
ENSGALG00000014910,-1.84528160726889,8.37566255511913,6.36814971447728e-10,1.41861148472839e-07
ENSGALG00000010921,-2.42986659228701,6.19641100428467,1.3064187606763802e-09,2.72837393050008e-07
ENSGALG00000017089,-1.73342067797761,7.50267193694999,5.9239968485109e-09,1.02831353087268e-06
ENSGALG00000002028,-1.56146700365937,4.44869984335187,1.14994733760365e-08,1.92127451430129e-06
ENSGALG00000003074,-1.46890732381141,6.24822683156462,1.50795689432705e-08,2.42835564452715e-06
ENSGALG00000006567,-1.36825979884933,7.01054656294498,6.91851277140795e-08,9.2316380637091e-06
ENSGALG00000048035,-2.26207617741434,4.30580780332415,8.81681237829309e-08,1.14413120629384e-05
ENSGALG00000015143,-3.17139591439098,6.04710222382371,4.02216932239552e-07,4.63450992785676e-05
ENSGALG00000033618,-1.3869017785608,5.61206933114796,4.90260524016709e-07,5.55323912204011e-05
ENSGALG00000000357,-1.69649195392455,8.41693746618924,1.18129280423538e-06,0.0001294193411591
ENSGALG00000000314,-3.21338558853433,2.89706168554231,1.44097302362852e-06,0.0001516539010536
ENSGALG00000003601,-1.10361179677868,7.46438188303192,1.5248832414533e-06,0.0001592311672286
ENSGALG00000013177,-1.41404471270678,5.79883643794694,1.55872139243688e-06,0.0001607428759565
ENSGALG00000006689,-1.13830427779973,4.91830220847427,3.19772999329975e-06,0.0003097163702206
ENSGALG00000046226,-1.23836537707728,4.80976902944934,3.51959531341056e-06,0.0003336376663762
ENSGALG00000010718,-1.94801167604263,3.93091715894933,3.99042547151342e-06,0.0003729792087569
ENSGALG00000011608,-1.42892340249422,9.04520254148136,4.11285687339233e-06,0.0003791203101362
ENSGALG00000026258,-1.31434205711982,4.63514273100078,5.28726391863617e-06,0.0004774970914627
ENSGALG00000035842,-1.16552337316449,7.25158585535016,5.44338937576954e-06,0.0004882975999767
ENSGALG00000000311,-1.20400726985966,6.4519305808032,7.25430354505676e-06,0.0006255549753756
ENSGALG00000013941,-1.12312635647646,4.77037969886811,7.84337296961723e-06,0.0006720161737942
ENSGALG00000006076,-1.43887221207092,5.18851169165884,8.87876272944036e-06,0.0007510983711499
ENSGALG00000000769,-1.17692248453826,7.19869752936861,1.07533475980422e-05,0.0008872175555273
ENSGALG00000008744,-1.20889265709297,6.43500389321099,1.0720724511153e-05,0.0008872175555273
ENSGALG00000033203,-1.35363573196935,4.47951248410448,1.17697190285182e-05,0.0009534185729404
ENSGALG00000006344,-1.40570920518706,3.64421372503214,1.19248677860044e-05,0.0009601673664321
ENSGALG00000054083,-6.82378576417513,-0.836604652625496,1.57945266104568e-05,0.0012273816434614
ENSGALG00000014769,-1.2697839997223,3.9995694683763,1.60825906050317e-05,0.0012425428094037
ENSGALG00000005505,-1.08125505234122,7.31261367082469,1.91756870711829e-05,0.0014645841908196
ENSGALG00000023872,-1.17381565895492,8.30814219635338,1.99179560295786e-05,0.0015126329562008
ENSGALG00000046788,-2.29057535795567,1.84400012932433,2.16960899974169e-05,0.0016291569601431
ENSGALG00000015433,-1.29236923532235,7.82831893747864,2.23521092044872e-05,0.0016690407353473
ENSGALG00000038768,-2.06127692953223,3.06528928650522,2.30134368689078e-05,0.0017088755399434
ENSGALG00000020392,-4.74473529077829,-0.612116037690803,2.69432954967517e-05,0.0019896358431468
ENSGALG00000032382,-1.12063887374489,4.87506362052225,2.87045564466722e-05,0.002096530609105
ENSGALG00000004728,-1.16395427549153,5.19236919210145,5.43746665464198e-05,0.0037656569588572
ENSGALG00000041644,-1.10427645070972,5.1809320301879,6.39904376613353e-05,0.0043637560703133
ENSGALG00000042744,-1.0158326759626,4.60244974454513,6.69489722389732e-05,0.0045423348372899
ENSGALG00000009282,-1.2333517038032,5.03955709238302,7.34690240517856e-05,0.0049099348773808
ENSGALG00000011076,-1.11411849524839,4.66343524973581,7.66424721065008e-05,0.0050965337421666
ENSGALG00000032736,-0.896260883933141,7.62783665981923,8.88928316014371e-05,0.0058519144410772
ENSGALG00000015425,-2.40177197584773,7.49549020679945,8.91116144617213e-05,0.0058519144410772
ENSGALG00000031424,-2.02342051240652,9.21753993464356,8.97630353929701e-05,0.0058525499076216
ENSGALG00000036133,-1.1353721394076,4.5855654499032,9.45024132782667e-05,0.0061316468731908
ENSGALG00000005678,-1.0851774294886,10.1904756528653,9.66710502094067e-05,0.0062120445052833
ENSGALG00000013803,-1.59079105173123,2.74165625757349,9.63499550179231e-05,0.0062120445052833
ENSGALG00000052665,-3.77150301682957,-0.292875839892308,9.79396213283032e-05,0.0062634496587277
ENSGALG00000001282,-3.39194479466594,0.936240033631622,9.90743862435366e-05,0.0062759632537019
ENSGALG00000009480,-1.10174421883093,4.98154441452874,0.0001031680257233,0.0065044520368782
ENSGALG00000003879,-1.63891873892989,5.77950217924055,0.0001069055366127,0.0067084478984318
ENSGALG00000037901,-2.30812124492378,2.27976227619585,0.0001194965720206,0.0072807479385107
ENSGALG00000010535,-2.21296508840925,4.40307578819808,0.000119838736082,0.0072807479385107
ENSGALG00000003114,-2.78833258019359,1.88638337031097,0.0001318536800033,0.0079385418329927
ENSGALG00000004700,-1.40458543465951,5.91328174473361,0.0001373353507041,0.008194751328176
ENSGALG00000001370,-3.02946969027255,0.667938559805168,0.0001479354312311,0.0086345195364004
ENSGALG00000008544,-0.919789572119967,5.06470726087033,0.0001473491204233,0.0086345195364004
ENSGALG00000009700,-0.946021862946123,4.85311980646244,0.0001504445216542,0.0087427890279612
ENSGALG00000007114,-1.66237805027577,6.500029220735,0.0001610094665822,0.0092362769542401
ENSGALG00000012821,-0.961280547044045,7.68497665283883,0.0001661973919904,0.009412687887055
ENSGALG00000040266,-2.80080756899943,0.064343951548902,0.0001675278381748,0.0094480045782513
ENSGALG00000004597,-1.1897644265815,3.66863937902685,0.0001892373044541,0.0104952108354112
ENSGALG00000039710,-0.865326889369025,7.20360011726751,0.000192453797924,0.010629493648981
ENSGALG00000007337,-1.41410722746323,7.26805210612752,0.000214749831109,0.011620834990296
ENSGALG00000052645,-1.91723397356282,2.12993299806643,0.0002164885067276,0.011667682987588
ENSGALG00000005845,-0.866925990868347,9.54482599770182,0.000220401069681,0.0117717536509386
ENSGALG00000013980,-1.42482515826867,3.04511342244801,0.0002209814399498,0.0117717536509386
ENSGALG00000009476,-0.967924146530688,7.25854312749757,0.0002534243139234,0.0131800364976711
ENSGALG00000017137,-1.27918559189587,3.51923313638241,0.0002749104764226,0.0141325131840975
ENSGALG00000009875,-2.86191469746115,0.833004484316284,0.0002848358904648,0.0145075576769209
ENSGALG00000001253,-0.923472119665163,5.33750458023204,0.0002841659116054,0.0145075576769209
ENSGALG00000027872,-1.55427696480678,5.57252240467018,0.0002942342835221,0.0148405110700264
ENSGALG00000010406,-1.80483561929563,2.2803974352733,0.0002970979782814,0.0149286149537951
ENSGALG00000048153,-2.08650649236676,1.6389002424013,0.0003007707640231,0.0150565619173535
ENSGALG00000010926,-3.29095706581307,11.5670899514051,0.0003132585766755,0.0154673263294034
ENSGALG00000017248,-0.890200735698677,5.49397527470699,0.0003182428050223,0.0155498371186307
ENSGALG00000009825,-1.21310555140344,4.18369164128943,0.0003235842193747,0.0156703865078356
ENSGALG00000009002,-1.36887213787426,3.28758003865148,0.0003336611732196,0.0161000550225775
ENSGALG00000046992,-1.15321702692158,3.41449313658359,0.0003392240958012,0.0162511443171284
ENSGALG00000010036,-0.899921567323526,4.80882622000627,0.0003603319012,0.0171394882257624
ENSGALG00000014124,-0.849791973707038,6.32123593591268,0.0003709368680338,0.0175192303114505
ENSGALG00000001805,-0.958707840640505,4.63013999229888,0.0004032298927962,0.0188446529619382
ENSGALG00000039001,-2.21683718808515,1.27716747585428,0.0004063751020371,0.0189254690377284
ENSGALG00000003955,-1.04715212529977,7.04246835380935,0.0004085543929221,0.0189608958881836
ENSGALG00000005994,-0.849813058898516,5.67581513018725,0.0004297093595927,0.0197370972519465
ENSGALG00000039300,-0.816538645701393,6.18744141864344,0.0004433889812058,0.0201576092612134
ENSGALG00000009650,-1.59147590156325,3.39846552534475,0.0004715251496079,0.0212202193591227
ENSGALG00000009239,-1.06055569599355,5.00632833121211,0.0004823160050463,0.0216330057833875
ENSGALG00000004150,-0.944612241892648,5.83134122436185,0.0004922882965399,0.0220064393697404
ENSGALG00000002466,-0.991768813000834,4.64162817564084,0.000498822988151,0.0222242268654231
ENSGALG00000029652,-0.803263892138437,7.02096073686499,0.0005103873707678,0.0226639122846607
ENSGALG00000013828,-1.12028216363553,4.79470160768969,0.0005219069637253,0.0229765663698327
ENSGALG00000003849,-1.24304281176268,4.86473704105435,0.0005225132959853,0.0229765663698327
ENSGALG00000043826,-1.26821951487285,9.05071741437446,0.0005243044099056,0.0229765663698327
ENSGALG00000035949,-0.874936421348158,4.94818265054073,0.0005296176372374,0.0230582063169916
ENSGALG00000051001,-2.13405267094474,1.43192089838349,0.0005358710005739,0.0232547136158158
ENSGALG00000008786,-0.980708138640292,4.74676447173948,0.0005405258372205,0.0233808036902586
ENSGALG00000003732,-0.806842558213273,7.86112299312506,0.0005517084440937,0.0235595369449111
ENSGALG00000002854,-2.35680300630319,0.674143492877822,0.0005672827746909,0.0239407654056654
ENSGALG00000008653,-0.977516992939318,7.31118748211456,0.000601903866359,0.0251342213644559
ENSGALG00000009732,-1.21025604386363,4.39240701286051,0.0006340622276623,0.0260963157824398
ENSGALG00000023898,-1.15117053105414,3.6441765128967,0.0006454584188135,0.026463795171354
ENSGALG00000015147,-2.65943350427944,0.0219633929167468,0.0006695589064881,0.0272845254393918
ENSGALG00000042330,-2.21320035146247,0.897418918519853,0.0006934827358044,0.0281735265859045
ENSGALG00000034948,-1.0493746079188,4.19543330369173,0.0007143895972341,0.0286742683382336
ENSGALG00000042810,-1.36431502203761,5.84163118274619,0.0007207530018231,0.0288430677316413
ENSGALG00000007078,-0.88962592521966,7.47512407576791,0.0007605968299714,0.0302563608017793
ENSGALG00000000636,-0.824274418872462,5.52255413445823,0.0007923434004112,0.031332727484902
ENSGALG00000013239,-2.81949760053118,3.67828159347446,0.0007978574491257,0.0314577069764463
ENSGALG00000001288,-2.75353075796002,-0.247239068340834,0.000914841971841,0.0354886976868486
ENSGALG00000030550,-0.790234297510625,6.00322830832399,0.000916025789463,0.0354886976868486
ENSGALG00000034188,-1.16520991108094,3.46825915772944,0.0009329277093901,0.0359351924026175
ENSGALG00000003645,-0.84222136327531,5.27668656511637,0.0009387988629145,0.0360574298899867
ENSGALG00000006174,-2.87388371226097,-0.0285747872848757,0.0009500106035936,0.0362795477932351
ENSGALG00000012481,-3.46931461585263,0.209966261529618,0.0009827128502011,0.0371043501575938
ENSGALG00000035378,-0.829551008966736,5.79787102681756,0.0009927186812166,0.0373765574454699
ENSGALG00000004397,-0.905268671182652,5.75232237868876,0.0010060103649754,0.0376648026281846
ENSGALG00000048954,-5.9977473135841,-1.45192661869544,0.0010044709055758,0.0376648026281846
ENSGALG00000015271,-1.67227581417291,3.16312460359462,0.0010264846235901,0.0382470303394649
ENSGALG00000005418,-1.03238169094656,3.84860619480073,0.0010320460453353,0.0382729860282624
ENSGALG00000053278,-1.06834963055602,5.81195060793311,0.001044369133461,0.0385608780050853
ENSGALG00000052151,-1.00412182699071,4.1481880600506,0.0010666829900631,0.0392762667911397
ENSGALG00000013505,-0.857979384552329,8.13675017116332,0.0010706378682516,0.0393135872171743
ENSGALG00000028147,-1.3756072988448,10.7269157735176,0.001090824524172,0.0397274130519991
ENSGALG00000052302,-1.39441014648202,4.73505941500755,0.0011283289194337,0.0409816422205185
ENSGALG00000050173,-4.09260325833236,-1.12168434909254,0.0011537155300238,0.0417901403097542
ENSGALG00000028373,-0.912879885231993,4.31250723375139,0.0011586239734072,0.0418504146519265
ENSGALG00000051334,-1.4660653489621,3.04465437099675,0.0011647728752444,0.0418504146519265
ENSGALG00000036418,-1.98317637988157,1.0719578923583,0.0012050339773962,0.0430069177630463
ENSGALG00000013742,-0.805492922597075,5.73532531501895,0.0012066133593552,0.0430069177630463
ENSGALG00000016791,-3.25737425108668,5.23261980018868,0.0012156290325815,0.0432072583487069
ENSGALG00000016485,-0.867019948761166,6.46115754721532,0.0012186994162399,0.0432072583487069
ENSGALG00000012256,-0.772984137887233,7.42849919488243,0.0012257346321852,0.0433417171793348
ENSGALG00000008058,-1.00045937727923,3.89488108173533,0.001240337170533,0.0437423393703043
ENSGALG00000008542,-0.975583413955446,7.30513435361651,0.0013255385272039,0.0462588719441455
ENSGALG00000009880,-0.995516658636535,4.189513962571,0.0013422085881196,0.0467186458041854
ENSGALG00000006080,-2.3482034443751,1.82602204827487,0.0013589650459018,0.0471790306585039
ENSGALG00000008631,-0.978260079864228,6.47630120641246,0.0014886158190274,0.0503717443977744
ENSGALG00000015935,-3.22671983978862,1.01457523446178,0.0014925048390238,0.0503758072686682
ENSGALG00000049714,-2.69924937659282,0.0782060664430065,0.0015341404243505,0.0516506823976574
ENSGALG00000009895,-2.98733605076226,-0.244987566454854,0.0015684407352928,0.0526728112259401
ENSGALG00000011164,-0.774692387928298,7.95368259993941,0.0015830435764473,0.0530299760471046
ENSGALG00000011008,-0.928586404112313,4.21948084431168,0.0016161624919921,0.0538736542699511
ENSGALG00000032687,-1.79629808692674,2.24983182524086,0.0016162902410781,0.0538736542699511
ENSGALG00000055082,-6.17721664800641,-1.37040667213046,0.001635527653513,0.0543792602409349
ENSGALG00000030025,-2.73813619299638,6.9147134094417,0.0016589372217544,0.0548845418464603
ENSGALG00000031306,-0.804964909463176,5.12238717896372,0.0016843167582662,0.0555866118295961
ENSGALG00000009805,-1.01868827286706,3.66343808324154,0.0016964133981214,0.0558479346780559
ENSGALG00000002759,-1.02523241099801,3.99004743155651,0.0017294061607923,0.0563291577517558
ENSGALG00000004587,-0.722543788769866,6.5929103322378,0.001719670800292,0.0563291577517558
ENSGALG00000014071,-0.719304015502894,8.28631908068041,0.001729181865433,0.0563291577517558
ENSGALG00000052345,-3.08274290561039,0.525549303506682,0.001732102636239,0.0563291577517558
ENSGALG00000004127,-1.77552745462335,2.31791510251003,0.0017430538541856,0.0563994006859286
ENSGALG00000005626,-0.768237532856113,5.1929605059354,0.0017481363910347,0.0563994006859286
ENSGALG00000043787,-0.979799604070305,4.82326444006894,0.0017553606677649,0.0563994006859286
ENSGALG00000008385,-0.826205169286481,5.45027310777013,0.001786254283126,0.0567955422178785
ENSGALG00000006286,-0.933177149894591,4.83554333836219,0.0017751546426269,0.0567955422178785
ENSGALG00000008677,-1.13918393091267,11.4876010693564,0.0017874958865384,0.0567955422178785
ENSGALG00000042771,-0.882402888806461,4.1262664503933,0.0018549336435207,0.0584000849462378
ENSGALG00000008408,-0.86685357096514,6.1154001219015,0.001861322473971,0.0584000849462378
ENSGALG00000011149,-1.04988946137738,8.54941230506946,0.0018589137209392,0.0584000849462378
ENSGALG00000053864,-2.48867362362981,-0.0908292887900558,0.001877986888094,0.0587849478835257
ENSGALG00000033619,-1.05002493675793,4.50205666078299,0.0018896424361915,0.0590115906591963
ENSGALG00000010961,-1.126188410176,3.80456801688381,0.00190039241865,0.0591819573889303
ENSGALG00000048294,-2.11791568415493,0.493986577039643,0.0019039534398653,0.0591819573889303
ENSGALG00000048911,-1.10993871019791,3.35568066231968,0.0019474653444454,0.0603118895344343
ENSGALG00000033512,-0.738534282415947,5.4621561883765,0.0019493293639739,0.0603118895344343
ENSGALG00000004140,-1.28322161158092,2.94923964946679,0.0019664177119098,0.0607000903865747
ENSGALG00000005540,-1.05340500009023,4.23950550311285,0.0019853080315358,0.0610837619833387
ENSGALG00000009050,-0.853248794806111,4.79324736882824,0.0019879871661493,0.0610837619833387
ENSGALG00000016531,-0.834138538962164,7.97361202711603,0.0022282114526982,0.0676869869926481
ENSGALG00000010371,-0.77157587972923,5.79607345320458,0.0022950776782028,0.0692460682773346
ENSGALG00000006374,-0.879948150653414,4.98972205658736,0.0024185145706427,0.0723173730452154
ENSGALG00000031170,-1.22465042347985,3.17694874986378,0.00246825193982,0.0734758472775822
ENSGALG00000032903,-0.917796110361369,6.08010919431084,0.0025805463225932,0.0761403579421216
ENSGALG00000029921,-3.44611874888564,3.8093999812833,0.0026372664475744,0.0771328300618821
ENSGALG00000001545,-1.54879869687666,1.56969222348902,0.0026324674079719,0.0771328300618821
ENSGALG00000004246,-0.901987688826861,5.7868936162194,0.0026732213897496,0.0778437409485714
ENSGALG00000015332,-5.97290247609109,-1.42087547743285,0.002706947587171,0.0786544814133227
ENSGALG00000016630,-0.691181743206421,6.79615831120865,0.0028565418131059,0.0821086835999441
ENSGALG00000002563,-0.786268201863027,6.63505116921082,0.0029250622816418,0.0835392787530455
ENSGALG00000002588,-0.705383352379165,5.78553089421903,0.0029507045405094,0.0840147025156928
ENSGALG00000050619,-1.88260329086889,0.948934012564661,0.0030102783363087,0.0852444496675916
ENSGALG00000017652,-0.917558874345442,4.0449949208849,0.0030230150230374,0.0854241412218161
ENSGALG00000000317,-4.19351666822306,-0.375348450377981,0.0030474979347315,0.0857616289027208
ENSGALG00000007511,-0.739079849604882,8.15636134990836,0.0030477909418518,0.0857616289027208
ENSGALG00000048475,-0.955675484985458,9.82980380885589,0.0030826063220745,0.0863776018885716
ENSGALG00000049376,-1.62151260940188,2.33399534971334,0.0030765458831277,0.0863776018885716
ENSGALG00000010949,-1.72400702701949,7.08142754350766,0.0030895589505302,0.086391307390767
ENSGALG00000004310,-0.66482197820445,6.60530167205135,0.0031315621587642,0.0872009579459227
ENSGALG00000006837,-1.14397713765992,6.20982739927978,0.0031539119064247,0.0876407204600281
ENSGALG00000011889,-0.807710109979994,5.72794350830222,0.0031855735870023,0.0883368808379121
ENSGALG00000055067,-2.55735696182179,0.270632920096492,0.0031951108650258,0.0884179126748143
ENSGALG00000049653,-0.884058087870406,9.13327389899224,0.003243111396728,0.0893761379972506
ENSGALG00000000736,-0.809788890633002,6.79054007593953,0.0032667314398295,0.0898418362649413
ENSGALG00000002728,-0.752153889430255,5.83281483602961,0.0032769292589033,0.0899372412207429
ENSGALG00000013697,-1.77282827863286,0.872301884039902,0.0033572798580628,0.0916614894162878
ENSGALG00000007140,-1.01081433638947,7.81399287763752,0.003408071521466,0.0922111011253348
ENSGALG00000043582,-2.44609256734175,8.26550143699782,0.0034027881971505,0.0922111011253348
ENSGALG00000016022,-0.783389173382181,5.88702123863327,0.0034381183524976,0.0928361412110769
ENSGALG00000033908,-4.16370215519311,2.35434960365512,0.0035050838143437,0.0942709607918327
ENSGALG00000005676,-0.682928594189677,6.12812535932617,0.0035495809934541,0.0952684730090531
ENSGALG00000034965,-0.654591538963795,7.04769391594688,0.003586375443306,0.0960631145796157
ENSGALG00000012425,-0.896642581299879,5.76324983693733,0.0036084197875545,0.0964602777609084
ENSGALG00000053077,-1.03147505368669,4.2262808827222,0.003618134611295,0.0965167987296781
ENSGALG00000004436,-1.11434621457706,5.27884784233884,0.0036379405548267,0.0966694104489359
ENSGALG00000028174,-1.09797513219068,4.18633181872747,0.003655022215763,0.0969306089997786
ENSGALG00000041787,-0.963134888039962,5.57417651697094,0.0036956758410912,0.0978146599842085
ENSGALG00000041896,-0.862741337989644,6.14231200109122,0.0037450520343595,0.0987305039275136
ENSGALG00000045614,-5.60945975178152,-1.71018711942883,0.0038223606654348,0.100372637827509
ENSGALG00000009730,-5.60945975178152,-1.71018711942883,0.0038223606654348,0.100372637827509
ENSGALG00000006401,-0.761055937605938,5.83350553581378,0.0038450563479539,0.100770633621083
ENSGALG00000004333,-0.890498654691955,6.55289946252293,0.0039260845378097,0.102492277211651
ENSGALG00000006526,-1.2342957132373,3.41967901717422,0.004001615959975,0.103654261474858
ENSGALG00000030913,-1.60097635990285,1.21972457442306,0.0040161674453329,0.103829969195976
ENSGALG00000005992,-0.71475766798924,4.80541051566969,0.0040635863462883,0.104853079352297
ENSGALG00000040993,-0.896779648230495,3.64574353347116,0.0040736386685439,0.104909931490865
ENSGALG00000005884,-0.873355345489192,5.79218558289779,0.0042550302162317,0.108951597452402
ENSGALG00000043931,-0.916388844380785,3.58944028387758,0.0044349096124965,0.112427937873605
ENSGALG00000012730,-0.938599581374952,5.79300300004386,0.0044412652399568,0.112427937873605
ENSGALG00000003183,-0.732424985738487,5.72444233385223,0.0044569716045153,0.112612254188945
ENSGALG00000033033,-1.62803363068697,2.10009113757199,0.0045185331074424,0.113952289649199
ENSGALG00000003149,-0.741062162432396,6.46808179203175,0.0045284862301257,0.113988224014802
ENSGALG00000031210,-0.966661935734351,4.16301211980343,0.0045980570877408,0.114874076700456
ENSGALG00000038708,-1.52401531012352,2.65274948847231,0.0046246475430649,0.115322834068294
ENSGALG00000001304,-0.637784681159371,6.81871037393037,0.0046352345568341,0.115371592340121
ENSGALG00000049871,-1.87739727039983,1.38039157054691,0.0046694185527975,0.116006409622105
ENSGALG00000005685,-0.756390515125312,4.56812336737045,0.0046878276337508,0.116032415097619
ENSGALG00000026119,-0.873011975862254,4.59540754137019,0.0047116342426726,0.116406105891984
ENSGALG00000037603,-0.917067697262285,3.97466258713343,0.0047968889891673,0.118293760570499
ENSGALG00000015910,-1.98110921586815,0.587742564039018,0.004843965247915,0.118797136703913
ENSGALG00000033938,-0.705536341205761,5.96945765654892,0.0048383503499773,0.118797136703913
ENSGALG00000002055,-1.73335775031723,1.8822945733154,0.0049249793114421,0.120342364674106
ENSGALG00000007098,-0.742192670527137,4.45985236697778,0.0049191656691666,0.120342364674106
ENSGALG00000033541,-1.34320056075276,1.85294284569397,0.0049426499864476,0.120553758611057
ENSGALG00000002375,-0.644015187654575,6.95440227337513,0.0049629955131072,0.120829504605085
ENSGALG00000003256,-0.653581784684623,7.951234931041,0.0049786668008534,0.120910364438043
ENSGALG00000046715,-1.96474714931045,3.39986319297538,0.0049998574531618,0.121004957593208
ENSGALG00000012814,-0.873755377319767,4.37432253265712,0.005006414899674,0.121004957593208
ENSGALG00000011686,-0.938807410633683,6.84584990981696,0.0050667687956604,0.121804068345146
ENSGALG00000002551,-1.06390968552594,5.7402846026858,0.0050668159509128,0.121804068345146
ENSGALG00000052800,-2.65284193459823,-0.347217970311306,0.0050961896180403,0.122071093969046
ENSGALG00000001419,-0.992752766246051,8.01139199718131,0.0051483213390143,0.122994798728723
ENSGALG00000053164,-2.04641298927684,2.61395077320455,0.00532878488464,0.126734054747507
ENSGALG00000007920,-0.871553578632735,4.2755927087482,0.0053558994414824,0.127152667735088
ENSGALG00000011687,-0.694951774384489,9.46028651388336,0.0053888936299451,0.127709135208949
ENSGALG00000005968,-3.66500135498254,-1.39592907210271,0.0055177688682962,0.129842427277549
ENSGALG00000038678,-0.779040114210829,5.49720531821171,0.0056128620463781,0.131848003711582
ENSGALG00000002150,-1.70859059573619,2.47001815971377,0.0056505386736237,0.13226812593985
ENSGALG00000041505,-0.655751553295144,7.1523975823728,0.0056624574584657,0.132315395786456
ENSGALG00000030966,-1.00219534967716,3.54093044751433,0.0057441261776292,0.133756080993366
ENSGALG00000015132,-1.63095047146997,6.50336504436711,0.0059080438316284,0.136380254300024
ENSGALG00000007963,-0.791215776534172,4.50965791214375,0.0059342034228237,0.13651732005071
ENSGALG00000008080,-1.21086495702803,4.50194549687546,0.0059608795849546,0.136895389231106
ENSGALG00000012934,-3.62168774287995,-1.40851850421498,0.006046589201809,0.137915889541603
ENSGALG00000041153,-0.858156345726851,4.08763886433975,0.0060570266925238,0.137918600974912
ENSGALG00000005714,-0.743476965137894,4.52752449128509,0.0061612835179555,0.139816155349735
ENSGALG00000012834,-2.71684037938916,0.590935123784407,0.006205674665322,0.140431872122428
ENSGALG00000013042,-0.924885606439186,3.56285440363841,0.006209429629235,0.140431872122428
ENSGALG00000000863,-1.00835250616973,3.60628758619232,0.0062302607800951,0.140664975653298
ENSGALG00000003412,-0.620274410486251,7.92030774539181,0.0062697688997849,0.141318264948611
ENSGALG00000040908,-0.715798379797975,6.05401700124919,0.0063523215156862,0.142697696434727
ENSGALG00000008459,-0.944826776780078,5.43507451707284,0.0064131531899164,0.143341480830139
ENSGALG00000029077,-0.648783854784194,8.4140616044118,0.0064002238503868,0.143341480830139
ENSGALG00000021395,-1.04361927990162,7.14192084595911,0.0064294430373111,0.143465668842571
ENSGALG00000054402,-4.7362961896727,-0.59737242500768,0.0065219632268206,0.14467168936611
ENSGALG00000050251,-1.24075059311733,1.95202515268921,0.006526786524597,0.14467168936611
ENSGALG00000045350,-0.895898701513206,7.01842385260491,0.0066245235316852,0.14635269673472
ENSGALG00000040957,-1.10446008673013,4.00862637116554,0.0066386362635778,0.146422462539574
ENSGALG00000047025,-2.54213132862087,-0.308141893999689,0.0066931328601025,0.146897231212036
ENSGALG00000025851,-0.703529401417582,4.53475801155734,0.006798923814016,0.148487607349899
ENSGALG00000017462,-0.66310530556833,8.71624852950757,0.0069347048528687,0.151205978896318
ENSGALG00000014094,-0.748255770309409,5.69650220991111,0.0070113451795661,0.15237990190257
ENSGALG00000011499,-0.679440535620712,8.21436955655012,0.0070763409130581,0.153045910427079
ENSGALG00000010412,-1.08404155811234,3.59392771744841,0.0071378356889037,0.15412651343762
ENSGALG00000009300,-0.691803297677929,7.15326418906443,0.0071754467665223,0.154688744324739
ENSGALG00000049807,-1.74939391773114,1.89076042863062,0.0072642549421358,0.156080904839657
ENSGALG00000040260,-2.09257104699729,5.27794586316078,0.0073111574006109,0.156604054193216
ENSGALG00000020410,-0.919929856702244,4.66350962307093,0.007330986631863,0.15677754771437
ENSGALG00000030800,-0.689229443232982,5.4036566051717,0.0074110640340617,0.157732932928773
ENSGALG00000034007,-0.79620816962944,6.52071396750947,0.0074016853492244,0.157732932928773
ENSGALG00000041365,-2.15774367946306,-0.404720453979062,0.0074399342616267,0.158095646010974
ENSGALG00000012401,-0.640996089771167,5.75219076335978,0.0075543895874952,0.159341804151816
ENSGALG00000027152,-0.619157235386383,6.41923672700281,0.0075701066614098,0.159341804151816
ENSGALG00000052333,-1.03286175614966,2.61276652800152,0.0075613861845313,0.159341804151816
ENSGALG00000005118,-0.986791822847261,3.88833528174547,0.0075379541020728,0.159341804151816
ENSGALG00000006663,-0.961398697902153,9.42968699631448,0.0076392633566464,0.159790913967037
ENSGALG00000004323,-0.702036653470111,6.93947945704833,0.0076541124512343,0.159851354723748
ENSGALG00000001684,-0.669410474485152,8.4243093748666,0.0077810276655854,0.162227627068284
ENSGALG00000011555,-0.675453798856627,6.15808466962154,0.0078920826230383,0.163543529208575
ENSGALG00000030064,-0.940260558905624,4.82847560620791,0.0081268610411938,0.167888137058109
ENSGALG00000034281,-0.808193050741477,6.18065148729645,0.0082597852524406,0.17010830459803
ENSGALG00000014880,-0.722117461877614,5.56403969271108,0.0083700479365698,0.171585982699682
ENSGALG00000006802,-0.679537699149782,5.80299249731391,0.0085037551038977,0.174060016414545
ENSGALG00000031700,-0.824695981353225,4.56651990317599,0.0086993622038099,0.175908737089447
ENSGALG00000019077,-0.916484856810178,4.72369200310167,0.0086680050120688,0.175908737089447
ENSGALG00000031449,-5.53914663564678,-1.7744959193856,0.0086728034441094,0.175908737089447
ENSGALG00000003644,-3.51633522440416,-1.44338200328763,0.008641600095238,0.175908737089447
ENSGALG00000010837,-0.916936984236232,3.2256241272368,0.0087490180883923,0.176645582733311
ENSGALG00000046568,-5.34975077541738,-1.86307154802713,0.0088007064093899,0.176887581756249
ENSGALG00000035596,-0.784881657361771,3.86410572248318,0.008789415579708,0.176887581756249
ENSGALG00000003886,-5.34975077541738,-1.86307154802713,0.0088007064093899,0.176887581756249
ENSGALG00000031560,-0.700951340367369,4.47987958464125,0.0091421156791064,0.182378385323786
ENSGALG00000044661,-1.24225841636209,3.7818012189435,0.0091303614733772,0.182378385323786
ENSGALG00000016185,-0.673558152711549,6.09491407666875,0.0092396168796895,0.183794998766534
ENSGALG00000001262,-0.752918821313609,5.60786064466157,0.009270989606042,0.184124884211527
ENSGALG00000026153,-1.92590723192775,1.08977948075329,0.0093252751542416,0.184928231026103
ENSGALG00000041362,-0.602248974038365,6.68055620472355,0.0093817815563223,0.185498361363616
ENSGALG00000043435,-2.79282456750471,-0.525406153560204,0.0094999072987221,0.186880979406325
ENSGALG00000012994,-0.881617172627428,3.20672826642239,0.0095076362409322,0.186880979406325
ENSGALG00000011854,-0.727656517074284,6.63563766183439,0.0094734826487944,0.186880979406325
ENSGALG00000012055,-2.85515231107492,3.35069926605669,0.009595233116533,0.187774357006707
ENSGALG00000029416,-1.97548098186588,0.287989762598343,0.0097401411738484,0.189776569868307
ENSGALG00000000497,-2.08135018727296,1.57052167931828,0.0097709453010871,0.190099643223188
ENSGALG00000016455,-1.29901615613205,2.87111799717793,0.0098012595116833,0.190370675679006
ENSGALG00000001561,-0.967743899306606,2.90082260269172,0.0100643953331079,0.194394086737457
ENSGALG00000008347,-0.843908470235631,4.84428329021579,0.0100804537764125,0.194423297511586
ENSGALG00000050897,-0.67432206888767,7.10935238931231,0.0101776294106882,0.195732654249292
ENSGALG00000046840,-0.92346677461543,4.03990564269658,0.0102622898231503,0.197077249678487
ENSGALG00000054281,-1.37845751334021,4.66796509786493,0.0102846905520215,0.197224065879941
ENSGALG00000016959,-1.01517995786509,2.80831214850024,0.0103197111863475,0.197329413042518
ENSGALG00000014186,-1.22494688206918,6.52142559655213,0.0103135260011128,0.197329413042518
ENSGALG00000010665,-0.868208643479204,4.49753086142575,0.0104326366781704,0.199203745486323
ENSGALG00000034434,-0.58917033701605,7.45398688971403,0.0105258267261336,0.20041054134117
ENSGALG00000052873,-0.728457696544567,4.75486181127193,0.0106065869789982,0.201660941054467
ENSGALG00000006702,-0.67664977630885,4.62081488934403,0.0106809186687415,0.202785737111363
ENSGALG00000034294,-1.31786574570614,6.76823463490389,0.0107487454459787,0.203784016497804
ENSGALG00000039307,-0.619005641031926,5.35842662430608,0.0107936423853378,0.204345359946778
ENSGALG00000001939,-0.716297434873408,7.36824327924752,0.0109900580289907,0.207476151999279
ENSGALG00000006372,-0.66113594921425,6.39487746046988,0.0110426749807393,0.207937419833465
ENSGALG00000013535,-0.704935482380824,5.45434840222954,0.0112143116871678,0.210816441646533
ENSGALG00000044599,-0.831349369172634,3.29511400364404,0.0112557651303903,0.211298534737075
ENSGALG00000049397,-1.88231242559251,6.7206573523378,0.0113563012897736,0.212291360893866
ENSGALG00000016639,-0.60357725058308,5.08156792946251,0.0113437554404689,0.212291360893866
ENSGALG00000035504,-1.03946759163048,2.52857740099893,0.0113917960064586,0.21265746567364
ENSGALG00000040663,-0.608869037561051,4.97898811605995,0.0114653570786612,0.213434488458755
ENSGALG00000002532,-0.917403233066619,6.13034424386046,0.0114965797765023,0.21371806021242
ENSGALG00000026945,-1.32410178880091,2.4580874876978,0.0115784156415692,0.214940421479463
ENSGALG00000001387,-0.818381255425394,3.85307836285619,0.0116157108649911,0.215183354767641
ENSGALG00000016833,-0.717433898592982,3.9473893156692,0.0117182692542283,0.216036395657952
ENSGALG00000003841,-0.643146302537038,5.12594196453843,0.0117452119213327,0.216234851984206
ENSGALG00000005079,-0.900681989018708,8.79040138647879,0.0117763905029567,0.216510640251059
ENSGALG00000030432,-0.730592248732613,8.76178672308059,0.0118653596389219,0.216952663384173
ENSGALG00000003381,-0.894818274629057,9.55606444461137,0.0118551288409944,0.216952663384173
ENSGALG00000014812,-2.23792116386184,-0.631579811691021,0.0118555513199253,0.216952663384173
ENSGALG00000034605,-4.64708483537288,-0.842860494448912,0.0120543198531526,0.220106610870543
ENSGALG00000009898,-0.746756349609827,4.66145716672713,0.0120758898662981,0.22019965068614
ENSGALG00000014855,-0.990376275086672,2.84304340911241,0.0122341875792059,0.222580321850685
ENSGALG00000054783,-0.62623495990913,6.21617672259725,0.01228509673913,0.222798647239093
ENSGALG00000015326,-0.581187328158523,8.00048424297418,0.0123266395416162,0.223249138364826
ENSGALG00000010593,-0.738327687501663,4.47433415028898,0.0126144466064113,0.227422690897565
ENSGALG00000050638,-5.31977519705287,-1.86987119485247,0.0126604083363642,0.227444916429897
ENSGALG00000036021,-5.31977519705287,-1.86987119485247,0.0126604083363642,0.227444916429897
ENSGALG00000047511,-2.06688406374619,4.68123139570506,0.0128265926283274,0.229812650228182
ENSGALG00000003567,-1.8578719595589,0.396922541232459,0.0128766500239137,0.230400674992812
ENSGALG00000008095,-0.866952652371901,3.50429094387301,0.0129376491407746,0.230873989873957
ENSGALG00000049533,-0.830088552623498,4.3530803682724,0.0130427198644275,0.231205561946867
ENSGALG00000036678,-5.18400980944599,-1.94943408174099,0.0130336929699841,0.231205561946867
ENSGALG00000009823,-1.04109494238649,5.23083487679779,0.0130164194788519,0.231205561946867
ENSGALG00000027905,-0.757199252831809,3.75273545912296,0.0129910183533612,0.231205561946867
ENSGALG00000037262,-5.18400980944599,-1.94943408174099,0.0130336929699841,0.231205561946867
ENSGALG00000045125,-0.857724622949203,7.50803939415483,0.0134712005721546,0.237540985286832
ENSGALG00000032992,-0.913532172186096,5.94791313710126,0.0134591362641228,0.237540985286832
ENSGALG00000044716,-0.787907327003879,8.83899366418558,0.0136807997760142,0.240217417484512
ENSGALG00000008907,-0.836041050428521,3.91402757998309,0.0139780393508388,0.244542505187581
ENSGALG00000003742,-0.83763022634676,4.67807247812157,0.0141769904021031,0.247698893744457
ENSGALG00000011404,-0.598795261832707,6.43840139984253,0.0141957736383198,0.247703277349586
ENSGALG00000017327,-0.640699276328222,7.36962474844087,0.0142328265151367,0.24802602242675
ENSGALG00000032685,-0.578671130180873,6.74606514277652,0.0142786186940563,0.248176875766914
ENSGALG00000042759,-1.00145377535017,4.3335170603291,0.0146790937316986,0.253566705669227
ENSGALG00000042003,-5.21814405394379,-1.94255051353157,0.0148206163455097,0.254290575191377
ENSGALG00000008077,-0.833117625782243,4.6768301842228,0.0149918063896545,0.255906629812393
ENSGALG00000007659,-0.561717909382689,8.43768881163503,0.01506765993043,0.256553302713538
ENSGALG00000008053,-0.78017014713607,4.86604985163684,0.0151033693526576,0.256834140925728
ENSGALG00000001995,-0.789495550579414,3.51796448993028,0.0152781566414491,0.259476291829236
ENSGALG00000001639,-0.680213608007403,6.1407219974798,0.0153524148208853,0.260406569157301
ENSGALG00000015233,-0.558160431204408,8.26815560270189,0.0155418363994335,0.26295213330991
ENSGALG00000011875,-0.791475864871482,6.96836658838024,0.0156257848855203,0.263704849469526
ENSGALG00000030276,-0.694840084236939,7.6851865060969,0.0156814847858491,0.264311129442194
ENSGALG00000050442,-3.57125319919315,-1.49780463208545,0.0157057259384538,0.264386313467724
ENSGALG00000036471,-0.564227538834294,6.6689922575462,0.0157287220000769,0.264440375161042
ENSGALG00000011379,-2.33428484500776,-0.795669482225202,0.0161447826751161,0.270076552234795
ENSGALG00000014877,-0.619332957141201,6.67440887594268,0.0161403986476163,0.270076552234795
ENSGALG00000001882,-0.729488783159693,4.01219452248395,0.0162284805505459,0.271137338798246
ENSGALG00000016709,-2.9453815540925,-1.25261904811919,0.0162796280153761,0.271652319667311
ENSGALG00000036783,-0.681958686708914,6.06833506101478,0.0164346633675025,0.273897394725733
ENSGALG00000008325,-0.547777207375716,6.20479131009234,0.0166968328030355,0.277574461747975
ENSGALG00000017184,-2.20709446984727,3.94522126791117,0.0167724849594257,0.278150964533609
ENSGALG00000010440,-0.714107197474201,4.1329550596641,0.0169257607827213,0.280334223818901
ENSGALG00000023781,-0.670669701259512,7.77899137901359,0.0169939604086215,0.280430358285409
ENSGALG00000011708,-0.721986101200649,7.40063133024328,0.0169898003388716,0.280430358285409
ENSGALG00000037791,-0.69154740360871,7.1159011693538,0.0169945077219199,0.280430358285409
ENSGALG00000051980,-0.823118773614323,3.10814827526828,0.017076047791075,0.280550379561599
ENSGALG00000032181,-2.24847797678835,0.10180600464903,0.0171140441616075,0.280550379561599
ENSGALG00000034166,-0.630741688316609,4.67484241098295,0.0171277203143996,0.280550379561599
ENSGALG00000002638,-1.23534124463147,1.99800759398118,0.0172194055282859,0.281362560258032
ENSGALG00000009957,-1.37499082978091,2.85634691755714,0.0172473674368813,0.281475351845368
ENSGALG00000047190,-0.820755600544725,5.90298222641133,0.0174180689836419,0.283914524433363
ENSGALG00000000843,-0.682152647741063,7.34941831565483,0.0174630807295109,0.284301506736471
ENSGALG00000051041,-0.692272977179272,5.00983015121468,0.0175522127717875,0.285404958525196
ENSGALG00000040167,-0.549614327015813,5.88230414832143,0.0177712449244994,0.288177376287028
ENSGALG00000010357,-0.649000468820197,6.14824232885213,0.0178089565175134,0.288177376287028
ENSGALG00000055072,-2.81170770586451,-1.34841533315096,0.0179200996629322,0.289625214141175
ENSGALG00000003304,-0.71000931347005,6.00110941375349,0.0180095366906712,0.290018635430736
ENSGALG00000053765,-0.55301789289908,7.16301842150909,0.018002074234508,0.290018635430736
ENSGALG00000003500,-0.92380489359739,3.06236693222357,0.018110978092014,0.290745520941415
ENSGALG00000050866,-3.27904498379554,-1.64286167806744,0.0181634378262817,0.290745520941415
ENSGALG00000008445,-0.609923305297093,4.89140637609086,0.0181213651906579,0.290745520941415
ENSGALG00000003005,-3.27904498379554,-1.64286167806744,0.0181634378262817,0.290745520941415
ENSGALG00000042137,-0.780190326582299,4.53841903847073,0.018452782245056,0.294319674805988
ENSGALG00000035237,-0.878074179393409,3.44004837411237,0.0185150575668972,0.294609832665652
ENSGALG00000047697,-2.89205222053656,0.301512904200041,0.0186653125293407,0.296295210531079
ENSGALG00000044020,-0.776395130381711,3.41153580433616,0.0190083525258224,0.301025639644718
ENSGALG00000008479,-0.959977748645909,2.39919866198934,0.0192514967013095,0.303143828584926
ENSGALG00000015177,-0.561817513433956,6.00069228260061,0.0191911807477942,0.303143828584926
ENSGALG00000008551,-0.672285852237885,5.16785359033904,0.0191883634831523,0.303143828584926
ENSGALG00000012612,-1.17410539027874,1.63259399574661,0.0192593926714879,0.303143828584926
ENSGALG00000043047,-1.2684284766824,1.25134896941073,0.0192721399017297,0.303143828584926
ENSGALG00000014106,-0.541261702384715,6.45191446419963,0.0194511429193497,0.305145512042286
ENSGALG00000003011,-2.79134386429387,-1.35463502008055,0.0196786274519366,0.307750519092401
ENSGALG00000034014,-0.590215333753791,4.66362632485501,0.0196862706736497,0.307750519092401
ENSGALG00000046960,-0.610681548612482,6.58845578612612,0.019719251235957,0.307905971985749
ENSGALG00000051520,-2.30070292087516,-1.2966805781053,0.0198060601917879,0.308900584041351
ENSGALG00000002637,-2.50358880225615,6.45498213564648,0.019955069955389,0.310499959282572
ENSGALG00000039983,-0.575973245155909,5.88473753016038,0.0200073143831211,0.310689193843854
ENSGALG00000004645,-0.714936631961248,5.48612371589132,0.0200722349355721,0.310689193843854
ENSGALG00000042182,-0.672426114456844,4.7335338907613,0.0201333277669969,0.311100646166104
ENSGALG00000040651,-0.696127877008938,7.36366146240909,0.0202511467358669,0.312102834631738
ENSGALG00000006637,-0.759056449358865,4.9652049333344,0.0202682373530113,0.312102834631738
ENSGALG00000036566,-0.917119409643348,3.1030573677029,0.0203038316937581,0.312291155832877
ENSGALG00000002845,-5.15321366527887,-1.95629717521953,0.0207236319351374,0.314037830172786
ENSGALG00000003657,-5.15321366527887,-1.95629717521953,0.0207236319351374,0.314037830172786
ENSGALG00000017234,-5.15321366527887,-1.95629717521953,0.0207236319351374,0.314037830172786
ENSGALG00000038995,-5.15321366527887,-1.95629717521953,0.0207236319351374,0.314037830172786
ENSGALG00000050610,-5.00023674172515,-2.04088172156236,0.0206749427880159,0.314037830172786
ENSGALG00000008716,-0.841911503695515,4.53497789308419,0.0205004023549678,0.314037830172786
ENSGALG00000042360,-5.00023674172515,-2.04088172156236,0.0206749427880159,0.314037830172786
ENSGALG00000032336,-0.577097802533368,5.34166182863523,0.020832974211441,0.314992684739955
ENSGALG00000041344,-0.83276046162622,6.36798761042286,0.0210369624971669,0.316641017464588
ENSGALG00000030493,-1.92623995389256,0.257426048622747,0.0210778094957444,0.316641017464588
ENSGALG00000013793,-0.627030689310695,4.41389404757645,0.021147363287915,0.31723418373319
ENSGALG00000053657,-0.595695954896899,4.39815268626325,0.0212181233411247,0.317938830243804
ENSGALG00000000461,-0.861237410294501,7.81243130977498,0.0212691993616474,0.318347277343537
ENSGALG00000005821,-1.42772741857582,0.440833863414028,0.021458938735206,0.320111802605762
ENSGALG00000007484,-0.543820540271051,6.35851611935889,0.0215130455086655,0.320561166408945
ENSGALG00000008427,-5.0335704957257,-2.03393323165376,0.0215683813543882,0.320602068627315
ENSGALG00000012061,-0.783924582711805,8.05045410938752,0.0216596566453423,0.321312953076188
ENSGALG00000011207,-0.733861980467862,6.02292005187459,0.021720634128267,0.321503871271779
ENSGALG00000005346,-2.34597211508253,-0.472978802734246,0.0218604548260668,0.323215530094258
ENSGALG00000001730,-0.648557032982249,4.84740075466208,0.021914152337236,0.323338701923008
ENSGALG00000007839,-2.66946966537675,-1.39379207050007,0.0219413588690833,0.323338701923008
ENSGALG00000006385,-0.567107621545701,4.64915007794204,0.0220968238124214,0.325264193478911
ENSGALG00000008439,-0.860563363645535,8.55842566600297,0.0221562418385278,0.325428932322815
ENSGALG00000011990,-1.0175913701349,2.80565492767395,0.0222217142748991,0.325674816884103
ENSGALG00000003409,-0.896871514647328,9.31465131103676,0.0222594202431017,0.325870110590687
ENSGALG00000003443,-1.00612132479565,2.59573899006713,0.0223195864827305,0.326393427711353
ENSGALG00000007304,-1.14149647590278,3.8171728887251,0.0223486517846854,0.326461289348748
ENSGALG00000016283,-0.710838363995222,4.96020300335211,0.0225779683277008,0.328375543708431
ENSGALG00000015389,-1.89969039020749,0.0125582890291287,0.0225612389108097,0.328375543708431
ENSGALG00000004300,-0.754960836156952,3.66626815580094,0.0226605874300946,0.32886146752513
ENSGALG00000004357,-0.702861071785149,9.3371431088206,0.0226468962691907,0.32886146752513
ENSGALG00000048534,-0.876547238374736,2.60413623807838,0.0229883046434626,0.333255618074317
ENSGALG00000004205,-0.606392285690758,6.77027815717966,0.0231175598056155,0.334042491202008
ENSGALG00000044620,-0.541853723408219,5.07799245514791,0.0231900018413421,0.33449648901668
ENSGALG00000028762,-0.603571992583151,6.42706751693436,0.0233582554672038,0.336299840072944
ENSGALG00000023847,-1.91879520418241,-0.590703714322415,0.0234812456601992,0.3367492805732
ENSGALG00000011007,-0.584309293331213,5.36104218840017,0.0235650102675812,0.337226902822794
ENSGALG00000008428,-2.89119138396673,-0.663556144240081,0.023545463768277,0.337226902822794
ENSGALG00000000151,-1.4504728812732,0.218932579402007,0.0236738836483761,0.338422597694326
ENSGALG00000007000,-5.11754553640298,-1.9631398213344,0.0238367286473657,0.338937994787967
ENSGALG00000050199,-5.11754553640298,-1.9631398213344,0.0238367286473657,0.338937994787967
ENSGALG00000004521,-0.606375831916094,6.66116518987309,0.0237958080203108,0.338937994787967
ENSGALG00000009314,-0.584783276726795,6.20316016604057,0.0239283599648522,0.339879340372172
ENSGALG00000014727,-0.655779714875245,7.49712743794771,0.0239856318519982,0.340331162774744
ENSGALG00000052818,-2.07441694043265,2.00762601952749,0.0242858476373912,0.342409957301025
ENSGALG00000040869,-2.33925320515982,-0.328612493312794,0.0242738756975293,0.342409957301025
ENSGALG00000011213,-2.153902376614,1.30869659471287,0.0242401780480163,0.342409957301025
ENSGALG00000017644,-0.647347403379546,9.2945907094202,0.0243801094681672,0.343376757799286
ENSGALG00000051759,-1.84619973600359,-0.617426461890438,0.024505789862294,0.344421017139244
ENSGALG00000041988,-0.927974705923898,5.35137748970061,0.0245325803590639,0.344435366679883
ENSGALG00000008318,-0.535670269494774,7.05379347286084,0.0245767320081491,0.344693179455321
ENSGALG00000011016,-0.516884043453453,5.9922275624962,0.0246039742902394,0.344713543357798
ENSGALG00000010493,-0.561616081157587,6.06396633274797,0.0247524833541326,0.345444607691484
ENSGALG00000009168,-0.6432487409314,4.77045008402425,0.0247592058588899,0.345444607691484
ENSGALG00000042357,-0.655049873313962,5.41792456019031,0.0249978113482504,0.348214805167166
ENSGALG00000006818,-0.546660663033307,7.94158373459469,0.025010191004076,0.348214805167166
ENSGALG00000015140,-4.17926780356125,-1.0267718965797,0.0250478718484512,0.348376540193963
ENSGALG00000005057,-0.654453045018361,4.43408271812103,0.0251231617446877,0.349060478045213
ENSGALG00000008976,-1.0033871265582,2.34963774546637,0.0253484824215672,0.35109618243178
ENSGALG00000039468,-2.39483519769051,-0.946787248151563,0.0255618440501781,0.352954140056488
ENSGALG00000001840,-0.830644973384711,6.90916000075469,0.0255998848908571,0.353114614500718
ENSGALG00000016605,-0.548077358638732,6.62665406622392,0.0258871187405633,0.355974515520956
ENSGALG00000011965,-0.626191049080167,5.19480647674538,0.0259583798620493,0.356587569615777
ENSGALG00000002643,-0.769140807270101,9.04257735215546,0.0260043692256612,0.35685256578048
ENSGALG00000012691,-1.70006943903452,0.870794900904601,0.0260602273998096,0.356886269903539
ENSGALG00000028803,-0.706008530373386,5.39400516847875,0.0264265610159979,0.360794090439048
ENSGALG00000015665,-0.823322190419721,3.86703557967392,0.0264545935399157,0.360808262504605
ENSGALG00000002610,-0.945249143630084,3.77553152880523,0.0265706400891233,0.361635874378647
ENSGALG00000003741,-0.706826569921794,7.53433328327493,0.0265991640180309,0.361635874378647
ENSGALG00000035016,-0.544601395191973,6.79862176505604,0.0265424055768055,0.361635874378647
ENSGALG00000031009,-0.713598159000662,3.38112174474258,0.0267045521243209,0.36236857227784
ENSGALG00000015531,-1.90472281047792,0.311573260752167,0.0267503922449069,0.362385390764943
ENSGALG00000002891,-0.551972248807777,6.64911152094002,0.0267600165109232,0.362385390764943
ENSGALG00000011744,-0.910669035802777,7.51646463317555,0.0268119609506492,0.362721325978115
ENSGALG00000025858,-0.637812827796031,6.64556299461043,0.0268732507599297,0.363182881352093
ENSGALG00000038951,-0.850598636579234,5.95966650508636,0.026907710819538,0.363281275569641
ENSGALG00000007167,-0.600837606389466,4.27848952762711,0.0270281536915553,0.364539154633026
ENSGALG00000049859,-0.814396786686123,2.86467153742649,0.0271851314160017,0.365917891748518
ENSGALG00000054939,-0.565596507573303,4.62093790495042,0.0273039713309612,0.366585737007002
ENSGALG00000010364,-0.855443545817053,2.91666321874686,0.0272900414370551,0.366585737007002
ENSGALG00000032632,-0.532423192223046,6.60768483408989,0.0273170278362243,0.366585737007002
ENSGALG00000029701,-0.671861636096875,4.11036138980404,0.0274241045276129,0.367653541741297
ENSGALG00000001407,-4.03596150407147,-1.12885814903912,0.027640318612778,0.370180860298989
ENSGALG00000017414,-0.712016157718678,5.96606742874479,0.0276915631481974,0.370495928967774
ENSGALG00000014638,-0.591243364466602,8.10079908642002,0.0278236297775967,0.371519116490867
ENSGALG00000043904,-1.66548141650855,0.191580601709262,0.0278550907800256,0.37156800735112
ENSGALG00000007012,-0.67807583744847,3.92839531344287,0.0280874995146423,0.373178447825754
ENSGALG00000037360,-0.528525015325802,8.34337845451893,0.028084914794892,0.373178447825754
ENSGALG00000004519,-0.679571043381395,6.06459453405736,0.0282569610702236,0.374143032451192
ENSGALG00000016456,-0.895137495658581,3.08040647695503,0.0282486061713783,0.374143032451192
ENSGALG00000011432,-0.701313383243968,8.5503680321321,0.0284236949585423,0.374665785814474
ENSGALG00000032610,-0.507234554475155,5.97368583169106,0.0283991951066638,0.374665785814474
ENSGALG00000016713,-0.662254675655814,8.44386846513651,0.0283784930881849,0.374665785814474
ENSGALG00000042458,-0.54682360646306,9.90467351997933,0.028520517186208,0.375202000699662
ENSGALG00000007077,-0.602075569418381,6.43750984385364,0.0286445342759125,0.376462974564254
ENSGALG00000020251,-0.569637917453947,4.51565610190604,0.0290059351035553,0.379639326068166
ENSGALG00000050840,-0.651162440423381,5.9989341821329,0.0290161031777294,0.379639326068166
ENSGALG00000020249,-0.765342544572831,9.26559971356979,0.0290983385104174,0.379639326068166
ENSGALG00000013207,-0.980573881867043,3.35881884599931,0.0291252897562711,0.379639326068166
ENSGALG00000001564,-0.783395939291899,9.5407027965807,0.0291702519730665,0.379639326068166
ENSGALG00000013211,-1.04388575002107,1.71516527591297,0.0292950154166405,0.380624361515494
ENSGALG00000008714,-0.56283528319113,4.59597345510484,0.0293028930120787,0.380624361515494
ENSGALG00000039673,-0.576953123989142,8.36674638349925,0.0294288489747107,0.381149220344945
ENSGALG00000006707,-0.701936611015932,5.22493693012554,0.0293787003697871,0.381149220344945
ENSGALG00000049660,-0.966444333973914,3.53071305530321,0.029510620213552,0.381838286325592
ENSGALG00000011327,-0.537578553272967,4.98034802232099,0.0298711662712015,0.385756529836598
ENSGALG00000040995,-1.25288262404324,0.883863505149039,0.0299096106246528,0.385880169506862
ENSGALG00000002407,-2.30798066107555,0.616043987947224,0.0299485291075585,0.386009681824134
ENSGALG00000028172,-0.756538672990999,7.62680336683868,0.0301160903900629,0.387795437527534
ENSGALG00000027874,-1.29841612469574,1.68594797818852,0.0302267803653963,0.388262760773209
ENSGALG00000051146,-0.504078921343472,8.5907790941717,0.0302287029972571,0.388262760773209
ENSGALG00000002971,-0.536944081491297,6.61377841289214,0.0303286214108537,0.388659974858553
ENSGALG00000014930,-0.881815384595986,3.67302818569638,0.0304854364260138,0.389921859588612
ENSGALG00000014716,-0.52271189292061,5.57983440930471,0.0306147434989729,0.391076985260442
ENSGALG00000030563,-0.504061013038532,6.3899907990831,0.0306342663151042,0.391076985260442
ENSGALG00000002207,-2.10351889491074,0.0128821073096415,0.0307270390062475,0.391238551456644
ENSGALG00000049210,-1.52261610351268,0.918722277989341,0.0307640070014165,0.391238551456644
ENSGALG00000026613,-0.858515282732776,8.51686101406488,0.0309841021642066,0.392916043194294
ENSGALG00000016971,-0.559829308820541,5.14018918946628,0.0310269481192479,0.393086434655798
ENSGALG00000033854,-0.999578098842828,6.20317197987834,0.0310955983904157,0.39321075504853
ENSGALG00000008297,-0.72276713345339,4.28666058156167,0.0311321634713381,0.393301036822217
ENSGALG00000030087,-2.06841016326477,-0.88934842380832,0.0313062881941239,0.39408333357266
ENSGALG00000050058,-0.548747387985302,6.83188321345689,0.0312477975544916,0.39408333357266
ENSGALG00000007766,-0.90081941893285,4.73603418942056,0.0313230383039479,0.39408333357266
ENSGALG00000047813,-1.54304899719589,1.13806963296373,0.0312570222164653,0.39408333357266
ENSGALG00000012702,-0.555550159678316,6.54509494459028,0.0317753884762177,0.394387068855435
ENSGALG00000017025,-1.37590912064002,0.430620387567367,0.031613044188753,0.394387068855435
ENSGALG00000043576,-0.727404664958661,6.64199560144095,0.031628831576668,0.394387068855435
ENSGALG00000000560,-1.32083309954172,1.10206251258053,0.0318082642695016,0.394387068855435
ENSGALG00000034311,-0.668072143797489,3.53491167656256,0.0314540576787527,0.394387068855435
ENSGALG00000017036,-0.911243924123338,4.01200751428748,0.0316740886237317,0.394387068855435
ENSGALG00000035604,-0.55816262273985,4.36943190109695,0.0314526510487101,0.394387068855435
ENSGALG00000014963,-0.515304430825361,6.46588586943896,0.0314797811225597,0.394387068855435
ENSGALG00000003818,-0.641705577785017,4.05033478458126,0.0316738685117084,0.394387068855435
ENSGALG00000030147,-0.536310153277068,6.38282342460086,0.0317738000428993,0.394387068855435
ENSGALG00000055101,-0.591793317298162,6.86336751381596,0.0319160550290198,0.395120909932044
ENSGALG00000005402,-2.47769566243907,-1.26572945265616,0.031971103970417,0.395136644884712
ENSGALG00000001596,-0.514336567273455,5.26083347360994,0.03207883619392,0.395540336317283
ENSGALG00000002579,-1.30248102905999,1.55377175517368,0.032221049850616,0.396197380223858
ENSGALG00000052526,-2.49879152351383,0.0305267445345822,0.0321954120619856,0.396197380223858
ENSGALG00000016285,-0.760861775826216,5.84299851455689,0.0324778642224107,0.398988173894063
ENSGALG00000008501,-0.693014595978692,3.45329835728706,0.032512352115812,0.399045085748341
ENSGALG00000006787,-0.628320927280676,4.36435050363777,0.0326611748688984,0.399341251261234
ENSGALG00000023909,-0.488012295829263,7.1755667574948,0.0326616551658819,0.399341251261234
ENSGALG00000009470,-1.53263852592505,5.65568409149137,0.0328939956733098,0.40115068081155
ENSGALG00000047202,-0.827674552105135,4.96193413608397,0.0331594286642757,0.40365111432305
ENSGALG00000010049,-1.14523063070194,1.44804225939644,0.0336789745521167,0.408996587583668
ENSGALG00000008011,-0.716340855232417,3.71308983798548,0.0337518344979497,0.409284444034787
ENSGALG00000027501,-1.01513782962219,7.80597673702075,0.033805927443843,0.409284444034787
ENSGALG00000026715,-0.602679829117063,6.84087368233368,0.0337794361006674,0.409284444034787
ENSGALG00000006068,-0.555013942327603,6.41439312477064,0.0340839691408406,0.410790199762376
ENSGALG00000013785,-0.692161845701995,4.41310488120486,0.0343993567323701,0.412266376297945
ENSGALG00000008733,-1.06454656225171,1.94451731614759,0.0344778250349608,0.412266376297945
ENSGALG00000009942,-0.608231254731414,5.98738103562782,0.0344483368644656,0.412266376297945
ENSGALG00000030597,-1.26737773821014,1.60916850489501,0.0343297918490701,0.412266376297945
ENSGALG00000011783,-0.812365817655323,2.83588028961278,0.0343949813601229,0.412266376297945
ENSGALG00000041403,-0.523153315596039,6.84233354168416,0.03460792898704,0.412904418837758
ENSGALG00000050416,-0.686943618316551,8.94912693606861,0.0349388303374969,0.414735707185599
ENSGALG00000000901,-3.28067549430256,-1.61397157061611,0.0352138900042637,0.416640820697959
ENSGALG00000005074,-0.64657357927423,4.59518198259855,0.0351446345407315,0.416640820697959
ENSGALG00000004946,-1.75642222730474,-0.578125371751808,0.0352551824187784,0.416640820697959
ENSGALG00000049026,-0.604352745190466,6.48418657962077,0.0355281994019697,0.418402979008582
ENSGALG00000053218,-0.6058497462297,3.92597589235962,0.0355295062976762,0.418402979008582
ENSGALG00000041078,-0.680222784774202,7.00604666081778,0.0354799125524845,0.418402979008582
ENSGALG00000049532,-1.53835537450219,0.617583308030343,0.0355924770337805,0.418434760357765
ENSGALG00000015490,-0.712673709108878,5.93619576142668,0.0355948168881325,0.418434760357765
ENSGALG00000048227,-4.96512320110652,-2.04780868921137,0.0358748545816636,0.419195984661149
ENSGALG00000047941,-4.96512320110652,-2.04780868921137,0.0358748545816636,0.419195984661149
ENSGALG00000026460,-2.54910875492782,-1.51736650698804,0.0359095288923824,0.419195984661149
ENSGALG00000039394,-0.519716012374585,5.13001687780981,0.0358779940602863,0.419195984661149
ENSGALG00000032984,-0.849226505904212,3.85455923341549,0.0359427045808402,0.419206098976885
ENSGALG00000031524,-1.67416736156644,-0.127180556757765,0.0360318305562248,0.41951345576176
ENSGALG00000014913,-2.13837738156129,-1.06110674680701,0.036482930664871,0.422923548366579
ENSGALG00000008272,-0.574420147879256,7.74273997094292,0.0366224660562292,0.424173207372235
ENSGALG00000010543,-0.481408965723717,7.73993669447547,0.0368692712013372,0.42666205963383
ENSGALG00000053084,-1.74876863605075,-0.916456800749799,0.0372030356864072,0.429038632428402
ENSGALG00000048409,-0.609169020240551,8.21043320283748,0.0371909653827025,0.429038632428402
ENSGALG00000008942,-0.565956577661772,4.93148304126055,0.0378001326321477,0.432936223445832
ENSGALG00000011117,-3.1677137430512,-1.66907480268122,0.0377876583189541,0.432936223445832
ENSGALG00000015211,-2.46323003619846,-1.1175130868071,0.0378757621627258,0.433431024886124
ENSGALG00000010315,-0.637194593562691,6.74214166991893,0.0380694581667323,0.43453149261874
ENSGALG00000004355,-0.68996603834304,5.33376997786027,0.0382724806756264,0.436476089343364
ENSGALG00000001341,-0.729520624131665,3.53376668006569,0.0384973913484701,0.437920112990341
ENSGALG00000039178,-0.481972938653311,6.53479763811212,0.0389313141241438,0.441859071740635
ENSGALG00000023364,-0.698401614192549,3.38282991126069,0.039078858334836,0.442650864833405
ENSGALG00000010820,-1.05368662363964,7.3323374160089,0.0391575920401988,0.44314832623219
ENSGALG00000053523,-1.09310936719806,4.43159554544464,0.0394338522241758,0.44464245124921
ENSGALG00000015053,-0.819416680211556,2.49992427186971,0.0393651212389959,0.44464245124921
ENSGALG00000034825,-1.08202403743823,2.28808740802914,0.0393894671595585,0.44464245124921
ENSGALG00000048563,-0.669431596150021,4.29788696769143,0.0394542830451566,0.44464245124921
ENSGALG00000005439,-0.471853661839001,6.54555261757609,0.039506886093922,0.444860184946387
ENSGALG00000007151,-0.490562660243486,6.81758922223834,0.0395872078679392,0.445389411079862
ENSGALG00000031982,-0.653226316015644,5.26429352424943,0.0396579632469071,0.445810207534197
ENSGALG00000035901,-0.671338979881497,5.25323683555729,0.0406161517946061,0.450212236950356
ENSGALG00000008340,-0.537432424440492,6.54643233242145,0.0405089507011052,0.450212236950356
ENSGALG00000009870,-0.698780237397715,5.27318992314447,0.0405948348322092,0.450212236950356
ENSGALG00000007485,-0.482007170608217,8.8081655806786,0.0405835961878302,0.450212236950356
ENSGALG00000034100,-0.496956063825595,7.01607392153272,0.0403835538930625,0.450212236950356
ENSGALG00000005660,-0.506469924076454,6.27494448919116,0.0403929451133292,0.450212236950356
ENSGALG00000002124,-0.72167090746556,3.01886159697332,0.0406221725095114,0.450212236950356
ENSGALG00000001573,-0.818939957034158,4.89954963891022,0.0405502716731373,0.450212236950356
ENSGALG00000013311,-0.659107920678081,4.72319544813361,0.0406754900834072,0.45042966069165
ENSGALG00000014640,-1.57551234576483,0.888264746293226,0.0409443961909106,0.45153696327369
ENSGALG00000007448,-2.42843594617208,-0.186208183324066,0.04093685800684,0.45153696327369
ENSGALG00000041969,-0.548527414279289,6.5493036143901,0.0412065321729532,0.451592161219555
ENSGALG00000026600,-1.03628402462529,5.75503085698883,0.0412155904406886,0.451592161219555
ENSGALG00000047393,-0.665312929875631,7.58067293174638,0.0410032762915565,0.451592161219555
ENSGALG00000004324,-0.586483597990734,6.43276796003531,0.0412196945000641,0.451592161219555
ENSGALG00000013583,-0.558737477603982,5.10821999718958,0.0412006007789589,0.451592161219555
ENSGALG00000034722,-0.670551301445358,6.77764404051821,0.0411295622989806,0.451592161219555
ENSGALG00000033365,-1.36987257044491,4.23457214335119,0.0414231601281404,0.453078525591427
ENSGALG00000015252,-0.531367887908322,5.73866174704689,0.0415035323190321,0.453586437429422
ENSGALG00000003396,-0.468885738133479,6.90782267653408,0.0415427046388288,0.453643619446557
ENSGALG00000046779,-1.10561579262062,1.84645729656748,0.0416369349944897,0.454301447458244
ENSGALG00000015702,-0.496974310112907,6.38784780454197,0.041797513676845,0.455681539808084
ENSGALG00000051034,-0.751474350301079,3.35396307756417,0.041850874874681,0.455712499751953
ENSGALG00000043618,-0.744257892780336,7.90258964601721,0.0418685432960795,0.455712499751953
ENSGALG00000038209,-1.11314313393436,1.75170018318117,0.0420420887690734,0.456857364623931
ENSGALG00000029316,-0.529184623090929,6.44691050954317,0.0420169400232797,0.456857364623931
ENSGALG00000006109,-0.616418837683525,4.77197668593721,0.0420943279436178,0.457053442156292
ENSGALG00000005909,-0.696179519738511,5.91911928898333,0.0422141251481429,0.457982140202985
ENSGALG00000025751,-0.803176214485799,5.17651202500702,0.0423058560417109,0.458233445586311
ENSGALG00000003238,-0.61923438536223,7.56490613503957,0.0424098842117891,0.458988269129371
ENSGALG00000008238,-0.524383080864522,6.98115859384944,0.0426589165079786,0.460747388083102
ENSGALG00000052453,-1.56346618003356,-0.349817123335738,0.0428940347593687,0.462729353182988
ENSGALG00000051554,-1.19834920640118,1.51938754868029,0.0430792919689315,0.463605327259854
ENSGALG00000038776,-0.463114855394165,6.45602646916547,0.0430665191181974,0.463605327259854
ENSGALG00000030450,-0.636658874482477,5.57250346748965,0.0436306934911995,0.468031981704152
ENSGALG00000009926,-1.05636142068165,1.56855541420862,0.0437315501012592,0.46873768937725
ENSGALG00000004604,-0.552394691056866,4.21239331082747,0.0437990336005769,0.469027708223355
ENSGALG00000030904,-0.481279334727954,10.1177554926949,0.0439552441612536,0.470004634767453
ENSGALG00000053504,-1.99087136803334,-1.23466048529699,0.0442221447200157,0.471612186878579
ENSGALG00000001901,-0.473948371865949,6.74815245016879,0.0441891610973254,0.471612186878579
ENSGALG00000028568,-0.64077188001394,4.66307844265109,0.0443377876066707,0.471830309833409
ENSGALG00000013710,-0.470809271224517,6.59165570597459,0.0443790009167788,0.471893179199416
ENSGALG00000000692,-2.07651213036535,-1.45247133877522,0.0446293658161126,0.473425478966795
ENSGALG00000014178,-2.07651213036535,-1.45247133877522,0.0446293658161126,0.473425478966795
ENSGALG00000008875,-0.673296255029145,4.78260183597898,0.0449242378665763,0.475421506987061
ENSGALG00000010541,-0.45873953721473,7.25436401158679,0.0450387215794891,0.476255975183111
ENSGALG00000045758,-0.677485202365812,6.4713038273181,0.0451389734145812,0.476938749928294
ENSGALG00000001051,-0.606749312421923,6.99932549492249,0.0456041219002876,0.48033466770626
ENSGALG00000042387,-0.503724568498314,5.34676408588898,0.0457206035112752,0.481164936750618
ENSGALG00000023407,-0.684449611900864,3.28644338876939,0.0457549479732183,0.481164936750618
ENSGALG00000009680,-0.64094381436874,4.24058721190331,0.0458720557866706,0.482017215129433
ENSGALG00000004525,-1.80428179785699,1.4502213176908,0.0460037874305835,0.48264256106529
ENSGALG00000012857,-0.918229304101307,6.80114776855467,0.0461164334784527,0.483444901861176
ENSGALG00000006409,-0.702446407176488,5.63276373378874,0.0461530668059373,0.483449757780688
ENSGALG00000009552,-0.761408286815665,6.40053209533125,0.0462521317379762,0.483729258849601
ENSGALG00000009096,-0.694081670592144,5.24982306082199,0.0462350142669283,0.483729258849601
ENSGALG00000039121,-0.702241691037728,3.32243617404039,0.0464302942267319,0.484833837995702
ENSGALG00000007474,-0.490149871145596,5.72576490176017,0.0464933455024538,0.485017688760624
ENSGALG00000021345,-0.524263868937575,4.73137065099572,0.0468226527236238,0.486277951424131
ENSGALG00000010763,-0.453890480957317,6.35306628156588,0.0470370223813985,0.487361892364165
ENSGALG00000006165,-0.514419511397832,6.58726070460363,0.0471146201096394,0.48741022630452
ENSGALG00000048964,-1.31606154922659,2.16174049323542,0.0473493539071282,0.489459755856671
ENSGALG00000041202,-0.509065860992401,7.09680995811327,0.0477932122932598,0.493666209823578
ENSGALG00000007447,-0.571237024735726,10.2021651407355,0.0480698106236218,0.495993222003159
ENSGALG00000014115,-0.581325344648103,4.92242006464354,0.0480927140293352,0.495993222003159
ENSGALG00000013603,-0.716973490007243,5.3147324847709,0.0483341787907709,0.496162353973775
ENSGALG00000030988,-0.733343623711551,7.45061099031932,0.048326613978408,0.496162353973775
ENSGALG00000040275,-0.489947902464562,8.00231832757602,0.048368962084979,0.496162353973775
ENSGALG00000003641,-0.550735255352398,7.23386642409159,0.0483442736769132,0.496162353973775
ENSGALG00000003478,-0.589005737470717,4.18737712603773,0.0489104770150604,0.500098324889413
ENSGALG00000004082,-0.45785174907192,6.70986081084604,0.0489811703939265,0.500139284557083
ENSGALG00000015439,-0.469130159244065,5.85045551338124,0.0493428177501452,0.502297107424555
ENSGALG00000016440,-0.555974659521259,4.87548279769815,0.0494712289580067,0.502719339354941
ENSGALG00000003353,-0.849567707136098,3.75189913291356,0.0495922918804446,0.503303396563419
ENSGALG00000037950,-2.36624369212153,-0.544738197226283,0.0496540362654668,0.503547684919749
ENSGALG00000010722,-1.76322687180205,1.44251011703626,0.0498082568734002,0.50472870460187
ENSGALG00000004850,-0.861647933369928,2.71138774179424,0.0499089959156739,0.505366393491589
