Gene Id,Gene Name,Chrysemys picta bellii,Crocodylus porosus,Varanus komodoensis,logFC,PValue
ENSGALG00000000059,TUBB3,,,,1.175371444,0.014267402
ENSGALG00000000067,SPR,,,,0.633855212,0.032623095
ENSGALG00000000081,IL4I1,7,,,6.193536707,2.04E-21
ENSGALG00000000141,BLB1,6,1,14,0.588222063,0.019491922
ENSGALG00000000162,DMB1,,,,1.362733513,0.040071824
ENSGALG00000000209,PRNP,,,,1.7183165,2.02E-08
ENSGALG00000000424,CMTM3,,,,0.615933633,0.020724253
ENSGALG00000000507,CPNE7,,,2,6.770994319,1.87E-29
ENSGALG00000000528,DBNDD1,,,,1.051518235,0.002540154
ENSGALG00000000558,SLC1A6,,,,3.355634063,6.76E-16
ENSGALG00000000608,CDH1,,,,2.887045257,2.14E-15
ENSGALG00000000619,ANGPTL4,,,,8.187316331,2.02E-08
ENSGALG00000000693,NOB1,,,,0.523557163,0.039881675
ENSGALG00000000724,PM20D1,,,,0.546719754,0.020746327
ENSGALG00000000795,MFSD12,,5,,1.050281258,4.82E-05
ENSGALG00000000919,PIGR,3,3,2,4.432400438,1.93E-10
ENSGALG00000001035,,,,,1.22963328,0.012930599
ENSGALG00000001091,,,,,1.040733117,3.90E-05
ENSGALG00000001117,PFKFB2,,,,0.917526862,0.000154419
ENSGALG00000001130,GALNT17,,,2,1.184934768,0.030729738
ENSGALG00000001189,NCF1C,,,,1.278416506,3.05E-06
ENSGALG00000001250,APLP2,,,,0.718044544,0.005741519
ENSGALG00000001256,NLRC5,,,,0.91066627,0.004558625
ENSGALG00000001392,MMP23B,,,,3.887860102,1.42E-06
ENSGALG00000001412,SEMA7A,,,,1.271637763,1.08E-05
ENSGALG00000001603,NARF,,,,0.951666572,0.001397136
ENSGALG00000001717,SLC16A1,,,,0.595350162,0.023076181
ENSGALG00000001788,ADPGK,,,,0.540829018,0.029416514
ENSGALG00000001889,CARD9,,,,0.960569124,0.001786529
ENSGALG00000001933,CORO2A,,,,4.52937094,4.69E-11
ENSGALG00000002021,ZC3H12A,,,,0.602697041,0.013694873
ENSGALG00000002046,,,,,3.137484933,8.35E-07
ENSGALG00000002048,GPRIN2,,,,2.264402917,0.022395506
ENSGALG00000002066,NCOA4,,,,0.562852123,0.015010534
ENSGALG00000002080,DOCK2,3,,,0.51554357,0.049490749
ENSGALG00000002162,ACO1,,,,0.590784652,0.027176617
ENSGALG00000002193,,,,,5.045162199,0.02158775
ENSGALG00000002201,PPL,,,,2.380314979,0.000312711
ENSGALG00000002225,RFFL,,,,0.587390439,0.018864735
ENSGALG00000002329,CCL1,,,,1.411955982,0.021939142
ENSGALG00000002371,RUSC2,,3,3,1.296124611,0.02376602
ENSGALG00000002383,CD72AG,,,,3.131638565,1.12E-23
ENSGALG00000002386,TMEM8B,,,,1.635593458,0.00276806
ENSGALG00000002523,CREB3,,,,0.576537156,0.031715956
ENSGALG00000002558,ASL1,,4,,1.876477343,0.000212604
ENSGALG00000002570,,,,,1.162865097,1.09E-05
ENSGALG00000002631,LRRC75A,,,,1.467515362,0.01004548
ENSGALG00000002675,SCUBE3,,,,5.594196915,2.23E-07
ENSGALG00000002764,ATP1B3,,,,1.347520739,2.81E-06
ENSGALG00000002766,MLKL,,,,7.83928633,7.60E-24
ENSGALG00000002955,ADAMTSL2,,,,0.606260531,0.042277292
ENSGALG00000002963,PID1,,,,1.046178262,6.29E-05
ENSGALG00000002974,SPHKAP,,7,,4.924465143,0.033986565
ENSGALG00000002982,SLC2A6,,,,1.526947544,3.18E-07
ENSGALG00000002992,DAW1,,,,2.517353609,0.000228347
ENSGALG00000003025,,,4,,2.292345062,0.001793186
ENSGALG00000003103,MST1R,,,,0.74102054,0.003879819
ENSGALG00000003123,CNTNAP1,2,,,1.691086431,0.009648204
ENSGALG00000003169,CBFB,,,,0.517549602,0.036136747
ENSGALG00000003203,,2,,,2.901735717,0.000114355
ENSGALG00000003217,LITAF,,,,2.023740472,2.22E-15
ENSGALG00000003265,PTP4A2,,,,0.522116536,0.020259023
ENSGALG00000003323,NECAB2,,,4,0.869560696,0.024718307
ENSGALG00000003400,AIMP2,,,,0.524822221,0.029112809
ENSGALG00000003594,ANK1,,,,3.27665148,0.005862591
ENSGALG00000003674,DHTKD1,,,,0.900303166,0.028349223
ENSGALG00000003745,NECAP2,,,,0.560343674,0.021315184
ENSGALG00000003774,ATP13A2,,,,1.352073016,1.39E-08
ENSGALG00000003792,FYB,,,,0.969298955,0.000634543
ENSGALG00000003821,RAMP1,,,,1.145020831,0.021714275
ENSGALG00000003932,SDC4,,,,3.078720938,5.71E-16
ENSGALG00000004048,PTPRS,,,,0.850829017,0.006715265
ENSGALG00000004071,NETO2,,,,2.725721525,0.038433302
ENSGALG00000004195,KIF4B,,,,0.886308053,0.007854343
ENSGALG00000004257,TSPAN15,,,,2.644398645,7.20E-05
ENSGALG00000004325,P4HA1,,,,0.638835883,0.027914178
ENSGALG00000004334,MYLK3,,,,0.83845439,0.020933684
ENSGALG00000004336,INPPL1,,,,1.733649145,2.13E-08
ENSGALG00000004346,P2RY4,,,,1.065622239,0.001033709
ENSGALG00000004553,SGPL1,,,,1.282452234,1.22E-05
ENSGALG00000004631,DRAXIN,,,,0.74603485,0.04084635
ENSGALG00000004777,AIFM2,,,,0.694218398,0.031785901
ENSGALG00000004812,FAM129A,,,,0.873739047,0.00015261
ENSGALG00000004956,GPI,,,,0.53259234,0.044921953
ENSGALG00000005065,PLA2G4A,7,5,,0.787080181,0.005776291
ENSGALG00000005086,PLAU,,,,0.903303822,0.000211151
ENSGALG00000005160,VMP1,,,,0.773703131,0.038797479
ENSGALG00000005194,CD72,,,,2.687860278,4.05E-06
ENSGALG00000005266,BEAN1,,,,2.54867803,0.043458658
ENSGALG00000005294,PPFIBP2,,,,2.481551229,0.003116396
ENSGALG00000005309,TKT,,,,0.862887325,0.000667791
ENSGALG00000005349,MSLN,5,2,1,0.9656633,0.038331642
ENSGALG00000005472,NAT,,3,3,1.342495094,0.001027284
ENSGALG00000005473,PNAT3,,3,3,1.71288888,2.03E-08
ENSGALG00000005474,PNAT10,,3,3,1.262245981,0.005081463
ENSGALG00000005582,KLHL18,,,,1.372441016,2.29E-07
ENSGALG00000005608,SLC9A3R2,,,,2.239458306,0.010979403
ENSGALG00000005610,SLC44A3,,,,4.571025727,0.000567801
ENSGALG00000005619,F3,,,,6.477278026,0.00545286
ENSGALG00000005631,TRPM2,,3,,3.040369721,5.05E-05
ENSGALG00000005653,NFKB2,,,,0.853676286,0.000471052
ENSGALG00000005657,CRHR2,,,,1.431960797,0.029859867
ENSGALG00000005739,SCD,,,,2.414101806,2.40E-12
ENSGALG00000005747,,,,,5.939836077,3.96E-12
ENSGALG00000005753,,,,2,0.828215779,0.000712713
ENSGALG00000005794,BLOC1S2,,,,0.583677541,0.045308495
ENSGALG00000005805,PLCD1,,,,1.001588206,0.000285462
ENSGALG00000005995,SLC13A5,,,,4.024835867,0.000117655
ENSGALG00000006106,TNFRSF6B,,,,1.458074484,0.006403294
ENSGALG00000006140,,,,,0.907113415,0.000211184
ENSGALG00000006143,,,,,0.526965721,0.037380122
ENSGALG00000006152,,11,1,4,0.489494164,0.039053273
ENSGALG00000006156,COG7,,,,0.628192592,0.007592378
ENSGALG00000006181,NUB1,,,,0.513441219,0.028512176
ENSGALG00000006219,PRKAG2,,,5,0.579062113,0.041350834
ENSGALG00000006233,GALNT11,,,,0.542049818,0.045956051
ENSGALG00000006343,ACTA2,,,,2.55094812,9.44E-10
ENSGALG00000006352,CH25H,,,,2.123522529,4.94E-06
ENSGALG00000006443,MADPRT1,7,,1,5.304496371,3.68E-09
ENSGALG00000006512,HSPA8,2,1,2,0.649042527,0.007616048
ENSGALG00000006591,TNNI2,2,,,1.68106518,0.007635345
ENSGALG00000006633,TMEM243,,,,1.214750411,0.035684835
ENSGALG00000006649,TMEM41A,,,,0.686822506,0.005909577
ENSGALG00000006738,CDK5RAP1,,,,2.661963387,3.99E-13
ENSGALG00000006756,LBP,,5,5,2.653233767,6.83E-14
ENSGALG00000006757,XYLT1,,,,0.742719357,0.048766233
ENSGALG00000006805,PLSCR1,,,5,1.798687969,2.26E-08
ENSGALG00000006822,PCDH19,,,,4.213003618,6.43E-06
ENSGALG00000006830,CHID1,,,,1.311506794,0.001642169
ENSGALG00000006904,RNH1,,,,1.345690898,1.56E-06
ENSGALG00000006939,PFKP,,,,0.495780569,0.049193578
ENSGALG00000006973,SH2D6,,,,1.051727785,4.17E-06
ENSGALG00000007015,CD40,,,,1.004047509,0.000147496
ENSGALG00000007059,IGSF6,,,,0.623390561,0.014998787
ENSGALG00000007123,,,,,0.712520465,0.027795097
ENSGALG00000007161,LRRK2,,,,0.658574435,0.014982305
ENSGALG00000007174,TNFSF15,,,,1.785866332,0.014721552
ENSGALG00000007183,ERGIC2,,,,0.587753782,0.00936363
ENSGALG00000007191,TK1,,,,1.404003567,0.044570945
ENSGALG00000007351,MTPAP,,,,0.609215149,0.034861624
ENSGALG00000007381,,,,,0.672364631,0.011623701
ENSGALG00000007476,VAMP7,,,,0.915035092,0.000318768
ENSGALG00000007713,CD300LG,5,,,0.522236767,0.039927047
ENSGALG00000007717,GCNT7,,,,0.966217842,0.007240848
ENSGALG00000007874,IL18,,,,1.240979082,0.000247314
ENSGALG00000007877,PIP4K2A,,,,0.883975129,0.000370288
ENSGALG00000008003,ZC3HC1,,,,0.599726219,0.040335991
ENSGALG00000008014,CEBPB,,,,1.578772128,1.33E-05
ENSGALG00000008016,GRB2,,,,0.502763197,0.041098618
ENSGALG00000008094,HSPD1,,,,0.606741497,0.00833916
ENSGALG00000008166,TLR15,,3,,1.393820639,1.61E-06
ENSGALG00000008179,NT5C2,,,,0.464759609,0.048252008
ENSGALG00000008355,CASP8,,,,0.827168747,0.000523666
ENSGALG00000008407,IRAK2,,,,0.655738207,0.005994788
ENSGALG00000008563,ENTPD6,,3,,0.925062083,0.003375999
ENSGALG00000008589,GPR1,,,,1.728915104,0.001792451
ENSGALG00000008628,,,,,3.857926874,0.000412739
ENSGALG00000008740,POT1,,,,1.36000407,0.001457966
ENSGALG00000008794,RPP38,,,,0.730877824,0.026058711
ENSGALG00000008818,IDH1,,,,0.773004245,0.007797413
ENSGALG00000008827,FERMT1,,,,1.482545124,2.75E-06
ENSGALG00000008838,FKBP15,,,,0.789114472,0.000603627
ENSGALG00000008844,SLC31A1,,,,0.618177392,0.009813362
ENSGALG00000008930,B3GNT2,,,,0.980128833,0.000380055
ENSGALG00000008997,STEAP4,,,,5.968755341,1.46E-34
ENSGALG00000009082,COQ8A,,,,0.932279914,0.012243245
ENSGALG00000009085,MTMR1,,,,0.736532797,0.002119113
ENSGALG00000009086,EHD3,,,,1.935674969,3.48E-06
ENSGALG00000009241,SFRP2,,,,0.933265492,0.017791842
ENSGALG00000009291,EPHX1,,,,0.973174355,0.01434307
ENSGALG00000009415,SMOC1,,,,1.840581934,0.030793472
ENSGALG00000009422,RGS10,,,,0.66903719,0.034042358
ENSGALG00000009456,EXD2,,,,0.656213739,0.03426283
ENSGALG00000009493,TMEM229B,,,,0.869833518,0.001476478
ENSGALG00000009520,MARCH1,,,,2.465157639,1.96E-09
ENSGALG00000009556,PRICKLE1,,,,2.492543376,0.019445322
ENSGALG00000009564,METTL8,,,,1.073307626,0.018326889
ENSGALG00000009602,MYO3B,,,,6.213356322,0.000453059
ENSGALG00000009639,DDX60,,,,2.575148483,0.007066226
ENSGALG00000009758,SLC7A11,,,,2.377702339,0.000138442
ENSGALG00000009817,ZNF770,,,,0.857645068,0.040752945
ENSGALG00000009838,AQR,,,,0.5120234,0.040318538
ENSGALG00000009848,LPGAT1,,,,1.04675864,0.000944225
ENSGALG00000009915,EML4,,,,1.171186103,0.000870507
ENSGALG00000009948,HHIP,,,,7.25509282,1.92E-06
ENSGALG00000009963,LYZ,10,3,3,3.702577789,1.08E-09
ENSGALG00000010060,PSMA6,,,,0.545447753,0.026288567
ENSGALG00000010125,CSGALNACT1,,,,1.801362144,0.005056598
ENSGALG00000010129,PLK3,,,,0.568790082,0.026225333
ENSGALG00000010147,CBWD1,,,,0.500891362,0.030881475
ENSGALG00000010166,VLDLR,,,,0.650432183,0.007457511
ENSGALG00000010174,SLC35B2,,,,0.574100623,0.020959074
ENSGALG00000010175,HSP90AB1,,,,0.922255593,0.000173721
ENSGALG00000010203,,,,,1.858803391,3.54E-10
ENSGALG00000010243,PRDX1,,,,1.709732012,3.83E-11
ENSGALG00000010244,AKR1A1,,,,0.680144863,0.003505362
ENSGALG00000010269,KCNAB1,,,,4.902949303,1.49E-09
ENSGALG00000010338,CXCL13L2,,,,4.782295584,1.49E-07
ENSGALG00000010582,PPA2,,,,0.552565731,0.023100785
ENSGALG00000010628,ACSL1,,,,2.932116446,3.13E-15
ENSGALG00000010658,RWDD4,,,,0.971572924,0.00399826
ENSGALG00000010703,DGLUCY,,,,0.989976528,0.003624976
ENSGALG00000010749,TCEANC2,,,,0.551899012,0.035731667
ENSGALG00000010762,OPN3,6,,,5.917149428,0.003743568
ENSGALG00000010793,SLC24A4,,,,0.688127246,0.032144175
ENSGALG00000010801,TMEM61,,,,3.113153555,0.044246722
ENSGALG00000010835,DTX4,,,,0.559574515,0.035183893
ENSGALG00000010836,AHR,,,3,0.63495024,0.011669234
ENSGALG00000010915,IL6,,,,3.154003362,2.44E-06
ENSGALG00000011162,CYP46A1,,,,0.720207048,0.048322388
ENSGALG00000011255,MCCC2L,,,,1.017317119,0.040852509
ENSGALG00000011389,TRAF3,,,,0.692334596,0.040171045
ENSGALG00000011426,RNASET2,2,,,2.660348226,1.10E-09
ENSGALG00000011490,CMTM6,,,,0.790730196,0.048151458
ENSGALG00000011511,CKB,,,,0.765078726,0.001471575
ENSGALG00000011609,,,,,5.092689066,0.020525607
ENSGALG00000011668,IL8L1,4,,,2.768945043,6.08E-06
ENSGALG00000011805,,1,2,,1.461129734,0.000163219
ENSGALG00000011812,,,,,1.30824797,1.72E-05
ENSGALG00000011838,GUCY2C,,,,4.343115679,3.26E-06
ENSGALG00000011961,TNIP3,,4,,3.502111519,7.77E-12
ENSGALG00000012004,PRSS12,,,,3.488646824,6.52E-08
ENSGALG00000012013,SLC25A17,,,,0.573013386,0.032715747
ENSGALG00000012032,PRRG4,,,,1.187339425,0.011701263
ENSGALG00000012076,TIFA,,,,0.68716185,0.036219869
ENSGALG00000012117,STEAP3,,,,1.546380976,0.001321274
ENSGALG00000012124,PELI2,,,,2.698072595,1.43E-05
ENSGALG00000012190,TMEM163,,,,3.146435915,0.036123989
ENSGALG00000012263,NEMF,,,,1.774608505,0.006561936
ENSGALG00000012277,MAFF,,,,0.656413701,0.005918042
ENSGALG00000012300,RAB32,,,,1.114097379,0.000200023
ENSGALG00000012338,BDH2,,,,0.525533439,0.048725453
ENSGALG00000012342,SASH1,,,,0.985617391,0.005180108
ENSGALG00000012394,,,,,2.08316747,0.002873966
ENSGALG00000012396,PTGER2,,,,1.032044163,0.010524667
ENSGALG00000012422,,,,,0.676934128,0.02156204
ENSGALG00000012454,CYTH4,,,2,1.009810592,0.000432723
ENSGALG00000012480,NMI,,,,0.56417444,0.025151951
ENSGALG00000012538,NR4A2,,,,0.789210876,0.043019769
ENSGALG00000012550,HMOX1,,,,1.46059379,0.012256406
ENSGALG00000012574,WDSUB1,,,2,0.93949586,0.000411679
ENSGALG00000012687,TPMT,,,,1.7095789,2.66E-11
ENSGALG00000012692,SIRT5,,,,1.7212932,1.49E-08
ENSGALG00000012761,DRAM1,,,,2.656915369,1.61E-11
ENSGALG00000012784,TXNDC5,,,,0.51650818,0.036092555
ENSGALG00000012929,DNM1L,,,,0.540761384,0.031735367
ENSGALG00000012952,BASP1,,,,0.627824602,0.007405291
ENSGALG00000012998,WNT5B,,,,6.859670454,0.000337502
ENSGALG00000013033,,,,,5.02260972,9.01E-11
ENSGALG00000013072,AKR1B10,,,2,0.764072629,0.010160041
ENSGALG00000013085,PTPRO,,,,2.383060358,0.007039831
ENSGALG00000013086,IKZF1,,2,,0.949652128,0.001722125
ENSGALG00000013098,MGST1,,,,1.410331027,0.000610964
ENSGALG00000013100,GRB10,,,,1.34442262,0.00959328
ENSGALG00000013134,PLEKHA5,,,,1.787268265,0.000907449
ENSGALG00000013218,C3AR1,23,1,7,1.591953964,6.03E-07
ENSGALG00000013356,IKBKE,,,,1.377282466,3.24E-09
ENSGALG00000013495,GSDMA,3,,,1.695443314,0.001079374
ENSGALG00000013738,OPTN,,,,0.78141846,0.00097564
ENSGALG00000013804,SRD5A3,,,,0.734488939,0.038942839
ENSGALG00000013814,IMPA2,,,,2.464643397,6.42E-08
ENSGALG00000013861,TNFAIP3,,,,1.12176145,1.21E-06
ENSGALG00000013867,PTPN2,,,,0.520121118,0.022120691
ENSGALG00000014159,PACSIN2,4,,,0.835939749,0.01836938
ENSGALG00000014166,TSPO,,,,0.663575432,0.00441201
ENSGALG00000014268,CHRNA9,,,,5.646539261,0.003360327
ENSGALG00000014297,IRF7,,,,1.069242993,0.002448399
ENSGALG00000014321,SMIM14,,,,0.630039271,0.034800265
ENSGALG00000014443,IFFO1,,,,0.645397025,0.029121143
ENSGALG00000014509,BST1,,,,2.370729941,1.09E-06
ENSGALG00000014551,,,2,,0.57099242,0.045409031
ENSGALG00000014585,,,,,1.620845326,0.002288077
ENSGALG00000014603,C1S,,,,3.340459945,2.20E-09
ENSGALG00000014616,MT3,1,3,1,0.626380612,0.023436288
ENSGALG00000014659,C1R,3,,,2.139261075,6.77E-08
ENSGALG00000014756,PPWD1,,,,0.595258942,0.030372232
ENSGALG00000014940,ZUP1,,,,0.805675817,0.034421998
ENSGALG00000014971,SLC2A9,,,,2.566954136,0.000597881
ENSGALG00000015008,ZNF366,,,,3.265517168,0.024122243
ENSGALG00000015032,,,2,,0.915228879,0.002167946
ENSGALG00000015110,FAM189A2,,,4,1.216662186,0.034660987
ENSGALG00000015183,,,,,0.852247726,0.000576652
ENSGALG00000015209,NFIL3,,,,0.728559034,0.034639908
ENSGALG00000015256,PAM,,,,2.747140493,1.53E-09
ENSGALG00000015347,ZPLD1,,,,3.922993753,0.000271309
ENSGALG00000015480,POGLUT1,,,,0.654878028,0.041078691
ENSGALG00000015529,WFS1,,,,0.832033868,0.004294528
ENSGALG00000015652,,,,,0.605987294,0.011455727
ENSGALG00000015662,,,,,3.99115395,0.000313605
ENSGALG00000015666,TNIP2,,4,,1.315117676,1.34E-05
ENSGALG00000015746,JAM2,,,,0.762604227,0.030239528
ENSGALG00000015821,CCT8,,,,0.47762358,0.038047125
ENSGALG00000015833,NT5E,,,,1.807345217,0.035989728
ENSGALG00000016205,PDXK,,,,2.147640415,5.44E-09
ENSGALG00000016261,CYBB,,,,0.679713695,0.005503604
ENSGALG00000016262,XK,,,,6.467877129,0.000223717
ENSGALG00000016348,SAT1,,,6,0.931750973,0.0007073
ENSGALG00000016351,ACOT9,,,2,0.769356915,0.002836329
ENSGALG00000016471,,,,,0.494110513,0.044115786
ENSGALG00000016477,WDR35,,,,1.008218601,0.037918739
ENSGALG00000016556,,7,1,,1.679038529,5.37E-08
ENSGALG00000016564,PTK2B,,,,0.611210702,0.008694294
ENSGALG00000016574,GEMIN8,,,,0.801045347,0.014423438
ENSGALG00000016721,PLCXD1,,,,1.989358487,1.04E-13
ENSGALG00000016724,RGN,,,,1.402617792,0.023432017
ENSGALG00000016774,NPAS2,,,,3.411650974,0.004313176
ENSGALG00000016776,TBC1D8,,,,2.256890112,4.23E-10
ENSGALG00000016811,SEPTIN10,,,,0.840844469,0.029130368
ENSGALG00000016834,MCF2L,,,,0.736579798,0.031060287
ENSGALG00000016884,SLC15A1,,,,1.499876235,0.00295428
ENSGALG00000016919,ACOD1,,,,3.621831797,1.84E-10
ENSGALG00000016967,ENOX1,,,,3.177373768,0.000783671
ENSGALG00000016969,,,,,0.670087276,0.024759534
ENSGALG00000016986,LCP1,,,,0.918137517,0.000340618
ENSGALG00000017019,WDFY2,,,,0.564269431,0.04382879
ENSGALG00000017032,SLC25A15,,,,1.01160519,0.009240628
ENSGALG00000017077,HSPH1,,,,0.914758622,0.000110298
ENSGALG00000017091,FLT1,,,,1.234277322,0.016773132
ENSGALG00000017098,GTF3A,,,,0.521960999,0.030269155
ENSGALG00000017120,SACS,,,,0.933051727,0.043320902
ENSGALG00000017126,ZDHHC20,,,,1.487565297,2.01E-08
ENSGALG00000017185,TMEM123,3,3,,0.87853011,0.001752207
ENSGALG00000017205,ENDOD1,,,,1.518274541,0.025376174
ENSGALG00000017244,PRSS23,,,,1.798031476,0.004133771
ENSGALG00000017302,SLCO2B1,,,,1.308291773,0.002748049
ENSGALG00000017326,ARHGEF17,,,,1.290305813,0.006516846
ENSGALG00000017363,C11H16ORF87,,,,0.853530473,0.002831283
ENSGALG00000017485,TLR1A,,,,1.083852198,0.005459035
ENSGALG00000019042,ALG8,,3,,0.715272583,0.009665067
ENSGALG00000019489,CHST9,,,,0.775802969,0.013584748
ENSGALG00000019690,WDR86,,,,1.482816959,0.025817818
ENSGALG00000020005,SFT2D1,,,,0.630380248,0.006670255
ENSGALG00000020316,IL13RA2,,,,7.974047529,3.16E-34
ENSGALG00000020438,DPH6,,,,1.007079088,0.006463474
ENSGALG00000021025,,,5,5,3.762930159,9.73E-14
ENSGALG00000021230,EPB42,,,,5.901003477,0.008639441
ENSGALG00000021340,CA9,,,,2.384192096,0.015777512
ENSGALG00000021353,,,,,3.261826505,0.000435841
ENSGALG00000021355,,,,,2.39781866,7.71E-09
ENSGALG00000021627,IFI27L2,,2,,2.105535665,0.003391024
ENSGALG00000021972,PLIN4,,,,0.53617015,0.020060493
ENSGALG00000023066,DNAJA1,,,,0.625915579,0.025799385
ENSGALG00000023279,EPN3,,,,1.228531342,0.005859195
ENSGALG00000023411,CD180,,,,1.055897433,0.008285073
ENSGALG00000023472,,,,,8.647214385,8.05E-33
ENSGALG00000023541,SPHK1,,,,0.576871611,0.019853605
ENSGALG00000023622,,5,,,6.102073391,0.004545615
ENSGALG00000023689,ASS1,,,,0.740440037,0.023199031
ENSGALG00000023709,,,,,1.326959832,0.023374424
ENSGALG00000023933,G0S2,,,,4.084732068,2.36E-16
ENSGALG00000023936,,,,,1.569264174,0.002965348
ENSGALG00000023953,,8,,,1.401179651,0.028030891
ENSGALG00000024041,FAHD1,,,,0.744057983,0.018560284
ENSGALG00000025945,AVD,5,,,6.485567549,4.14E-12
ENSGALG00000026055,PALM,,,,1.398981339,0.0266235
ENSGALG00000026098,IL8,4,,,2.24257477,1.31E-15
ENSGALG00000026111,SAAL1,,3,,1.127816059,0.001081181
ENSGALG00000026152,,12,3,3,1.743151313,4.74E-10
ENSGALG00000026167,PIK3R5,,,,0.520244316,0.022186436
ENSGALG00000026215,,,,,1.546306528,0.011045606
ENSGALG00000026385,LYPLAL1,,,,0.94422223,0.020615824
ENSGALG00000026422,,,,4,1.159930702,2.05E-06
ENSGALG00000026445,CALM1,4,2,5,0.878448933,0.00028884
ENSGALG00000026471,CRIP2,,,,1.10402612,0.011290133
ENSGALG00000026493,RALB,,,,0.709035952,0.014702544
ENSGALG00000026518,RUNDC3A,,,,1.942130136,0.043293253
ENSGALG00000026547,TPGS2,,,,0.621461144,0.024126958
ENSGALG00000026768,,,,,5.280088606,5.28E-09
ENSGALG00000026846,JMJD7,,,,1.188243776,0.013249091
ENSGALG00000026884,,,,,0.68899912,0.002213797
ENSGALG00000027070,TIMP2,,,,0.903550118,0.034851979
ENSGALG00000027093,TLR1B,,,,0.824660207,0.004382754
ENSGALG00000027334,,,,,0.793525271,0.001323304
ENSGALG00000027345,SLC46A2,,4,,1.332412781,6.38E-05
ENSGALG00000027546,BZFP1,132,6,8,1.104453151,0.001181919
ENSGALG00000027579,MRPS6,,,,1.195792132,2.13E-05
ENSGALG00000027630,NPR2,,,,0.841375101,0.005153156
ENSGALG00000027658,TESK1,,,,1.173841884,1.39E-06
ENSGALG00000027716,,,3,,6.269211215,2.28E-67
ENSGALG00000027747,TROJANZ,,,,0.916817987,0.001797902
ENSGALG00000027786,SOCS3,,,,3.477840594,3.93E-18
ENSGALG00000027822,,,,,3.24470467,2.99E-19
ENSGALG00000027835,PCBD1,,,,1.317836579,1.38E-06
ENSGALG00000027864,NFKBIA,,,,0.750201404,0.020083455
ENSGALG00000027902,SYNGR2,,,,0.732305385,0.002665503
ENSGALG00000028026,NDUFS4,,,,0.669454371,0.008674283
ENSGALG00000028095,HOXA1,,,,6.439443698,0.000107817
ENSGALG00000028225,SLC17A9,,,,2.37768985,9.90E-05
ENSGALG00000028411,,,,,2.218259872,4.22E-08
ENSGALG00000028451,MT4,1,3,1,0.927515987,0.000129385
ENSGALG00000028900,CENPT,,,,0.667121399,0.017590445
ENSGALG00000029020,PLPP4,,,,4.924465143,0.033986565
ENSGALG00000029035,,7,,,4.263032539,2.71E-17
ENSGALG00000029172,NDUFC2,,,,0.490797826,0.037476875
ENSGALG00000029324,,,,,0.987670943,0.001471681
ENSGALG00000029429,TGFBI,,,,2.12747228,1.55E-07
ENSGALG00000029446,,,,,1.920298305,3.16E-09
ENSGALG00000029502,CLIC2,,,,0.60373905,0.015418699
ENSGALG00000029614,FAM174C,,,,0.494359182,0.049497131
ENSGALG00000029621,SEMA3F,,,,1.716780081,0.00694808
ENSGALG00000029691,NFKBIB,,,,0.576575173,0.014324974
ENSGALG00000029768,PTGDR,,,,0.922797193,0.005635149
ENSGALG00000029857,,,,,0.49033154,0.031341507
ENSGALG00000029940,IL1B,,,,1.152930083,0.000221062
ENSGALG00000030081,SKAP2,,,3,2.060459603,2.02E-12
ENSGALG00000030099,,,,,2.042775954,4.52E-10
ENSGALG00000030291,IRF9,,,,0.64971323,0.032684047
ENSGALG00000030457,CHCHD5,,,,0.554568039,0.04677083
ENSGALG00000030511,SLC19A1,,4,,0.510869636,0.048894218
ENSGALG00000030569,TRIM41,,,2,0.504980104,0.028889223
ENSGALG00000030706,MAP3K6,,,,2.068753529,7.12E-08
ENSGALG00000030826,CLCN7,2,,,0.70069347,0.002620163
ENSGALG00000030886,PTGDS,2,1,,2.570912045,0.003956372
ENSGALG00000030907,CSF3,,,,2.732439405,0.000560911
ENSGALG00000031000,APRT,,,,1.188645014,0.000234133
ENSGALG00000031238,SLIRP,,,,0.562062511,0.037502549
ENSGALG00000031275,TUBB6,,,,1.001545566,0.000108726
ENSGALG00000031482,Pou5f3,3,,,3.762155534,9.23E-22
ENSGALG00000031597,HBAD,,,,2.721447678,0.001444566
ENSGALG00000031874,HIST1H101,1,1,2,0.931271277,0.00026029
ENSGALG00000031895,SDK2,,,,5.092689066,0.020525607
ENSGALG00000031918,RAD51D,,,,0.791278719,0.0014223
ENSGALG00000032170,,2,1,,5.328542831,0.014998253
ENSGALG00000032191,,,,,1.846882765,0.047098622
ENSGALG00000032329,NPM3,,,,0.968047081,0.000170248
ENSGALG00000032335,MARCKSL1,,,,5.199571587,1.18E-21
ENSGALG00000032413,NADK,,,,0.992926089,0.014693985
ENSGALG00000032419,STARD8,,,5,0.573657385,0.02378819
ENSGALG00000032717,CCL4,,,,2.440306692,2.19E-09
ENSGALG00000032746,ENPP2,,,,1.165634429,0.017170388
ENSGALG00000032768,SOX5,,,,1.911103774,0.034577307
ENSGALG00000032803,,,,,2.023975444,6.98E-08
ENSGALG00000032887,CHIR-B3,45,,2,1.062311778,0.031619781
ENSGALG00000032997,EMILIN2,,,,4.648032802,3.16E-25
ENSGALG00000033002,SLC7A3,,,,2.006989986,1.17E-16
ENSGALG00000033039,ENG,,,,2.598090895,0.000549198
ENSGALG00000033090,VDR,,,,1.244854538,3.81E-05
ENSGALG00000033162,PSMD3,,,,0.652837267,0.006139095
ENSGALG00000033171,TGM4,6,6,6,3.334639545,5.04E-08
ENSGALG00000033212,HSP90AA1,,,,0.565825607,0.025497356
ENSGALG00000033226,FAM107B,,,,0.696272706,0.016572538
ENSGALG00000033520,DCSTAMP,,,,0.674418991,0.008996589
ENSGALG00000033597,,,,,3.428555353,0.011821732
ENSGALG00000033631,MYC,,2,,0.667884899,0.014743455
ENSGALG00000033696,RALY,,,2,1.870758815,0.045601298
ENSGALG00000034069,TMEM106C,,,,1.468365477,0.000713225
ENSGALG00000034077,KCNK5,,,,2.068787903,0.000142364
ENSGALG00000034478,CCL4,,,,2.457131336,3.66E-05
ENSGALG00000034742,LIMA1,2,,,3.206537928,1.27E-17
ENSGALG00000034960,MLXIPL,,,,1.370834801,0.000526351
ENSGALG00000035007,USP35,,,,5.346413561,4.13E-18
ENSGALG00000035108,KDM7A,,,,0.595738462,0.032692262
ENSGALG00000035182,CMKLR1,9,,,0.646192833,0.008154956
ENSGALG00000035185,,,,3,1.252477733,0.002556176
ENSGALG00000035206,,,,,0.476753735,0.040254554
ENSGALG00000035362,,,,2,1.088390083,0.00140053
ENSGALG00000035505,AOAH,,,,1.845221133,1.81E-09
ENSGALG00000035825,,,,,1.63623141,0.001458608
ENSGALG00000035966,EDA,,,,2.251252485,0.021084132
ENSGALG00000035994,,,,,0.587129004,0.037268912
ENSGALG00000036001,SMAD2Z,,,,0.635783986,0.020897411
ENSGALG00000036300,SEC61A2,,,,0.613364996,0.03448405
ENSGALG00000036310,,,,,1.044217236,0.00016491
ENSGALG00000036456,TRIB1,,,,0.786436318,0.012800396
ENSGALG00000036680,,,,,1.756644586,0.025301765
ENSGALG00000036901,TSPAN18,,,,1.384714468,0.000184189
ENSGALG00000036925,CADM3,,,,5.590150252,0.013375779
ENSGALG00000036942,KCNA3,,,,2.135131127,7.85E-11
ENSGALG00000036976,DALRD3,,,,0.527050416,0.020027207
ENSGALG00000037029,,,,,3.272443966,2.17E-13
ENSGALG00000037050,FABP3,,,,0.793326174,0.031926574
ENSGALG00000037167,HIST1H103,1,1,2,0.859292741,0.01562051
ENSGALG00000037261,RFXANK,,,,0.675507674,0.024454148
ENSGALG00000037521,PRCP,,,,0.554505523,0.046859644
ENSGALG00000037549,EML3,,,,0.652044968,0.009506994
ENSGALG00000037556,SLC1A2,,,,1.559574934,0.000971742
ENSGALG00000037989,IL10RB,,,,0.604654578,0.015793833
ENSGALG00000038096,NOS2,,,,1.921351771,1.01E-08
ENSGALG00000038141,NCF4,,,,0.696070137,0.044836596
ENSGALG00000038146,,,,,0.560574975,0.017080322
ENSGALG00000038187,SLC35B4,,,,0.692472602,0.006773933
ENSGALG00000038467,SELENOO,,,,0.615942763,0.04919347
ENSGALG00000038875,TMC6,,,,0.492139647,0.048939743
ENSGALG00000038957,NAE1,,,,0.546614028,0.042675839
ENSGALG00000039080,CD44,,,,1.13996673,3.62E-06
ENSGALG00000039219,ADAMTS14,,,,2.699578865,0.006033554
ENSGALG00000039329,,,,2,0.854472521,0.040529569
ENSGALG00000039553,SULF1,,,,3.666525304,0.000828048
ENSGALG00000039589,,,2,,0.82061884,0.037377278
ENSGALG00000039658,GGA1,,,,1.127935104,6.45E-06
ENSGALG00000039708,,,,,1.176772627,0.000237066
ENSGALG00000039872,PDLIM4,,,,2.113216818,0.004840009
ENSGALG00000039880,RHEB,,,,1.138641128,6.52E-06
ENSGALG00000039978,SLC4A1,,,,2.943406295,0.00116326
ENSGALG00000040180,CEBPD,,2,,1.5993227,4.88E-05
ENSGALG00000040244,SEPTIN9,,,,0.481626978,0.037411787
ENSGALG00000040297,NBL1,,,,1.497964004,3.31E-07
ENSGALG00000040369,PFKFB3,,,,0.816673122,0.00240687
ENSGALG00000040807,DMTN,,,,2.338497024,0.009885964
ENSGALG00000040832,CFD,,,,5.626134782,1.51E-21
ENSGALG00000041080,CHD7,,,,0.670712515,0.012525214
ENSGALG00000041558,,,,,0.597326847,0.017943072
ENSGALG00000041625,LSM5,,,,0.739258915,0.036904609
ENSGALG00000041752,CD164L2,3,3,,1.959802561,0.002872672
ENSGALG00000041898,FAM43A,,,,0.806023427,0.018514241
ENSGALG00000041978,K123,4,1,6,4.191541771,2.25E-30
ENSGALG00000042321,LYN,,,,1.165304792,4.64E-05
ENSGALG00000042492,PITX2,,,,3.783823645,0.007490976
ENSGALG00000042612,,,,,0.833295618,0.006286757
ENSGALG00000042836,KCNH2,,,,3.107230129,4.26E-05
ENSGALG00000042838,TRAF2,,,,0.69113984,0.003987416
ENSGALG00000043064,EXFABP,2,1,,2.873665219,1.57E-17
ENSGALG00000043088,,,,,5.520349933,0.008680633
ENSGALG00000043234,HBA1,,,2,2.884678163,0.000546804
ENSGALG00000043257,,,4,,3.263153126,0.006022457
ENSGALG00000043399,EZH2,,2,,0.630682011,0.01711615
ENSGALG00000043535,RIPK2,,,,1.210481872,0.000748107
ENSGALG00000043587,CCDC88A,,,,0.933704075,0.002308426
ENSGALG00000043603,CCL5,,,,2.18593051,2.72E-05
ENSGALG00000043605,BEST4,,,,8.044346821,3.77E-23
ENSGALG00000043675,ANTXR2,,,,1.324727227,1.62E-07
ENSGALG00000043754,GLUL,,,,4.485990472,6.73E-36
ENSGALG00000044466,,,,,1.908402244,1.15E-07
ENSGALG00000044480,IL13RA1,,,,1.137252053,0.00039841
ENSGALG00000044525,NFKBIE,,,,0.614277193,0.013734867
ENSGALG00000044547,,,,,1.128670645,0.022492204
ENSGALG00000044643,,,,,3.265517168,0.024122243
ENSGALG00000045115,,7,,,1.304016404,0.00911338
ENSGALG00000045478,,,,,2.784918669,3.69E-05
ENSGALG00000045511,PARP9,,,,0.653812167,0.007804307
ENSGALG00000045596,,2,3,1,2.210837525,5.09E-12
ENSGALG00000045607,CXCL13,,,,8.797480614,5.60E-11
ENSGALG00000045671,,,,,0.811334717,0.003300582
ENSGALG00000045762,,,,,1.993996504,0.012618243
ENSGALG00000045847,GRXCR2,,,,2.895511125,0.008071176
ENSGALG00000046098,,,,,0.942287835,0.004682848
ENSGALG00000046160,,,,,6.816612366,1.47E-07
ENSGALG00000046326,,,,,1.276021811,1.31E-05
ENSGALG00000046360,,,,,1.353706609,0.049080362
ENSGALG00000046411,,,,,1.190198185,0.046520476
ENSGALG00000046487,,,,,1.777358552,0.033520137
ENSGALG00000046593,,,,,3.151455147,3.85E-13
ENSGALG00000046793,HELT,,,,2.060292901,5.42E-09
ENSGALG00000046862,UBE2Q2,,,,0.538642364,0.020633833
ENSGALG00000047031,,,,,1.628607417,2.28E-07
ENSGALG00000047152,HBBA,3,,2,2.239837102,0.001740721
ENSGALG00000047208,,,,,2.983922323,0.002321077
ENSGALG00000047211,FCER1G,,,,0.78834149,0.003223565
ENSGALG00000047290,KIAA1755,,,,2.548224716,4.02E-08
ENSGALG00000047463,,,,,5.77718695,0.004211245
ENSGALG00000047479,,,,,0.839772886,0.035735079
ENSGALG00000047540,,,,,0.907206058,0.007275056
ENSGALG00000047775,,,,,5.207811672,8.97E-13
ENSGALG00000048013,HTD2,,,,0.501192888,0.046338838
ENSGALG00000048064,,,,,1.784688,0.032016533
ENSGALG00000048159,,,,,0.751019895,0.030749325
ENSGALG00000048325,GBP,12,3,3,1.952698148,4.87E-08
ENSGALG00000048869,,,,,1.395960785,0.002267903
ENSGALG00000049027,,,,,0.589721302,0.03198991
ENSGALG00000049351,,,,,5.821105675,0.002576335
ENSGALG00000049367,,,2,,1.373548842,0.033690352
ENSGALG00000049474,,,,,3.024604101,0.002170549
ENSGALG00000049589,,3,3,2,4.525604965,6.19E-08
ENSGALG00000049684,,,,,0.776384836,0.018139979
ENSGALG00000049887,,,,,2.4346513,0.020483685
ENSGALG00000050206,,,,,0.729421558,0.046825437
ENSGALG00000050269,,,,,0.592053349,0.021383539
ENSGALG00000050358,,,,,2.426788801,0.035237385
ENSGALG00000050376,,15,,5,1.247391587,0.0425318
ENSGALG00000050440,,,,,6.287644378,0.000317366
ENSGALG00000050441,,,,,0.59259409,0.04433534
ENSGALG00000050637,,23,1,7,2.120954738,1.29E-07
ENSGALG00000050728,,,,,5.509020581,8.59E-13
ENSGALG00000050882,,,,,0.964562978,0.004563253
ENSGALG00000051101,,,,,0.590955162,0.03969269
ENSGALG00000051203,,,,,6.06548626,2.34E-19
ENSGALG00000051567,MRPL41,,,,0.713305059,0.028268987
ENSGALG00000051751,,2,,3,6.220385428,0.000312698
ENSGALG00000052014,PCK2,,,,1.213644863,1.01E-05
ENSGALG00000052030,H2A-VIII,,,,6.132009762,0.002627692
ENSGALG00000052360,,,,,2.751982981,0.013667058
ENSGALG00000052396,,2,,,2.762269106,0.00060738
ENSGALG00000052423,,,,,4.435629866,3.06E-08
ENSGALG00000052452,,,,,3.12860579,1.48E-07
ENSGALG00000052524,,3,,,1.948283395,0.009134457
ENSGALG00000052643,C15orf48,,,,1.590185715,2.50E-10
ENSGALG00000052763,BTG2,,,,0.899103383,0.000543811
ENSGALG00000052767,,,,,3.432859106,0.028272068
ENSGALG00000052935,TNFRSF9,,,,1.031521628,0.031704374
ENSGALG00000053019,,,,,0.932337153,0.00095783
ENSGALG00000053043,CARHSP1,,,,0.685291689,0.006666786
ENSGALG00000053106,FAM181B,,,,1.468282314,0.000562359
ENSGALG00000053121,,,,,1.296915217,0.000930908
ENSGALG00000053254,EHHADH,,,,2.139777613,8.00E-06
ENSGALG00000053517,CDC26,,,,0.578156083,0.036937056
ENSGALG00000053533,,3,4,5,1.62760511,0.046927567
ENSGALG00000053552,IER5L,3,,2,1.015918017,0.000322725
ENSGALG00000053773,,,,,5.626179681,0.004984409
ENSGALG00000053799,,,,,1.437783226,0.029150353
ENSGALG00000053860,,,,2,2.590602676,5.49E-06
ENSGALG00000053954,,,,,1.378568219,8.93E-05
ENSGALG00000053964,GIMAP1-GIMAP5,,,,0.470331846,0.035498746
ENSGALG00000054044,,,,,0.594461401,0.012625141
ENSGALG00000054150,GPR27,,,,3.112662119,0.001256236
ENSGALG00000054536,,,,,0.547790093,0.046578593
ENSGALG00000054562,,,,,3.104085343,0.000843874
ENSGALG00000054636,,9,,,1.679763514,0.035910475
ENSGALG00000054912,,,,,4.674270885,6.75E-05
ENSGALG00000054974,,,,,5.067804749,0.034230454
ENSGALG00000055048,,3,3,,4.924465143,0.033986565
ENSGALG00000055117,,,,,2.069802961,0.019278188
