ref_komodo_stable_id,komodo_stable_id,chicken_109_stable_id,crocodile_stable_id,turtle_painted_stable_id
ENSVKKG00000002510,,,,ENSCPBG00000001215
ENSVKKG00000017981,ENSVKKG00000017981,,,
ENSVKKG00000013164,ENSVKKG00000013164,,,
ENSVKKG00000000661,ENSVKKG00000000661,,,
ENSVKKG00000008791,ENSVKKG00000008791,,,
ENSVKKG00000011132,ENSVKKG00000011132,,,
ENSVKKG00000014650,ENSVKKG00000014650,,,
ENSVKKG00000013835,,,ENSCPRG00005000622,
ENSVKKG00000010284,ENSVKKG00000010284,,,
ENSVKKG00000006102,ENSVKKG00000006102,,,
ENSVKKG00000015816,,,ENSCPRG00005005033,ENSCPBG00000026248
ENSVKKG00000015652,ENSVKKG00000015652,,,
ENSVKKG00000017881,ENSVKKG00000017881,,,
ENSVKKG00000002779,,,,ENSCPBG00000015032
ENSVKKG00000001018,,,,"{'ENSCPBG00000007587', 'ENSCPBG00000007583'}"
ENSVKKG00000006041,ENSVKKG00000006041,,,
ENSVKKG00000015962,ENSVKKG00000015962,,,
ENSVKKG00000005979,ENSVKKG00000005979,,,
ENSVKKG00000000766,,,,ENSCPBG00000018224
ENSVKKG00000004093,ENSVKKG00000004093,,,
ENSVKKG00000003881,ENSVKKG00000003881,,,
ENSVKKG00000010234,ENSVKKG00000010234,,,
ENSVKKG00000009580,ENSVKKG00000009580,,,
ENSVKKG00000010464,ENSVKKG00000010464,,,
ENSVKKG00000015942,,,,"{'ENSCPBG00000017895', 'ENSCPBG00000018166'}"
ENSVKKG00000003654,ENSVKKG00000003654,,,
ENSVKKG00000000604,,,,ENSCPBG00000007254
ENSVKKG00000017795,,,,ENSCPBG00000015962
ENSVKKG00000004880,ENSVKKG00000004880,,,
ENSVKKG00000013945,,,,ENSCPBG00000025142
ENSVKKG00000015225,,,ENSCPRG00005015501,
ENSVKKG00000010075,ENSVKKG00000010075,,,
ENSVKKG00000012107,,,,ENSCPBG00000004886
ENSVKKG00000002064,,,,ENSCPBG00000006558
ENSVKKG00000008943,,,,ENSCPBG00000002228
ENSVKKG00000018215,,,,ENSCPBG00000009911
ENSVKKG00000016932,ENSVKKG00000016932,,,
ENSVKKG00000017057,,,,ENSCPBG00000025562
ENSVKKG00000009166,ENSVKKG00000009166,,,
ENSVKKG00000011900,ENSVKKG00000011900,,,
ENSVKKG00000004468,,,,ENSCPBG00000024090
ENSVKKG00000013522,,,,ENSCPBG00000015008
ENSVKKG00000005834,ENSVKKG00000005834,,,
ENSVKKG00000008225,,,,ENSCPBG00000012253
ENSVKKG00000010115,ENSVKKG00000010115,,,
ENSVKKG00000002761,,,ENSCPRG00005001004,
ENSVKKG00000009350,,,ENSCPRG00005018473,
ENSVKKG00000003916,,,,ENSCPBG00000003902
ENSVKKG00000016401,ENSVKKG00000016401,,,
ENSVKKG00000002276,ENSVKKG00000002276,,,
ENSVKKG00000016622,ENSVKKG00000016622,,,ENSCPBG00000026594
ENSVKKG00000006333,ENSVKKG00000006333,,,
ENSVKKG00000010442,ENSVKKG00000010442,,,
ENSVKKG00000005265,ENSVKKG00000005265,,,
ENSVKKG00000013327,ENSVKKG00000013327,,,
ENSVKKG00000007892,ENSVKKG00000007892,,,
ENSVKKG00000007834,,,,ENSCPBG00000009671
ENSVKKG00000012526,,,,ENSCPBG00000024756
ENSVKKG00000005314,ENSVKKG00000005314,,,
ENSVKKG00000017654,,,,"{'ENSCPBG00000016384', 'ENSCPBG00000016476'}"
ENSVKKG00000007422,ENSVKKG00000007422,,,
ENSVKKG00000016242,,,,ENSCPBG00000019527
ENSVKKG00000013196,,,,"{'ENSCPBG00000008106', 'ENSCPBG00000008430'}"
ENSVKKG00000001067,ENSVKKG00000001067,,,ENSCPBG00000014633
ENSVKKG00000014363,ENSVKKG00000014363,,,
ENSVKKG00000001837,,,,ENSCPBG00000011338
ENSVKKG00000000579,,,ENSCPRG00005000432,
ENSVKKG00000011567,ENSVKKG00000011567,,,
ENSVKKG00000003326,ENSVKKG00000003326,,,
ENSVKKG00000003812,ENSVKKG00000003812,,,
ENSVKKG00000014890,ENSVKKG00000014890,,,
ENSVKKG00000001072,ENSVKKG00000001072,,,
ENSVKKG00000018548,,,,ENSCPBG00000001167
ENSVKKG00000000494,,,,ENSCPBG00000024383
ENSVKKG00000013968,ENSVKKG00000013968,,,
ENSVKKG00000018240,,,ENSCPRG00005015654,
ENSVKKG00000016450,ENSVKKG00000016450,,,
ENSVKKG00000013946,ENSVKKG00000013946,,,
ENSVKKG00000018680,,,,ENSCPBG00000000850
ENSVKKG00000006645,,,,ENSCPBG00000023519
ENSVKKG00000011582,ENSVKKG00000011582,,,
ENSVKKG00000005645,,,,ENSCPBG00000012766
ENSVKKG00000017224,ENSVKKG00000017224,,,
ENSVKKG00000005618,,,ENSCPRG00005010695,
ENSVKKG00000008341,ENSVKKG00000008341,,,
ENSVKKG00000010477,,,,ENSCPBG00000007672
ENSVKKG00000014253,ENSVKKG00000014253,,,
ENSVKKG00000005309,ENSVKKG00000005309,,,
ENSVKKG00000015365,ENSVKKG00000015365,,,
ENSVKKG00000011555,,,,ENSCPBG00000016180
ENSVKKG00000004761,ENSVKKG00000004761,,,
ENSVKKG00000011428,ENSVKKG00000011428,,,
ENSVKKG00000002967,ENSVKKG00000002967,,,
ENSVKKG00000012907,,,,ENSCPBG00000022464
ENSVKKG00000015002,ENSVKKG00000015002,,,ENSCPBG00000023639
ENSVKKG00000013689,ENSVKKG00000013689,,,
ENSVKKG00000005008,ENSVKKG00000005008,,ENSCPRG00005017770,
ENSVKKG00000003500,,,,ENSCPBG00000015595
ENSVKKG00000013076,ENSVKKG00000013076,,,
ENSVKKG00000002524,ENSVKKG00000002524,,,
ENSVKKG00000018421,ENSVKKG00000018421,,,
ENSVKKG00000002543,ENSVKKG00000002543,,,
ENSVKKG00000007216,ENSVKKG00000007216,,,ENSCPBG00000006150
ENSVKKG00000009147,,,ENSCPRG00005017224,
ENSVKKG00000012749,ENSVKKG00000012749,,,
ENSVKKG00000007836,ENSVKKG00000007836,,,
ENSVKKG00000015477,,,,ENSCPBG00000017838
ENSVKKG00000016605,,,ENSCPRG00005008268,
ENSVKKG00000012403,,,,ENSCPBG00000024767
ENSVKKG00000011363,ENSVKKG00000011363,,,
ENSVKKG00000001756,ENSVKKG00000001756,,,
ENSVKKG00000008186,ENSVKKG00000008186,,,
ENSVKKG00000006488,,,,ENSCPBG00000022046
ENSVKKG00000009305,,,,"{'ENSCPBG00000007587', 'ENSCPBG00000007583'}"
ENSVKKG00000005164,,,,ENSCPBG00000000969
ENSVKKG00000003352,ENSVKKG00000003352,,,
ENSVKKG00000010649,ENSVKKG00000010649,,,
ENSVKKG00000013675,,,,ENSCPBG00000003075
ENSVKKG00000006656,ENSVKKG00000006656,,,
ENSVKKG00000016158,ENSVKKG00000016158,,,
ENSVKKG00000017275,ENSVKKG00000017275,,,
ENSVKKG00000009190,ENSVKKG00000009190,,,
ENSVKKG00000007590,,,,ENSCPBG00000027577
ENSVKKG00000011831,,,,ENSCPBG00000012510
ENSVKKG00000010123,,,,ENSCPBG00000002520
ENSVKKG00000003342,ENSVKKG00000003342,,,
ENSVKKG00000015257,ENSVKKG00000015257,,,
ENSVKKG00000004398,ENSVKKG00000004398,,,
ENSVKKG00000000960,,,,ENSCPBG00000013161
ENSVKKG00000005013,,,,ENSCPBG00000006245
ENSVKKG00000013376,ENSVKKG00000013376,,,
ENSVKKG00000018517,,,,ENSCPBG00000027874
ENSVKKG00000010997,ENSVKKG00000010997,,,
ENSVKKG00000011276,,,,ENSCPBG00000015766
ENSVKKG00000012666,ENSVKKG00000012666,,,ENSCPBG00000007125
ENSVKKG00000009084,ENSVKKG00000009084,,,
ENSVKKG00000001988,,,,ENSCPBG00000008710
ENSVKKG00000008841,ENSVKKG00000008841,,,
ENSVKKG00000001463,,,,"{'ENSCPBG00000002994', 'ENSCPBG00000015131', 'ENSCPBG00000001782', 'ENSCPBG00000004192', 'ENSCPBG00000022421', 'ENSCPBG00000015137', 'ENSCPBG00000005729'}"
ENSVKKG00000014887,,,,ENSCPBG00000024293
ENSVKKG00000018417,,,,ENSCPBG00000008587
ENSVKKG00000006132,ENSVKKG00000006132,,,
ENSVKKG00000008344,ENSVKKG00000008344,,,
ENSVKKG00000015856,,,,ENSCPBG00000026269
ENSVKKG00000001472,,,,"{'ENSCPBG00000002994', 'ENSCPBG00000015131', 'ENSCPBG00000001782', 'ENSCPBG00000004192', 'ENSCPBG00000022421', 'ENSCPBG00000015137', 'ENSCPBG00000005729'}"
ENSVKKG00000012955,ENSVKKG00000012955,,,
ENSVKKG00000008834,ENSVKKG00000008834,,,
ENSVKKG00000017246,ENSVKKG00000017246,,,
ENSVKKG00000016945,ENSVKKG00000016945,,,
ENSVKKG00000017164,ENSVKKG00000017164,,,ENSCPBG00000006512
ENSVKKG00000012535,,,,ENSCPBG00000024752
ENSVKKG00000011245,ENSVKKG00000011245,,,
ENSVKKG00000000278,,,,ENSCPBG00000009324
ENSVKKG00000016612,ENSVKKG00000016612,,,
ENSVKKG00000007149,,,,ENSCPBG00000017470
ENSVKKG00000018042,ENSVKKG00000018042,,,
ENSVKKG00000009105,ENSVKKG00000009105,,ENSCPRG00005001541,
ENSVKKG00000002468,ENSVKKG00000002468,,,
ENSVKKG00000004947,ENSVKKG00000004947,,,
ENSVKKG00000016305,ENSVKKG00000016305,,,
ENSVKKG00000014185,ENSVKKG00000014185,,,
ENSVKKG00000002216,ENSVKKG00000002216,,,
ENSVKKG00000012467,ENSVKKG00000012467,,,
ENSVKKG00000000904,,,,"{'ENSCPBG00000016373', 'ENSCPBG00000023655', 'ENSCPBG00000001883'}"
ENSVKKG00000007383,,,,ENSCPBG00000024241
ENSVKKG00000011420,ENSVKKG00000011420,,,
ENSVKKG00000018023,ENSVKKG00000018023,,,
ENSVKKG00000013307,ENSVKKG00000013307,,,
ENSVKKG00000005872,ENSVKKG00000005872,,,
ENSVKKG00000006142,ENSVKKG00000006142,,,
ENSVKKG00000017660,ENSVKKG00000017660,,,
ENSVKKG00000017522,ENSVKKG00000017522,,,
ENSVKKG00000007177,,,,"{'ENSCPBG00000021943', 'ENSCPBG00000021467', 'ENSCPBG00000021468', 'ENSCPBG00000001007', 'ENSCPBG00000000576', 'ENSCPBG00000016822', 'ENSCPBG00000021465'}"
ENSVKKG00000011551,ENSVKKG00000011551,,,
ENSVKKG00000016489,ENSVKKG00000016489,,,
ENSVKKG00000011775,,,ENSCPRG00005008208,
ENSVKKG00000017755,ENSVKKG00000017755,,ENSCPRG00005016772,
ENSVKKG00000014588,ENSVKKG00000014588,,,
ENSVKKG00000004410,ENSVKKG00000004410,,,
ENSVKKG00000008595,,,,"{'ENSCPBG00000026040', 'ENSCPBG00000025930'}"
ENSVKKG00000008620,,,,ENSCPBG00000027165
ENSVKKG00000006165,ENSVKKG00000006165,,,
ENSVKKG00000003612,,,,ENSCPBG00000016628
ENSVKKG00000003863,ENSVKKG00000003863,,,
ENSVKKG00000000441,ENSVKKG00000000441,,,
ENSVKKG00000012814,ENSVKKG00000012814,,,
ENSVKKG00000015936,ENSVKKG00000015936,,,
ENSVKKG00000010240,ENSVKKG00000010240,,,
ENSVKKG00000003288,ENSVKKG00000003288,,,
ENSVKKG00000016535,ENSVKKG00000016535,,,"{'ENSCPBG00000013155', 'ENSCPBG00000013196'}"
ENSVKKG00000005073,,,,ENSCPBG00000015784
ENSVKKG00000016183,ENSVKKG00000016183,,,
ENSVKKG00000008990,ENSVKKG00000008990,,,ENSCPBG00000020857
ENSVKKG00000008209,,,,ENSCPBG00000018980
ENSVKKG00000018462,,,,ENSCPBG00000016555
ENSVKKG00000008853,ENSVKKG00000008853,,,
ENSVKKG00000005385,ENSVKKG00000005385,,,
ENSVKKG00000007977,ENSVKKG00000007977,,,
ENSVKKG00000016548,ENSVKKG00000016548,,,
ENSVKKG00000013526,,,,ENSCPBG00000014995
ENSVKKG00000000045,,,,ENSCPBG00000012101
ENSVKKG00000007730,,,,ENSCPBG00000027072
ENSVKKG00000003544,ENSVKKG00000003544,,,
ENSVKKG00000016409,ENSVKKG00000016409,,,
ENSVKKG00000005170,ENSVKKG00000005170,,,
ENSVKKG00000008651,ENSVKKG00000008651,,,
ENSVKKG00000017570,ENSVKKG00000017570,,,
ENSVKKG00000014328,,,,ENSCPBG00000007623
ENSVKKG00000004526,ENSVKKG00000004526,,,
ENSVKKG00000010005,,,,ENSCPBG00000017442
ENSVKKG00000002906,ENSVKKG00000002906,,,
ENSVKKG00000013473,ENSVKKG00000013473,,,
ENSVKKG00000013226,ENSVKKG00000013226,,,
ENSVKKG00000012258,,,,ENSCPBG00000009761
ENSVKKG00000008622,,,,ENSCPBG00000005369
ENSVKKG00000006524,ENSVKKG00000006524,,,
ENSVKKG00000001846,,,,"{'ENSCPBG00000015410', 'ENSCPBG00000014110', 'ENSCPBG00000014319', 'ENSCPBG00000003709', 'ENSCPBG00000014298', 'ENSCPBG00000014309', 'ENSCPBG00000014171', 'ENSCPBG00000014325'}"
ENSVKKG00000006577,ENSVKKG00000006577,,,
ENSVKKG00000016574,ENSVKKG00000016574,,,
ENSVKKG00000007379,ENSVKKG00000007379,,,
ENSVKKG00000016810,ENSVKKG00000016810,,,
ENSVKKG00000015896,ENSVKKG00000015896,,,
ENSVKKG00000013106,,,,ENSCPBG00000001647
ENSVKKG00000012752,ENSVKKG00000012752,,,ENSCPBG00000014374
ENSVKKG00000005847,,,,ENSCPBG00000009428
ENSVKKG00000015833,ENSVKKG00000015833,,,
ENSVKKG00000007306,,,,"{'ENSCPBG00000012886', 'ENSCPBG00000012972'}"
ENSVKKG00000003512,ENSVKKG00000003512,,,
ENSVKKG00000012657,,,,ENSCPBG00000012536
ENSVKKG00000016412,ENSVKKG00000016412,,,
ENSVKKG00000010883,ENSVKKG00000010883,,,
ENSVKKG00000004105,ENSVKKG00000004105,,,
ENSVKKG00000009140,ENSVKKG00000009140,,,
ENSVKKG00000001019,ENSVKKG00000001019,,,
ENSVKKG00000012595,ENSVKKG00000012595,,,
ENSVKKG00000001890,ENSVKKG00000001890,,,
ENSVKKG00000009263,,,,ENSCPBG00000001911
ENSVKKG00000010850,,,,ENSCPBG00000020801
ENSVKKG00000005020,,,,ENSCPBG00000006695
ENSVKKG00000015968,,,,ENSCPBG00000020271
ENSVKKG00000008164,,,,ENSCPBG00000020106
ENSVKKG00000007304,,,,ENSCPBG00000025720
ENSVKKG00000008980,ENSVKKG00000008980,,,
ENSVKKG00000012458,,,,"{'ENSCPBG00000002994', 'ENSCPBG00000015131', 'ENSCPBG00000001782', 'ENSCPBG00000004192', 'ENSCPBG00000022421', 'ENSCPBG00000015137', 'ENSCPBG00000005729'}"
ENSVKKG00000002426,ENSVKKG00000002426,,,
ENSVKKG00000004104,ENSVKKG00000004104,,,ENSCPBG00000020576
ENSVKKG00000017055,,,,ENSCPBG00000025554
ENSVKKG00000011436,,,,ENSCPBG00000000695
ENSVKKG00000016133,,,,ENSCPBG00000025373
ENSVKKG00000014029,ENSVKKG00000014029,,,
ENSVKKG00000003970,ENSVKKG00000003970,,,
ENSVKKG00000013320,,,,ENSCPBG00000007688
ENSVKKG00000012541,ENSVKKG00000012541,,ENSCPRG00005009766,
ENSVKKG00000014525,ENSVKKG00000014525,,,
ENSVKKG00000017655,ENSVKKG00000017655,,,
ENSVKKG00000008543,ENSVKKG00000008543,,,
ENSVKKG00000006303,ENSVKKG00000006303,,ENSCPRG00005006537,
ENSVKKG00000003931,ENSVKKG00000003931,,,
ENSVKKG00000013453,,,,ENSCPBG00000009163
ENSVKKG00000006392,,,,ENSCPBG00000019349
ENSVKKG00000003142,ENSVKKG00000003142,,,
ENSVKKG00000006673,,,,ENSCPBG00000017157
ENSVKKG00000015305,ENSVKKG00000015305,,,
ENSVKKG00000017281,,,,ENSCPBG00000003648
ENSVKKG00000017258,ENSVKKG00000017258,,,
ENSVKKG00000002067,,,,ENSCPBG00000014847
ENSVKKG00000007187,ENSVKKG00000007187,,,
ENSVKKG00000006130,ENSVKKG00000006130,,,
ENSVKKG00000013686,,,,ENSCPBG00000002761
ENSVKKG00000006911,,,,ENSCPBG00000016750
ENSVKKG00000006580,ENSVKKG00000006580,,,
ENSVKKG00000012758,ENSVKKG00000012758,,,
ENSVKKG00000006523,ENSVKKG00000006523,,,
ENSVKKG00000003121,ENSVKKG00000003121,,,
ENSVKKG00000009252,,,,ENSCPBG00000001844
ENSVKKG00000015312,ENSVKKG00000015312,,,
ENSVKKG00000016403,,,,ENSCPBG00000010522
ENSVKKG00000013726,,,ENSCPRG00005016336,
ENSVKKG00000008657,ENSVKKG00000008657,,,
ENSVKKG00000006991,ENSVKKG00000006991,,,
ENSVKKG00000018730,ENSVKKG00000018730,,ENSCPRG00005013089,
ENSVKKG00000011242,ENSVKKG00000011242,,,
ENSVKKG00000016882,,,,ENSCPBG00000024232
ENSVKKG00000017107,ENSVKKG00000017107,,ENSCPRG00005009119,
ENSVKKG00000014764,,,,ENSCPBG00000024495
ENSVKKG00000011359,ENSVKKG00000011359,,,
ENSVKKG00000012419,ENSVKKG00000012419,,,
ENSVKKG00000002112,,,,ENSCPBG00000006665
ENSVKKG00000013795,ENSVKKG00000013795,,,
ENSVKKG00000007343,,,,ENSCPBG00000027195
ENSVKKG00000001053,,,,ENSCPBG00000011797
ENSVKKG00000012392,,,,ENSCPBG00000018491
ENSVKKG00000004907,ENSVKKG00000004907,,,ENSCPBG00000027534
ENSVKKG00000002631,ENSVKKG00000002631,,,
ENSVKKG00000014559,,,,ENSCPBG00000012923
ENSVKKG00000014451,,,ENSCPRG00005002423,
ENSVKKG00000013158,ENSVKKG00000013158,,,
ENSVKKG00000010579,,,,ENSCPBG00000017797
ENSVKKG00000000137,ENSVKKG00000000137,,,
ENSVKKG00000011693,,,,ENSCPBG00000007577
ENSVKKG00000004610,,,,ENSCPBG00000020616
ENSVKKG00000015398,,,,ENSCPBG00000012433
ENSVKKG00000000461,,,,"{'ENSCPBG00000017774', 'ENSCPBG00000016996'}"
ENSVKKG00000006750,ENSVKKG00000006750,,,
ENSVKKG00000000372,ENSVKKG00000000372,,,
ENSVKKG00000004437,ENSVKKG00000004437,,,
ENSVKKG00000015872,,,,ENSCPBG00000016039
ENSVKKG00000011457,ENSVKKG00000011457,,,
ENSVKKG00000000720,ENSVKKG00000000720,,,
ENSVKKG00000003484,,,,ENSCPBG00000015953
ENSVKKG00000010872,,,ENSCPRG00005002745,
ENSVKKG00000015107,ENSVKKG00000015107,,,
ENSVKKG00000002891,ENSVKKG00000002891,,,
ENSVKKG00000015598,ENSVKKG00000015598,,,
ENSVKKG00000014649,ENSVKKG00000014649,,,
ENSVKKG00000007858,,,,ENSCPBG00000024278
ENSVKKG00000007491,,,,ENSCPBG00000010975
ENSVKKG00000001212,ENSVKKG00000001212,,,
ENSVKKG00000014688,,,,ENSCPBG00000016051
ENSVKKG00000006235,ENSVKKG00000006235,,,
ENSVKKG00000007873,ENSVKKG00000007873,,,
ENSVKKG00000007972,ENSVKKG00000007972,,,
ENSVKKG00000002910,,,,ENSCPBG00000020499
ENSVKKG00000013410,,,,ENSCPBG00000025955
ENSVKKG00000004190,ENSVKKG00000004190,,,
ENSVKKG00000009073,,,ENSCPRG00005015469,ENSCPBG00000015311
ENSVKKG00000018588,,,,ENSCPBG00000027313
ENSVKKG00000011845,ENSVKKG00000011845,,,
ENSVKKG00000016713,,,,ENSCPBG00000003340
ENSVKKG00000010440,,,,ENSCPBG00000002492
ENSVKKG00000007087,ENSVKKG00000007087,,,
ENSVKKG00000005841,,,,ENSCPBG00000009453
ENSVKKG00000000295,,,,ENSCPBG00000016123
ENSVKKG00000017306,,,,ENSCPBG00000013873
ENSVKKG00000009512,,,,ENSCPBG00000013455
ENSVKKG00000000689,ENSVKKG00000000689,,,
ENSVKKG00000003071,ENSVKKG00000003071,,,
ENSVKKG00000011121,,,,ENSCPBG00000013220
ENSVKKG00000004510,,,,ENSCPBG00000008913
ENSVKKG00000011576,ENSVKKG00000011576,,,
ENSVKKG00000007999,,,,ENSCPBG00000027036
ENSVKKG00000006159,,,,ENSCPBG00000010917
ENSVKKG00000008838,ENSVKKG00000008838,,,
ENSVKKG00000012829,,,,ENSCPBG00000011596
ENSVKKG00000005232,ENSVKKG00000005232,,,ENSCPBG00000025763
ENSVKKG00000007096,,,,ENSCPBG00000020735
ENSVKKG00000009858,ENSVKKG00000009858,,,
ENSVKKG00000004998,ENSVKKG00000004998,,,
ENSVKKG00000012743,ENSVKKG00000012743,,,
ENSVKKG00000007136,ENSVKKG00000007136,,,
ENSVKKG00000005282,,,,ENSCPBG00000011582
ENSVKKG00000004884,,,,ENSCPBG00000003740
ENSVKKG00000006601,ENSVKKG00000006601,,,
ENSVKKG00000006365,ENSVKKG00000006365,,,
ENSVKKG00000000465,,,,ENSCPBG00000026396
ENSVKKG00000010943,,,,ENSCPBG00000014875
ENSVKKG00000016494,,,ENSCPRG00005007293,
ENSVKKG00000000460,,,,ENSCPBG00000026395
ENSVKKG00000010994,,,,ENSCPBG00000005094
ENSVKKG00000010658,ENSVKKG00000010658,,,
ENSVKKG00000015461,,,,"{'ENSCPBG00000017774', 'ENSCPBG00000016996'}"
ENSVKKG00000009493,,,,ENSCPBG00000010370
ENSVKKG00000010713,,,,ENSCPBG00000019979
ENSVKKG00000010512,ENSVKKG00000010512,,,
ENSVKKG00000012465,ENSVKKG00000012465,,ENSCPRG00005012010,
ENSVKKG00000017303,,,,ENSCPBG00000013866
ENSVKKG00000008189,,,,ENSCPBG00000001861
ENSVKKG00000000632,,,,ENSCPBG00000027548
ENSVKKG00000001935,,,,ENSCPBG00000026570
ENSVKKG00000004825,ENSVKKG00000004825,,,ENSCPBG00000018541
ENSVKKG00000003319,ENSVKKG00000003319,,,ENSCPBG00000019899
ENSVKKG00000017968,ENSVKKG00000017968,,,
ENSVKKG00000008654,ENSVKKG00000008654,,,
ENSVKKG00000007656,,,ENSCPRG00005013476,
ENSVKKG00000013770,ENSVKKG00000013770,,,
ENSVKKG00000006623,,,,ENSCPBG00000023156
ENSVKKG00000010001,ENSVKKG00000010001,,,
ENSVKKG00000011527,ENSVKKG00000011527,,,
ENSVKKG00000015527,ENSVKKG00000015527,,,
ENSVKKG00000000502,,,ENSCPRG00005012375,
ENSVKKG00000007528,ENSVKKG00000007528,,,
ENSVKKG00000012477,ENSVKKG00000012477,,ENSCPRG00005018657,
ENSVKKG00000009759,ENSVKKG00000009759,,,
ENSVKKG00000009137,,,,ENSCPBG00000007313
ENSVKKG00000009151,,,,ENSCPBG00000001023
ENSVKKG00000006857,ENSVKKG00000006857,,,
ENSVKKG00000016891,ENSVKKG00000016891,,,
ENSVKKG00000005987,ENSVKKG00000005987,,,
ENSVKKG00000008810,ENSVKKG00000008810,,,
ENSVKKG00000006854,ENSVKKG00000006854,,,
ENSVKKG00000007744,,,,ENSCPBG00000013819
ENSVKKG00000018477,,,,"{'ENSCPBG00000016622', 'ENSCPBG00000016618'}"
ENSVKKG00000004314,,,,ENSCPBG00000008928
ENSVKKG00000016189,ENSVKKG00000016189,,,ENSCPBG00000015418
ENSVKKG00000003699,,,,ENSCPBG00000021560
ENSVKKG00000014601,ENSVKKG00000014601,,,
ENSVKKG00000001403,ENSVKKG00000001403,,,
ENSVKKG00000009825,,,,ENSCPBG00000003189
ENSVKKG00000009600,ENSVKKG00000009600,,,
ENSVKKG00000002991,,,,"{'ENSCPBG00000013888', 'ENSCPBG00000013890'}"
ENSVKKG00000014966,ENSVKKG00000014966,,,
ENSVKKG00000012177,,,,"{'ENSCPBG00000017760', 'ENSCPBG00000003558', 'ENSCPBG00000006164', 'ENSCPBG00000001207', 'ENSCPBG00000017005', 'ENSCPBG00000003693', 'ENSCPBG00000018679', 'ENSCPBG00000001175', 'ENSCPBG00000013062', 'ENSCPBG00000018663', 'ENSCPBG00000017687', 'ENSCPBG00000018689', 'ENSCPBG00000003506', 'ENSCPBG00000017708', 'ENSCPBG00000013049', 'ENSCPBG00000017712', 'ENSCPBG00000013064', 'ENSCPBG00000003678', 'ENSCPBG00000017009', 'ENSCPBG00000021488', 'ENSCPBG00000017670', 'ENSCPBG00000017006', 'ENSCPBG00000018673', 'ENSCPBG00000017882', 'ENSCPBG00000017729', 'ENSCPBG00000003629', 'ENSCPBG00000001142', 'ENSCPBG00000013053', 'ENSCPBG00000003587', 'ENSCPBG00000018694', 'ENSCPBG00000017665', 'ENSCPBG00000003537', 'ENSCPBG00000018703', 'ENSCPBG00000007077'}"
ENSVKKG00000010730,ENSVKKG00000010730,,,ENSCPBG00000023232
ENSVKKG00000006213,,,,ENSCPBG00000014047
ENSVKKG00000002553,ENSVKKG00000002553,,,
ENSVKKG00000010831,,,,ENSCPBG00000016967
ENSVKKG00000005940,,,,ENSCPBG00000015700
ENSVKKG00000018407,ENSVKKG00000018407,,,
ENSVKKG00000006919,,,ENSCPRG00005017026,
ENSVKKG00000000064,ENSVKKG00000000064,,,
ENSVKKG00000000601,ENSVKKG00000000601,,,
ENSVKKG00000009994,ENSVKKG00000009994,,,
ENSVKKG00000004963,ENSVKKG00000004963,,,
ENSVKKG00000018150,ENSVKKG00000018150,,,
ENSVKKG00000013923,ENSVKKG00000013923,,,
ENSVKKG00000016831,ENSVKKG00000016831,,,
ENSVKKG00000013318,,,,"{'ENSCPBG00000005134', 'ENSCPBG00000024905'}"
ENSVKKG00000014642,,,,ENSCPBG00000014477
ENSVKKG00000003902,ENSVKKG00000003902,,,
ENSVKKG00000017433,,,,ENSCPBG00000006163
ENSVKKG00000015240,,,,ENSCPBG00000005696
ENSVKKG00000005063,ENSVKKG00000005063,,,
ENSVKKG00000011051,ENSVKKG00000011051,,,ENSCPBG00000004907
ENSVKKG00000012508,,,,ENSCPBG00000023603
ENSVKKG00000015485,,,,"{'ENSCPBG00000017760', 'ENSCPBG00000003558', 'ENSCPBG00000006164', 'ENSCPBG00000001207', 'ENSCPBG00000017005', 'ENSCPBG00000003693', 'ENSCPBG00000018679', 'ENSCPBG00000001175', 'ENSCPBG00000013062', 'ENSCPBG00000018663', 'ENSCPBG00000017687', 'ENSCPBG00000018689', 'ENSCPBG00000003506', 'ENSCPBG00000017708', 'ENSCPBG00000013049', 'ENSCPBG00000017712', 'ENSCPBG00000013064', 'ENSCPBG00000003678', 'ENSCPBG00000017009', 'ENSCPBG00000021488', 'ENSCPBG00000017670', 'ENSCPBG00000017006', 'ENSCPBG00000018673', 'ENSCPBG00000017882', 'ENSCPBG00000017729', 'ENSCPBG00000003629', 'ENSCPBG00000001142', 'ENSCPBG00000013053', 'ENSCPBG00000003587', 'ENSCPBG00000018694', 'ENSCPBG00000017665', 'ENSCPBG00000003537', 'ENSCPBG00000018703', 'ENSCPBG00000007077'}"
ENSVKKG00000002736,,,,ENSCPBG00000015850
ENSVKKG00000000509,,,,ENSCPBG00000017526
ENSVKKG00000002500,,,,"{'ENSCPBG00000012777', 'ENSCPBG00000008486', 'ENSCPBG00000011558', 'ENSCPBG00000011180', 'ENSCPBG00000010112'}"
ENSVKKG00000000052,,,,ENSCPBG00000020591
ENSVKKG00000004067,ENSVKKG00000004067,,,
ENSVKKG00000013648,,,,"{'ENSCPBG00000021730', 'ENSCPBG00000021732', 'ENSCPBG00000021728'}"
ENSVKKG00000016847,,,,ENSCPBG00000014313
ENSVKKG00000007522,ENSVKKG00000007522,,,
ENSVKKG00000008411,,,,ENSCPBG00000020350
ENSVKKG00000017298,,,,ENSCPBG00000003165
ENSVKKG00000002142,,,,ENSCPBG00000027891
ENSVKKG00000007564,,,,ENSCPBG00000027614
ENSVKKG00000008463,,,,"{'ENSCPBG00000001518', 'ENSCPBG00000017318', 'ENSCPBG00000005891'}"
ENSVKKG00000005495,,,,ENSCPBG00000012700
ENSVKKG00000001235,ENSVKKG00000001235,,,
ENSVKKG00000003402,ENSVKKG00000003402,,ENSCPRG00005014013,
ENSVKKG00000018258,,,,ENSCPBG00000024410
ENSVKKG00000003347,ENSVKKG00000003347,,,
ENSVKKG00000002733,ENSVKKG00000002733,,,
ENSVKKG00000009160,,,ENSCPRG00005002055,
ENSVKKG00000007194,ENSVKKG00000007194,,,
ENSVKKG00000005711,ENSVKKG00000005711,,,
ENSVKKG00000002907,,,,ENSCPBG00000009002
ENSVKKG00000018635,,,,ENSCPBG00000021027
ENSVKKG00000004198,ENSVKKG00000004198,,,
ENSVKKG00000006763,,,,"{'ENSCPBG00000015970', 'ENSCPBG00000015955', 'ENSCPBG00000015961', 'ENSCPBG00000019661', 'ENSCPBG00000015952', 'ENSCPBG00000019411', 'ENSCPBG00000015954', 'ENSCPBG00000019664', 'ENSCPBG00000015967', 'ENSCPBG00000015959', 'ENSCPBG00000015965', 'ENSCPBG00000015956'}"
ENSVKKG00000003244,ENSVKKG00000003244,,,
ENSVKKG00000008935,,,,ENSCPBG00000020234
ENSVKKG00000015209,ENSVKKG00000015209,,,
ENSVKKG00000001411,ENSVKKG00000001411,,,
ENSVKKG00000009177,ENSVKKG00000009177,,,
ENSVKKG00000011988,ENSVKKG00000011988,,,
ENSVKKG00000002545,ENSVKKG00000002545,,,
ENSVKKG00000000791,ENSVKKG00000000791,,,
ENSVKKG00000014925,ENSVKKG00000014925,,,
ENSVKKG00000003598,,,,ENSCPBG00000014813
ENSVKKG00000007328,,,,ENSCPBG00000023177
ENSVKKG00000013324,,,,ENSCPBG00000007630
ENSVKKG00000009163,ENSVKKG00000009163,,,
ENSVKKG00000016073,ENSVKKG00000016073,,,
ENSVKKG00000016206,,,,ENSCPBG00000021320
ENSVKKG00000000009,ENSVKKG00000000009,,,
ENSVKKG00000006531,ENSVKKG00000006531,,,
ENSVKKG00000005641,,,,ENSCPBG00000010150
ENSVKKG00000017817,ENSVKKG00000017817,,,
ENSVKKG00000006812,ENSVKKG00000006812,,,
ENSVKKG00000015567,ENSVKKG00000015567,,,
ENSVKKG00000014674,,,,ENSCPBG00000018920
ENSVKKG00000004155,ENSVKKG00000004155,,,
ENSVKKG00000015541,,,,ENSCPBG00000026083
ENSVKKG00000017505,,,,ENSCPBG00000007809
ENSVKKG00000013807,ENSVKKG00000013807,,ENSCPRG00005005375,
ENSVKKG00000010944,,,,ENSCPBG00000028341
ENSVKKG00000000287,ENSVKKG00000000287,,,
ENSVKKG00000015948,,,,ENSCPBG00000008527
ENSVKKG00000011390,ENSVKKG00000011390,,,
ENSVKKG00000013545,ENSVKKG00000013545,,,ENSCPBG00000012269
ENSVKKG00000003485,ENSVKKG00000003485,,,
ENSVKKG00000007012,,,,ENSCPBG00000007369
ENSVKKG00000008388,ENSVKKG00000008388,,,
ENSVKKG00000012953,ENSVKKG00000012953,,,
ENSVKKG00000003865,ENSVKKG00000003865,,,
ENSVKKG00000005988,,,ENSCPRG00005005828,
ENSVKKG00000015229,ENSVKKG00000015229,,,
ENSVKKG00000004770,ENSVKKG00000004770,,,ENSCPBG00000010077
ENSVKKG00000010090,,,ENSCPRG00005006009,
ENSVKKG00000004521,ENSVKKG00000004521,,,
ENSVKKG00000013913,ENSVKKG00000013913,,,
ENSVKKG00000018101,ENSVKKG00000018101,,,
ENSVKKG00000016270,ENSVKKG00000016270,,,
ENSVKKG00000017513,,,ENSCPRG00005016363,
ENSVKKG00000012767,,,,ENSCPBG00000011450
ENSVKKG00000014635,,,,ENSCPBG00000014473
ENSVKKG00000003202,ENSVKKG00000003202,,,
ENSVKKG00000016575,,,,ENSCPBG00000006410
ENSVKKG00000008508,,,,ENSCPBG00000010772
ENSVKKG00000001300,ENSVKKG00000001300,,,
ENSVKKG00000009433,,,,ENSCPBG00000019921
ENSVKKG00000005966,,,,"{'ENSCPBG00000016795', 'ENSCPBG00000015271', 'ENSCPBG00000015267'}"
ENSVKKG00000010696,,,,"{'ENSCPBG00000001411', 'ENSCPBG00000026026'}"
ENSVKKG00000003234,ENSVKKG00000003234,,,
ENSVKKG00000009457,,,,ENSCPBG00000009023
ENSVKKG00000003640,,,ENSCPRG00005006637,
ENSVKKG00000009913,,,ENSCPRG00005015199,
ENSVKKG00000002866,ENSVKKG00000002866,,,
ENSVKKG00000009423,ENSVKKG00000009423,,,
ENSVKKG00000018277,ENSVKKG00000018277,,,
ENSVKKG00000006745,ENSVKKG00000006745,,,ENSCPBG00000020464
ENSVKKG00000007368,ENSVKKG00000007368,,,
ENSVKKG00000007911,,,,ENSCPBG00000007430
ENSVKKG00000002074,,,,ENSCPBG00000014847
ENSVKKG00000013851,ENSVKKG00000013851,,,
ENSVKKG00000018008,,,,ENSCPBG00000022143
ENSVKKG00000001601,,,,ENSCPBG00000019166
ENSVKKG00000003228,,,ENSCPRG00005004937,
ENSVKKG00000017242,ENSVKKG00000017242,,ENSCPRG00005004498,
ENSVKKG00000007171,,,,ENSCPBG00000005987
ENSVKKG00000001646,ENSVKKG00000001646,,,
ENSVKKG00000003492,ENSVKKG00000003492,,,
ENSVKKG00000005759,ENSVKKG00000005759,,,
ENSVKKG00000000993,ENSVKKG00000000993,,,
ENSVKKG00000006430,ENSVKKG00000006430,,,ENSCPBG00000012077
ENSVKKG00000013899,ENSVKKG00000013899,,,
ENSVKKG00000003218,ENSVKKG00000003218,,,
ENSVKKG00000017808,,,,ENSCPBG00000019501
ENSVKKG00000014515,ENSVKKG00000014515,,,
ENSVKKG00000009112,ENSVKKG00000009112,,,ENSCPBG00000001956
ENSVKKG00000003400,ENSVKKG00000003400,,,
ENSVKKG00000004021,,,ENSCPRG00005017591,
ENSVKKG00000008545,,,,ENSCPBG00000024626
ENSVKKG00000006541,,,,ENSCPBG00000011890
ENSVKKG00000009136,ENSVKKG00000009136,,,
ENSVKKG00000017597,ENSVKKG00000017597,,,
ENSVKKG00000001429,ENSVKKG00000001429,,,
ENSVKKG00000002889,,,,ENSCPBG00000021550
ENSVKKG00000006602,ENSVKKG00000006602,,,
ENSVKKG00000012407,,,,ENSCPBG00000024758
ENSVKKG00000001794,ENSVKKG00000001794,,,
ENSVKKG00000003007,ENSVKKG00000003007,,,
ENSVKKG00000006129,ENSVKKG00000006129,,,
ENSVKKG00000011266,,,,ENSCPBG00000001801
ENSVKKG00000005059,ENSVKKG00000005059,,,
ENSVKKG00000012385,ENSVKKG00000012385,,,
ENSVKKG00000007600,ENSVKKG00000007600,,,
ENSVKKG00000011554,ENSVKKG00000011554,,,
ENSVKKG00000018690,,,,ENSCPBG00000012668
ENSVKKG00000007071,ENSVKKG00000007071,,,
ENSVKKG00000007455,,,ENSCPRG00005000285,
ENSVKKG00000017066,ENSVKKG00000017066,,,
ENSVKKG00000017601,ENSVKKG00000017601,,,
ENSVKKG00000006799,,,,ENSCPBG00000020480
ENSVKKG00000003127,ENSVKKG00000003127,,,
ENSVKKG00000018761,,,,ENSCPBG00000023089
ENSVKKG00000007326,ENSVKKG00000007326,,,
ENSVKKG00000001926,ENSVKKG00000001926,,,
ENSVKKG00000015927,,,,ENSCPBG00000018089
ENSVKKG00000013425,ENSVKKG00000013425,,,
ENSVKKG00000002355,ENSVKKG00000002355,,,
ENSVKKG00000006660,ENSVKKG00000006660,,,
ENSVKKG00000010701,ENSVKKG00000010701,,,
ENSVKKG00000008261,ENSVKKG00000008261,,,
ENSVKKG00000012016,ENSVKKG00000012016,,,
ENSVKKG00000016923,ENSVKKG00000016923,,,
ENSVKKG00000011743,ENSVKKG00000011743,,,
ENSVKKG00000018734,,,,ENSCPBG00000020903
ENSVKKG00000010524,ENSVKKG00000010524,,,
ENSVKKG00000008009,ENSVKKG00000008009,,,
ENSVKKG00000002884,,,,ENSCPBG00000018994
ENSVKKG00000014498,ENSVKKG00000014498,,,
ENSVKKG00000001925,,,,ENSCPBG00000021680
ENSVKKG00000007617,ENSVKKG00000007617,,,
ENSVKKG00000013691,ENSVKKG00000013691,,,
ENSVKKG00000017415,ENSVKKG00000017415,,,
ENSVKKG00000014676,ENSVKKG00000014676,,,ENSCPBG00000012848
ENSVKKG00000015977,ENSVKKG00000015977,,,
ENSVKKG00000002876,,,ENSCPRG00005005873,
ENSVKKG00000007250,ENSVKKG00000007250,,,
ENSVKKG00000014108,ENSVKKG00000014108,,,
ENSVKKG00000015880,ENSVKKG00000015880,,,
ENSVKKG00000001787,ENSVKKG00000001787,,,
ENSVKKG00000003919,ENSVKKG00000003919,,,
ENSVKKG00000007601,,,,ENSCPBG00000019854
ENSVKKG00000011171,,,,ENSCPBG00000016078
ENSVKKG00000017711,,,,ENSCPBG00000011711
ENSVKKG00000013848,,,,ENSCPBG00000017036
ENSVKKG00000005723,ENSVKKG00000005723,,,
ENSVKKG00000009654,ENSVKKG00000009654,,,
ENSVKKG00000011500,,,,ENSCPBG00000014334
ENSVKKG00000004282,,,ENSCPRG00005015501,
ENSVKKG00000000759,ENSVKKG00000000759,,,
ENSVKKG00000004516,ENSVKKG00000004516,,,
ENSVKKG00000016964,,,,ENSCPBG00000019059
ENSVKKG00000009898,ENSVKKG00000009898,,,
ENSVKKG00000008854,,,,ENSCPBG00000000480
ENSVKKG00000017421,ENSVKKG00000017421,,,
ENSVKKG00000009245,ENSVKKG00000009245,,,
ENSVKKG00000011842,ENSVKKG00000011842,,,
ENSVKKG00000016306,,,,ENSCPBG00000021068
ENSVKKG00000010237,,,,ENSCPBG00000010361
ENSVKKG00000008413,ENSVKKG00000008413,,,
ENSVKKG00000017936,ENSVKKG00000017936,,,
ENSVKKG00000014386,,,,ENSCPBG00000014998
ENSVKKG00000001362,,,,ENSCPBG00000003325
ENSVKKG00000006452,,,,ENSCPBG00000021003
ENSVKKG00000002416,ENSVKKG00000002416,,,
ENSVKKG00000001589,ENSVKKG00000001589,,,
ENSVKKG00000003829,ENSVKKG00000003829,,,
ENSVKKG00000015007,ENSVKKG00000015007,,,
ENSVKKG00000017113,ENSVKKG00000017113,,,
ENSVKKG00000000588,ENSVKKG00000000588,,,
ENSVKKG00000007724,ENSVKKG00000007724,,,
ENSVKKG00000007804,ENSVKKG00000007804,,,
ENSVKKG00000011342,ENSVKKG00000011342,,,
ENSVKKG00000000912,,,,ENSCPBG00000012096
ENSVKKG00000001209,ENSVKKG00000001209,,,
ENSVKKG00000001927,,,,"{'ENSCPBG00000013348', 'ENSCPBG00000013300'}"
ENSVKKG00000012937,ENSVKKG00000012937,,,
ENSVKKG00000009235,ENSVKKG00000009235,,,
ENSVKKG00000003760,ENSVKKG00000003760,,,
ENSVKKG00000014619,,,,ENSCPBG00000014444
ENSVKKG00000001451,ENSVKKG00000001451,,,
ENSVKKG00000017289,ENSVKKG00000017289,,,
ENSVKKG00000015966,ENSVKKG00000015966,,,
ENSVKKG00000015017,ENSVKKG00000015017,,,
ENSVKKG00000004636,ENSVKKG00000004636,,,
ENSVKKG00000013652,,,,"{'ENSCPBG00000021730', 'ENSCPBG00000021732', 'ENSCPBG00000021728'}"
ENSVKKG00000014325,ENSVKKG00000014325,,,
ENSVKKG00000016032,ENSVKKG00000016032,,,
ENSVKKG00000001663,,,,ENSCPBG00000023366
ENSVKKG00000004799,ENSVKKG00000004799,,,
ENSVKKG00000012112,,,,ENSCPBG00000006042
ENSVKKG00000016538,ENSVKKG00000016538,,,
ENSVKKG00000009254,ENSVKKG00000009254,,,
ENSVKKG00000017578,ENSVKKG00000017578,,,
ENSVKKG00000009805,ENSVKKG00000009805,,,
ENSVKKG00000001766,ENSVKKG00000001766,,,
ENSVKKG00000007403,ENSVKKG00000007403,,,
ENSVKKG00000002218,ENSVKKG00000002218,,,
ENSVKKG00000008547,ENSVKKG00000008547,,,
ENSVKKG00000017815,ENSVKKG00000017815,,,
ENSVKKG00000012062,,,,ENSCPBG00000008873
ENSVKKG00000003858,ENSVKKG00000003858,,,
ENSVKKG00000002801,,,,ENSCPBG00000000695
ENSVKKG00000002391,,,,ENSCPBG00000004680
ENSVKKG00000009113,ENSVKKG00000009113,,"{'ENSCPRG00005014787', 'ENSCPRG00005014782'}",
ENSVKKG00000005120,,,,ENSCPBG00000028192
ENSVKKG00000012461,,,,"{'ENSCPBG00000002994', 'ENSCPBG00000015131', 'ENSCPBG00000001782', 'ENSCPBG00000004192', 'ENSCPBG00000022421', 'ENSCPBG00000015137', 'ENSCPBG00000005729'}"
ENSVKKG00000001202,ENSVKKG00000001202,,,
ENSVKKG00000016340,ENSVKKG00000016340,,,
ENSVKKG00000001398,ENSVKKG00000001398,,,
ENSVKKG00000011260,,,,ENSCPBG00000023885
ENSVKKG00000009401,ENSVKKG00000009401,,,
ENSVKKG00000015108,ENSVKKG00000015108,,,
ENSVKKG00000017260,,,,ENSCPBG00000025239
ENSVKKG00000010262,ENSVKKG00000010262,,,
ENSVKKG00000002667,ENSVKKG00000002667,,,
ENSVKKG00000005978,ENSVKKG00000005978,,,
ENSVKKG00000001236,,,,ENSCPBG00000022538
ENSVKKG00000003839,ENSVKKG00000003839,,,
ENSVKKG00000003911,ENSVKKG00000003911,,,
ENSVKKG00000015491,,,,ENSCPBG00000026860
ENSVKKG00000007234,ENSVKKG00000007234,,,
ENSVKKG00000011706,ENSVKKG00000011706,,,ENSCPBG00000012532
ENSVKKG00000007749,,,ENSCPRG00005002961,
ENSVKKG00000012532,,,,ENSCPBG00000024752
ENSVKKG00000001464,ENSVKKG00000001464,,,
ENSVKKG00000009077,,,,ENSCPBG00000014365
ENSVKKG00000014116,,,,ENSCPBG00000017200
ENSVKKG00000010332,,,,"{'ENSCPBG00000027274', 'ENSCPBG00000006827', 'ENSCPBG00000002197', 'ENSCPBG00000009957'}"
ENSVKKG00000000190,,,,"{'ENSCPBG00000010905', 'ENSCPBG00000010938', 'ENSCPBG00000010914'}"
ENSVKKG00000016447,ENSVKKG00000016447,,,
ENSVKKG00000015399,,,,ENSCPBG00000012433
ENSVKKG00000000090,,,,ENSCPBG00000016632
ENSVKKG00000005290,ENSVKKG00000005290,,,
ENSVKKG00000016410,ENSVKKG00000016410,,,
ENSVKKG00000006163,ENSVKKG00000006163,,,
ENSVKKG00000014405,,,,ENSCPBG00000001485
ENSVKKG00000012889,ENSVKKG00000012889,,,
ENSVKKG00000003037,,,,"{'ENSCPBG00000016373', 'ENSCPBG00000023655', 'ENSCPBG00000001883'}"
ENSVKKG00000005027,,,,ENSCPBG00000019536
ENSVKKG00000011301,ENSVKKG00000011301,,,ENSCPBG00000024891
ENSVKKG00000003761,ENSVKKG00000003761,,,
ENSVKKG00000005022,,,,ENSCPBG00000006695
ENSVKKG00000013398,,,,ENSCPBG00000025944
ENSVKKG00000003158,ENSVKKG00000003158,,,
ENSVKKG00000002843,,,,ENSCPBG00000021541
ENSVKKG00000008877,ENSVKKG00000008877,,,
ENSVKKG00000015419,ENSVKKG00000015419,,,
ENSVKKG00000008857,ENSVKKG00000008857,,,
ENSVKKG00000009931,ENSVKKG00000009931,,,
ENSVKKG00000000019,,,,ENSCPBG00000012093
ENSVKKG00000005552,,,,ENSCPBG00000022712
ENSVKKG00000000069,ENSVKKG00000000069,,,
ENSVKKG00000004749,,,,ENSCPBG00000027699
ENSVKKG00000005970,,,,"{'ENSCPBG00000016795', 'ENSCPBG00000015271', 'ENSCPBG00000015267'}"
ENSVKKG00000016175,ENSVKKG00000016175,,,
ENSVKKG00000001803,,,,ENSCPBG00000012394
ENSVKKG00000003965,,,,ENSCPBG00000027032
ENSVKKG00000013264,,,,"{'ENSCPBG00000016373', 'ENSCPBG00000023655', 'ENSCPBG00000001883'}"
ENSVKKG00000005927,ENSVKKG00000005927,,,
ENSVKKG00000009831,ENSVKKG00000009831,,,
ENSVKKG00000008522,,,,ENSCPBG00000010617
ENSVKKG00000011277,ENSVKKG00000011277,,,
ENSVKKG00000003133,ENSVKKG00000003133,,,
ENSVKKG00000010095,,,,ENSCPBG00000022793
ENSVKKG00000003168,ENSVKKG00000003168,,,
ENSVKKG00000015818,ENSVKKG00000015818,,,
ENSVKKG00000018276,ENSVKKG00000018276,,,
ENSVKKG00000010345,ENSVKKG00000010345,,,
ENSVKKG00000007067,ENSVKKG00000007067,,,
ENSVKKG00000010515,ENSVKKG00000010515,,,
ENSVKKG00000015831,,,,ENSCPBG00000000068
ENSVKKG00000012231,ENSVKKG00000012231,,,
ENSVKKG00000002537,ENSVKKG00000002537,,,
ENSVKKG00000006201,,,,ENSCPBG00000024956
ENSVKKG00000007460,ENSVKKG00000007460,,,
ENSVKKG00000010526,,,,ENSCPBG00000017133
ENSVKKG00000002814,ENSVKKG00000002814,,,
ENSVKKG00000010041,,,,ENSCPBG00000001042
ENSVKKG00000013955,,,,ENSCPBG00000009996
ENSVKKG00000012967,,,,ENSCPBG00000008004
ENSVKKG00000012954,ENSVKKG00000012954,,,
ENSVKKG00000014892,,,,ENSCPBG00000015066
ENSVKKG00000010247,,,,ENSCPBG00000007416
ENSVKKG00000013116,ENSVKKG00000013116,,,ENSCPBG00000005930
ENSVKKG00000018148,ENSVKKG00000018148,,,
ENSVKKG00000003464,ENSVKKG00000003464,,,
ENSVKKG00000016846,ENSVKKG00000016846,,,
ENSVKKG00000015568,,,,ENSCPBG00000026093
ENSVKKG00000009436,ENSVKKG00000009436,,,"{'ENSCPBG00000006111', 'ENSCPBG00000004020', 'ENSCPBG00000001586', 'ENSCPBG00000002854', 'ENSCPBG00000004871', 'ENSCPBG00000002282', 'ENSCPBG00000002076', 'ENSCPBG00000000134', 'ENSCPBG00000004521', 'ENSCPBG00000020611', 'ENSCPBG00000019046', 'ENSCPBG00000010167', 'ENSCPBG00000000623', 'ENSCPBG00000024876'}"
ENSVKKG00000006756,,,,"{'ENSCPBG00000001975', 'ENSCPBG00000002131', 'ENSCPBG00000016217', 'ENSCPBG00000019461', 'ENSCPBG00000019336', 'ENSCPBG00000002012', 'ENSCPBG00000019475', 'ENSCPBG00000002106', 'ENSCPBG00000004854', 'ENSCPBG00000001989', 'ENSCPBG00000019455', 'ENSCPBG00000019467', 'ENSCPBG00000016219', 'ENSCPBG00000016218', 'ENSCPBG00000002074', 'ENSCPBG00000001932', 'ENSCPBG00000019426', 'ENSCPBG00000002681', 'ENSCPBG00000019324', 'ENSCPBG00000002044', 'ENSCPBG00000001951'}"
ENSVKKG00000017609,,,,ENSCPBG00000015907
ENSVKKG00000008886,ENSVKKG00000008886,,,
ENSVKKG00000006123,ENSVKKG00000006123,,,
ENSVKKG00000006816,,,,ENSCPBG00000021084
ENSVKKG00000006312,ENSVKKG00000006312,,,
ENSVKKG00000008470,ENSVKKG00000008470,,,
ENSVKKG00000015375,,,,ENSCPBG00000014920
ENSVKKG00000016490,ENSVKKG00000016490,,"{'ENSCPRG00005007280', 'ENSCPRG00005007284', 'ENSCPRG00005007275'}",
ENSVKKG00000005386,ENSVKKG00000005386,,,
ENSVKKG00000009768,,,,ENSCPBG00000019718
ENSVKKG00000018419,,,,ENSCPBG00000008662
ENSVKKG00000015467,ENSVKKG00000015467,,,
ENSVKKG00000005374,ENSVKKG00000005374,,,ENSCPBG00000005548
ENSVKKG00000011578,ENSVKKG00000011578,,,
ENSVKKG00000007515,,,,ENSCPBG00000019696
ENSVKKG00000002780,,,,"{'ENSCPBG00000004810', 'ENSCPBG00000012509', 'ENSCPBG00000012512'}"
ENSVKKG00000011471,ENSVKKG00000011471,,,
ENSVKKG00000001431,,,,ENSCPBG00000022203
ENSVKKG00000014133,,,,ENSCPBG00000013800
ENSVKKG00000006010,,,,ENSCPBG00000015723
ENSVKKG00000014777,ENSVKKG00000014777,,,
ENSVKKG00000001619,,,,ENSCPBG00000007534
ENSVKKG00000015998,,,ENSCPRG00005015274,
ENSVKKG00000007938,ENSVKKG00000007938,,,
ENSVKKG00000000948,,,,ENSCPBG00000013864
ENSVKKG00000010121,,,,ENSCPBG00000004186
ENSVKKG00000008441,ENSVKKG00000008441,,,
ENSVKKG00000009875,ENSVKKG00000009875,,,
ENSVKKG00000000274,ENSVKKG00000000274,,,
ENSVKKG00000007705,ENSVKKG00000007705,,,
ENSVKKG00000000203,,,,ENSCPBG00000020185
ENSVKKG00000002052,ENSVKKG00000002052,,ENSCPRG00005015100,ENSCPBG00000005909
ENSVKKG00000000105,,,,ENSCPBG00000021120
ENSVKKG00000013412,ENSVKKG00000013412,,,
ENSVKKG00000005782,,,,ENSCPBG00000025781
ENSVKKG00000003384,,,ENSCPRG00005000959,
ENSVKKG00000005007,,,ENSCPRG00005017770,
ENSVKKG00000002255,ENSVKKG00000002255,,,
ENSVKKG00000004846,ENSVKKG00000004846,,,
ENSVKKG00000002548,ENSVKKG00000002548,,,
ENSVKKG00000003937,,,,ENSCPBG00000027678
ENSVKKG00000006031,,,,ENSCPBG00000016483
ENSVKKG00000000333,ENSVKKG00000000333,,,
ENSVKKG00000013329,ENSVKKG00000013329,,,
ENSVKKG00000014557,,,,ENSCPBG00000012934
ENSVKKG00000012088,,,ENSCPRG00005011300,
ENSVKKG00000001178,,,,ENSCPBG00000007738
ENSVKKG00000012947,ENSVKKG00000012947,,ENSCPRG00005001171,
ENSVKKG00000009810,ENSVKKG00000009810,,,
ENSVKKG00000004974,,,,ENSCPBG00000018775
ENSVKKG00000017948,,,,ENSCPBG00000020584
ENSVKKG00000007621,,,,ENSCPBG00000000936
ENSVKKG00000003601,ENSVKKG00000003601,,,
ENSVKKG00000008663,ENSVKKG00000008663,,,ENSCPBG00000007516
ENSVKKG00000008828,ENSVKKG00000008828,,,
ENSVKKG00000013150,ENSVKKG00000013150,,,
ENSVKKG00000002567,ENSVKKG00000002567,,,
ENSVKKG00000004299,ENSVKKG00000004299,,,
ENSVKKG00000001003,ENSVKKG00000001003,,,
ENSVKKG00000001604,ENSVKKG00000001604,,,
ENSVKKG00000001107,ENSVKKG00000001107,,,
ENSVKKG00000004756,ENSVKKG00000004756,,,
ENSVKKG00000010507,,,,ENSCPBG00000001015
ENSVKKG00000015166,,,,ENSCPBG00000025901
ENSVKKG00000000755,,,,ENSCPBG00000007044
ENSVKKG00000012371,,,,ENSCPBG00000026917
ENSVKKG00000016124,,,,ENSCPBG00000008902
ENSVKKG00000013467,ENSVKKG00000013467,,,
ENSVKKG00000013262,,,,"{'ENSCPBG00000016373', 'ENSCPBG00000023655', 'ENSCPBG00000001883'}"
ENSVKKG00000014738,,,,ENSCPBG00000026072
ENSVKKG00000000454,,,,ENSCPBG00000010980
ENSVKKG00000002939,ENSVKKG00000002939,,,
ENSVKKG00000012754,ENSVKKG00000012754,,,
ENSVKKG00000005001,,,ENSCPRG00005017776,ENSCPBG00000026502
ENSVKKG00000009095,,,,ENSCPBG00000004313
ENSVKKG00000000506,,,,ENSCPBG00000008889
ENSVKKG00000016407,ENSVKKG00000016407,,,
ENSVKKG00000003325,,,,ENSCPBG00000010582
ENSVKKG00000010817,,,,ENSCPBG00000028235
ENSVKKG00000006720,ENSVKKG00000006720,,,
ENSVKKG00000008606,,,,ENSCPBG00000019828
ENSVKKG00000013806,ENSVKKG00000013806,,,
ENSVKKG00000010426,ENSVKKG00000010426,,,
ENSVKKG00000000869,,,,ENSCPBG00000022371
ENSVKKG00000012504,ENSVKKG00000012504,,ENSCPRG00005003675,
ENSVKKG00000005220,ENSVKKG00000005220,,,ENSCPBG00000026870
ENSVKKG00000010072,,,,ENSCPBG00000000530
ENSVKKG00000001913,,,,ENSCPBG00000013291
ENSVKKG00000001118,ENSVKKG00000001118,,,
ENSVKKG00000015637,ENSVKKG00000015637,,,
ENSVKKG00000010939,ENSVKKG00000010939,,,
ENSVKKG00000009328,ENSVKKG00000009328,,,ENSCPBG00000022415
ENSVKKG00000003265,,,,ENSCPBG00000016095
ENSVKKG00000017244,,,,ENSCPBG00000003879
ENSVKKG00000009965,ENSVKKG00000009965,,,
ENSVKKG00000008277,,,,ENSCPBG00000025575
ENSVKKG00000009514,ENSVKKG00000009514,,,
ENSVKKG00000003421,ENSVKKG00000003421,,,
ENSVKKG00000013718,,,ENSCPRG00005005056,
ENSVKKG00000006573,ENSVKKG00000006573,,,
ENSVKKG00000018505,,,,ENSCPBG00000025529
ENSVKKG00000005274,ENSVKKG00000005274,,,
ENSVKKG00000018278,ENSVKKG00000018278,,,ENSCPBG00000015501
ENSVKKG00000001519,,,,ENSCPBG00000025385
ENSVKKG00000000773,,,,ENSCPBG00000022031
ENSVKKG00000013999,,,,ENSCPBG00000022244
ENSVKKG00000005014,ENSVKKG00000005014,,,
ENSVKKG00000002392,ENSVKKG00000002392,,,
ENSVKKG00000014646,ENSVKKG00000014646,,,
ENSVKKG00000007072,ENSVKKG00000007072,,,
ENSVKKG00000002669,ENSVKKG00000002669,,,
ENSVKKG00000006296,ENSVKKG00000006296,,,
ENSVKKG00000007683,ENSVKKG00000007683,,,
ENSVKKG00000017099,ENSVKKG00000017099,,,
ENSVKKG00000017820,,,,ENSCPBG00000019546
ENSVKKG00000007536,ENSVKKG00000007536,,,
ENSVKKG00000005884,ENSVKKG00000005884,,,
ENSVKKG00000015012,,,,ENSCPBG00000016664
ENSVKKG00000011687,,,ENSCPRG00005007884,ENSCPBG00000007611
ENSVKKG00000018059,,,,ENSCPBG00000025039
ENSVKKG00000003770,,,,ENSCPBG00000025893
ENSVKKG00000002395,,,,ENSCPBG00000001333
ENSVKKG00000008649,ENSVKKG00000008649,,,
ENSVKKG00000014583,,,,ENSCPBG00000003743
ENSVKKG00000000816,,,,ENSCPBG00000020412
ENSVKKG00000005763,ENSVKKG00000005763,,,
ENSVKKG00000017715,,,,ENSCPBG00000006221
ENSVKKG00000007168,ENSVKKG00000007168,,,
ENSVKKG00000010726,ENSVKKG00000010726,,,
ENSVKKG00000005464,ENSVKKG00000005464,,,
ENSVKKG00000018478,ENSVKKG00000018478,,,
ENSVKKG00000010948,ENSVKKG00000010948,,,ENSCPBG00000028339
ENSVKKG00000011179,,,,ENSCPBG00000010213
ENSVKKG00000013464,ENSVKKG00000013464,,,
ENSVKKG00000002451,ENSVKKG00000002451,,,
ENSVKKG00000005985,ENSVKKG00000005985,,,
ENSVKKG00000011969,,,,ENSCPBG00000012660
ENSVKKG00000011632,ENSVKKG00000011632,,,
ENSVKKG00000008553,ENSVKKG00000008553,,,
ENSVKKG00000005486,,,,ENSCPBG00000006292
ENSVKKG00000016026,ENSVKKG00000016026,,,
ENSVKKG00000003532,,,ENSCPRG00005010196,
ENSVKKG00000007176,ENSVKKG00000007176,,,
ENSVKKG00000017219,ENSVKKG00000017219,,,ENSCPBG00000004619
ENSVKKG00000003875,ENSVKKG00000003875,,,
ENSVKKG00000000325,ENSVKKG00000000325,,ENSCPRG00005014884,
ENSVKKG00000016604,ENSVKKG00000016604,,,
ENSVKKG00000014496,ENSVKKG00000014496,,,
ENSVKKG00000000935,ENSVKKG00000000935,,,
ENSVKKG00000018620,,,,ENSCPBG00000017650
ENSVKKG00000006789,,,,ENSCPBG00000004289
ENSVKKG00000009517,ENSVKKG00000009517,,,
ENSVKKG00000009069,ENSVKKG00000009069,,,
ENSVKKG00000014916,ENSVKKG00000014916,,,
ENSVKKG00000006768,ENSVKKG00000006768,,,
ENSVKKG00000008650,,,,ENSCPBG00000005786
ENSVKKG00000011888,ENSVKKG00000011888,,,
ENSVKKG00000018403,,,ENSCPRG00005002010,
ENSVKKG00000016000,ENSVKKG00000016000,,,
ENSVKKG00000009479,ENSVKKG00000009479,,,
ENSVKKG00000005742,,,,ENSCPBG00000020202
ENSVKKG00000004731,ENSVKKG00000004731,,,
ENSVKKG00000018398,ENSVKKG00000018398,,,
ENSVKKG00000004079,ENSVKKG00000004079,,,
ENSVKKG00000012528,,,,ENSCPBG00000024756
ENSVKKG00000017282,,,,ENSCPBG00000003634
ENSVKKG00000005065,ENSVKKG00000005065,,,
ENSVKKG00000000919,ENSVKKG00000000919,,,
ENSVKKG00000012794,,,,"{'ENSCPBG00000025983', 'ENSCPBG00000003631'}"
ENSVKKG00000004992,ENSVKKG00000004992,,,ENSCPBG00000026498
ENSVKKG00000001239,ENSVKKG00000001239,,,
ENSVKKG00000000128,ENSVKKG00000000128,,,
ENSVKKG00000018719,ENSVKKG00000018719,,,
ENSVKKG00000013577,,,ENSCPRG00005005030,
ENSVKKG00000017996,,,,ENSCPBG00000023299
ENSVKKG00000011068,ENSVKKG00000011068,,,
ENSVKKG00000005484,ENSVKKG00000005484,,,
ENSVKKG00000007850,ENSVKKG00000007850,,,
ENSVKKG00000016278,,,,ENSCPBG00000009113
ENSVKKG00000011459,ENSVKKG00000011459,,,
ENSVKKG00000001524,,,,ENSCPBG00000000937
ENSVKKG00000003170,,,,ENSCPBG00000012869
ENSVKKG00000013279,,,,"{'ENSCPBG00000004875', 'ENSCPBG00000007728', 'ENSCPBG00000015211', 'ENSCPBG00000003625', 'ENSCPBG00000003483', 'ENSCPBG00000002828', 'ENSCPBG00000001758', 'ENSCPBG00000003640', 'ENSCPBG00000001172', 'ENSCPBG00000015212', 'ENSCPBG00000004685', 'ENSCPBG00000006077', 'ENSCPBG00000007786'}"
ENSVKKG00000009097,ENSVKKG00000009097,,,
ENSVKKG00000010086,,,"{'ENSCPRG00005006102', 'ENSCPRG00005006121'}",
ENSVKKG00000016205,ENSVKKG00000016205,,,
ENSVKKG00000008342,ENSVKKG00000008342,,,
ENSVKKG00000012213,,,,ENSCPBG00000017689
ENSVKKG00000015687,,,,"{'ENSCPBG00000019027', 'ENSCPBG00000019028', 'ENSCPBG00000019024', 'ENSCPBG00000019034', 'ENSCPBG00000007771', 'ENSCPBG00000019035'}"
ENSVKKG00000007147,ENSVKKG00000007147,,,
ENSVKKG00000018287,,,,ENSCPBG00000027893
ENSVKKG00000015582,ENSVKKG00000015582,,,
ENSVKKG00000012053,ENSVKKG00000012053,,,
ENSVKKG00000015616,,,,"{'ENSCPBG00000003854', 'ENSCPBG00000005182'}"
ENSVKKG00000012252,ENSVKKG00000012252,,,
ENSVKKG00000011557,ENSVKKG00000011557,,,
ENSVKKG00000008345,ENSVKKG00000008345,,,
ENSVKKG00000007778,,,,ENSCPBG00000013705
ENSVKKG00000014935,,,,"{'ENSCPBG00000001580', 'ENSCPBG00000001605'}"
ENSVKKG00000002330,ENSVKKG00000002330,,,
ENSVKKG00000016463,ENSVKKG00000016463,,,
ENSVKKG00000011189,ENSVKKG00000011189,,,ENSCPBG00000010213
ENSVKKG00000007371,ENSVKKG00000007371,,,
ENSVKKG00000018250,,,,ENSCPBG00000006986
ENSVKKG00000015256,,,,ENSCPBG00000009985
ENSVKKG00000003873,ENSVKKG00000003873,,,
ENSVKKG00000014694,,,,ENSCPBG00000023767
ENSVKKG00000002546,ENSVKKG00000002546,,,
ENSVKKG00000013852,ENSVKKG00000013852,,,
ENSVKKG00000017395,,,,ENSCPBG00000005827
ENSVKKG00000015300,,,,ENSCPBG00000016722
ENSVKKG00000014097,,,,ENSCPBG00000022905
ENSVKKG00000010828,,,ENSCPRG00005012708,
ENSVKKG00000003693,,,ENSCPRG00005012468,
ENSVKKG00000017175,ENSVKKG00000017175,,,
ENSVKKG00000006730,,,,ENSCPBG00000004266
ENSVKKG00000006367,ENSVKKG00000006367,,,
ENSVKKG00000001347,,,,ENSCPBG00000009027
ENSVKKG00000008779,ENSVKKG00000008779,,,
ENSVKKG00000012462,,,,"{'ENSCPBG00000002994', 'ENSCPBG00000015131', 'ENSCPBG00000001782', 'ENSCPBG00000004192', 'ENSCPBG00000022421', 'ENSCPBG00000015137', 'ENSCPBG00000005729'}"
ENSVKKG00000016221,,,,ENSCPBG00000011644
ENSVKKG00000008305,ENSVKKG00000008305,,,
ENSVKKG00000016003,ENSVKKG00000016003,,,
ENSVKKG00000001146,ENSVKKG00000001146,,,
ENSVKKG00000008112,,,,ENSCPBG00000026627
ENSVKKG00000012649,,,ENSCPRG00005018782,
ENSVKKG00000016741,ENSVKKG00000016741,,,
ENSVKKG00000009291,ENSVKKG00000009291,,,
ENSVKKG00000000453,ENSVKKG00000000453,,,ENSCPBG00000022020
ENSVKKG00000010319,ENSVKKG00000010319,,,
ENSVKKG00000012232,ENSVKKG00000012232,,,
ENSVKKG00000007109,,,,ENSCPBG00000015692
ENSVKKG00000007020,,,,ENSCPBG00000009740
ENSVKKG00000012725,ENSVKKG00000012725,,,
ENSVKKG00000012434,ENSVKKG00000012434,,,
ENSVKKG00000017999,ENSVKKG00000017999,,,
ENSVKKG00000001210,ENSVKKG00000001210,,,
ENSVKKG00000005820,,,,"{'ENSCPBG00000020204', 'ENSCPBG00000020194'}"
ENSVKKG00000001775,,,,ENSCPBG00000003847
ENSVKKG00000014017,ENSVKKG00000014017,,,
ENSVKKG00000014065,,,ENSCPRG00005006344,
ENSVKKG00000007848,ENSVKKG00000007848,,,
ENSVKKG00000001317,,,,ENSCPBG00000021709
ENSVKKG00000014994,ENSVKKG00000014994,,,
ENSVKKG00000016472,ENSVKKG00000016472,,,
ENSVKKG00000001526,ENSVKKG00000001526,,,
ENSVKKG00000012049,,,,ENSCPBG00000026175
ENSVKKG00000016427,,,,ENSCPBG00000015508
ENSVKKG00000018748,,,,ENSCPBG00000023190
ENSVKKG00000001141,ENSVKKG00000001141,,,
ENSVKKG00000017196,,,,ENSCPBG00000017541
ENSVKKG00000008926,,,ENSCPRG00005017334,
ENSVKKG00000011261,ENSVKKG00000011261,,,
ENSVKKG00000003991,ENSVKKG00000003991,,,ENSCPBG00000005538
ENSVKKG00000006161,ENSVKKG00000006161,,,
ENSVKKG00000000388,,,,ENSCPBG00000022348
ENSVKKG00000004844,ENSVKKG00000004844,,ENSCPRG00005002353,
ENSVKKG00000000160,,,,ENSCPBG00000015199
ENSVKKG00000016277,,,,ENSCPBG00000009104
ENSVKKG00000010995,ENSVKKG00000010995,,,
ENSVKKG00000006899,,,,ENSCPBG00000016853
ENSVKKG00000012013,,,,ENSCPBG00000022800
ENSVKKG00000007496,,,,ENSCPBG00000013841
ENSVKKG00000017939,,,,ENSCPBG00000020922
ENSVKKG00000014071,,,,ENSCPBG00000023606
ENSVKKG00000012032,ENSVKKG00000012032,,,
ENSVKKG00000008132,ENSVKKG00000008132,,,
ENSVKKG00000008562,ENSVKKG00000008562,,,
ENSVKKG00000011867,,,,ENSCPBG00000016491
ENSVKKG00000014959,ENSVKKG00000014959,,,
ENSVKKG00000010367,ENSVKKG00000010367,,,
ENSVKKG00000012849,ENSVKKG00000012849,,,
ENSVKKG00000001984,ENSVKKG00000001984,,,
ENSVKKG00000006065,ENSVKKG00000006065,,,
ENSVKKG00000000915,,,ENSCPRG00005002771,
ENSVKKG00000018050,ENSVKKG00000018050,,,
ENSVKKG00000009031,,,,ENSCPBG00000000709
ENSVKKG00000007014,,,,ENSCPBG00000007344
ENSVKKG00000006648,,,,ENSCPBG00000023518
ENSVKKG00000018483,,,ENSCPRG00005017550,
ENSVKKG00000000199,,,,ENSCPBG00000009615
ENSVKKG00000017501,,,,ENSCPBG00000017634
ENSVKKG00000004796,,,,ENSCPBG00000010113
ENSVKKG00000008661,ENSVKKG00000008661,,,
ENSVKKG00000012859,ENSVKKG00000012859,,,
ENSVKKG00000009721,,,,ENSCPBG00000019632
ENSVKKG00000009919,ENSVKKG00000009919,,,
ENSVKKG00000012460,,,,"{'ENSCPBG00000002994', 'ENSCPBG00000015131', 'ENSCPBG00000001782', 'ENSCPBG00000004192', 'ENSCPBG00000022421', 'ENSCPBG00000015137', 'ENSCPBG00000005729'}"
ENSVKKG00000007770,,,,ENSCPBG00000027489
ENSVKKG00000001716,ENSVKKG00000001716,,,
ENSVKKG00000018389,ENSVKKG00000018389,,,
ENSVKKG00000010825,ENSVKKG00000010825,,,
ENSVKKG00000009174,ENSVKKG00000009174,,,
ENSVKKG00000010402,ENSVKKG00000010402,,,
ENSVKKG00000009699,,,,ENSCPBG00000008067
ENSVKKG00000014158,ENSVKKG00000014158,,,
ENSVKKG00000005971,ENSVKKG00000005971,,,
ENSVKKG00000005066,ENSVKKG00000005066,,,
ENSVKKG00000012004,,,,ENSCPBG00000022765
ENSVKKG00000002963,,,"{'ENSCPRG00005004141', 'ENSCPRG00005012245'}",
ENSVKKG00000009521,ENSVKKG00000009521,,,
ENSVKKG00000003939,ENSVKKG00000003939,,,
ENSVKKG00000003104,ENSVKKG00000003104,,,
ENSVKKG00000002660,ENSVKKG00000002660,,,
ENSVKKG00000018610,ENSVKKG00000018610,,,
ENSVKKG00000011082,ENSVKKG00000011082,,,
ENSVKKG00000013114,ENSVKKG00000013114,,,
ENSVKKG00000015444,ENSVKKG00000015444,,,
ENSVKKG00000006856,ENSVKKG00000006856,,,
ENSVKKG00000005429,ENSVKKG00000005429,,,
ENSVKKG00000008713,,,,ENSCPBG00000015210
ENSVKKG00000007146,ENSVKKG00000007146,,,
ENSVKKG00000000908,ENSVKKG00000000908,,,
ENSVKKG00000015677,ENSVKKG00000015677,,,
ENSVKKG00000000511,ENSVKKG00000000511,,,
ENSVKKG00000006719,,,,ENSCPBG00000020420
ENSVKKG00000012420,ENSVKKG00000012420,,,ENSCPBG00000024730
ENSVKKG00000015812,,,,ENSCPBG00000017922
ENSVKKG00000018589,,,,"{'ENSCPBG00000003017', 'ENSCPBG00000016478'}"
ENSVKKG00000010876,,,ENSCPRG00005009535,
ENSVKKG00000002503,ENSVKKG00000002503,,,
ENSVKKG00000006864,ENSVKKG00000006864,,,
ENSVKKG00000013865,ENSVKKG00000013865,,,
ENSVKKG00000010128,,,ENSCPRG00005002150,
ENSVKKG00000004541,ENSVKKG00000004541,,,
ENSVKKG00000007239,ENSVKKG00000007239,,,
ENSVKKG00000015632,,,,"{'ENSCPBG00000004766', 'ENSCPBG00000004756'}"
ENSVKKG00000012234,ENSVKKG00000012234,,,
ENSVKKG00000018230,ENSVKKG00000018230,,,
ENSVKKG00000017973,,,,ENSCPBG00000023026
ENSVKKG00000008465,ENSVKKG00000008465,,,
ENSVKKG00000009801,,,,ENSCPBG00000021897
ENSVKKG00000017382,,,,ENSCPBG00000004924
ENSVKKG00000015003,ENSVKKG00000015003,,,
ENSVKKG00000008581,,,,ENSCPBG00000005433
ENSVKKG00000010665,ENSVKKG00000010665,,,
ENSVKKG00000013024,,,ENSCPRG00005014537,
ENSVKKG00000011421,ENSVKKG00000011421,,,
ENSVKKG00000013281,,,,"{'ENSCPBG00000016368', 'ENSCPBG00000003802', 'ENSCPBG00000011639', 'ENSCPBG00000002227', 'ENSCPBG00000011641', 'ENSCPBG00000016370', 'ENSCPBG00000011629', 'ENSCPBG00000016371'}"
ENSVKKG00000007163,,,,ENSCPBG00000015751
ENSVKKG00000007816,,,,ENSCPBG00000013665
ENSVKKG00000017751,,,,ENSCPBG00000007652
ENSVKKG00000010729,ENSVKKG00000010729,,,
ENSVKKG00000005458,ENSVKKG00000005458,,,
ENSVKKG00000005196,,,,ENSCPBG00000026854
ENSVKKG00000012560,,,,ENSCPBG00000024739
ENSVKKG00000000931,,,,ENSCPBG00000011398
ENSVKKG00000011063,ENSVKKG00000011063,,,
ENSVKKG00000004574,ENSVKKG00000004574,,,
ENSVKKG00000016965,,,,ENSCPBG00000019054
ENSVKKG00000008420,,,,ENSCPBG00000007408
ENSVKKG00000013906,ENSVKKG00000013906,,,
ENSVKKG00000006276,ENSVKKG00000006276,,,ENSCPBG00000014146
ENSVKKG00000011885,,,ENSCPRG00005006085,
ENSVKKG00000015420,ENSVKKG00000015420,,,
ENSVKKG00000010946,,,ENSCPRG00005012862,
ENSVKKG00000014895,,,,ENSCPBG00000024235
ENSVKKG00000006652,ENSVKKG00000006652,,,
ENSVKKG00000010027,,,,ENSCPBG00000018061
ENSVKKG00000008601,,,,ENSCPBG00000019822
ENSVKKG00000003498,ENSVKKG00000003498,,,
ENSVKKG00000017079,,,,ENSCPBG00000019007
ENSVKKG00000010432,ENSVKKG00000010432,,,
ENSVKKG00000014627,ENSVKKG00000014627,,,
ENSVKKG00000009878,,,,ENSCPBG00000013976
ENSVKKG00000006755,ENSVKKG00000006755,,,
ENSVKKG00000003610,,,,ENSCPBG00000024115
ENSVKKG00000015060,,,,ENSCPBG00000018302
ENSVKKG00000010486,ENSVKKG00000010486,,,ENSCPBG00000026815
ENSVKKG00000012690,,,,ENSCPBG00000002582
ENSVKKG00000009905,ENSVKKG00000009905,,,
ENSVKKG00000006322,ENSVKKG00000006322,,,
ENSVKKG00000014274,ENSVKKG00000014274,,,
ENSVKKG00000017659,,,,ENSCPBG00000003770
ENSVKKG00000006126,ENSVKKG00000006126,,,
ENSVKKG00000009268,ENSVKKG00000009268,,,
ENSVKKG00000003734,,,,ENSCPBG00000000048
ENSVKKG00000009012,ENSVKKG00000009012,,,
ENSVKKG00000001510,ENSVKKG00000001510,,,
ENSVKKG00000006535,ENSVKKG00000006535,,,
ENSVKKG00000011913,,,,ENSCPBG00000020669
ENSVKKG00000013663,ENSVKKG00000013663,,,ENSCPBG00000008783
ENSVKKG00000012878,,,,ENSCPBG00000005011
ENSVKKG00000010185,ENSVKKG00000010185,,,
ENSVKKG00000014021,ENSVKKG00000014021,,,
ENSVKKG00000009843,,,,ENSCPBG00000002908
ENSVKKG00000007209,ENSVKKG00000007209,,,
ENSVKKG00000011686,ENSVKKG00000011686,,,
ENSVKKG00000000884,ENSVKKG00000000884,,,
ENSVKKG00000011259,,,,ENSCPBG00000023870
ENSVKKG00000006591,ENSVKKG00000006591,,,ENSCPBG00000006459
ENSVKKG00000017840,ENSVKKG00000017840,,ENSCPRG00005007912,ENSCPBG00000015870
ENSVKKG00000015830,ENSVKKG00000015830,,,
ENSVKKG00000002988,ENSVKKG00000002988,,,
ENSVKKG00000009515,ENSVKKG00000009515,,,
ENSVKKG00000000887,,,,ENSCPBG00000013127
ENSVKKG00000015581,,,ENSCPRG00005012973,
ENSVKKG00000017355,ENSVKKG00000017355,,,
ENSVKKG00000007970,,,,"{'ENSCPBG00000014468', 'ENSCPBG00000014465'}"
ENSVKKG00000018550,ENSVKKG00000018550,,,
ENSVKKG00000003960,,,ENSCPRG00005005229,ENSCPBG00000027050
ENSVKKG00000006205,ENSVKKG00000006205,,,
ENSVKKG00000015097,,,,ENSCPBG00000006539
ENSVKKG00000017544,,,,ENSCPBG00000004050
ENSVKKG00000005953,,,,ENSCPBG00000025069
ENSVKKG00000003304,,,,ENSCPBG00000010211
ENSVKKG00000003605,,,,ENSCPBG00000014802
ENSVKKG00000016616,,,ENSCPRG00005008363,
ENSVKKG00000013914,ENSVKKG00000013914,,,
ENSVKKG00000001911,,,,ENSCPBG00000013291
ENSVKKG00000008639,ENSVKKG00000008639,,,
ENSVKKG00000009902,ENSVKKG00000009902,,,
ENSVKKG00000013990,,,,ENSCPBG00000011292
ENSVKKG00000012515,,,,ENSCPBG00000017905
ENSVKKG00000000859,,,,ENSCPBG00000022387
ENSVKKG00000003547,ENSVKKG00000003547,,,
ENSVKKG00000006207,,,ENSCPRG00005006615,
ENSVKKG00000010972,,,,ENSCPBG00000016603
ENSVKKG00000017393,,,,ENSCPBG00000001661
ENSVKKG00000017216,ENSVKKG00000017216,,,
ENSVKKG00000003539,,,,ENSCPBG00000026754
ENSVKKG00000011850,,,,ENSCPBG00000016512
ENSVKKG00000012051,,,ENSCPRG00005005941,ENSCPBG00000014255
ENSVKKG00000012259,,,,ENSCPBG00000005705
ENSVKKG00000003255,,,,ENSCPBG00000026395
ENSVKKG00000006894,ENSVKKG00000006894,,,
ENSVKKG00000012661,,,,ENSCPBG00000004669
ENSVKKG00000000060,ENSVKKG00000000060,,,
ENSVKKG00000006162,ENSVKKG00000006162,,,
ENSVKKG00000001287,ENSVKKG00000001287,,,
ENSVKKG00000013113,,,,ENSCPBG00000010994
ENSVKKG00000002511,,,,ENSCPBG00000010115
ENSVKKG00000010541,,,,ENSCPBG00000017149
ENSVKKG00000006390,,,,ENSCPBG00000016178
ENSVKKG00000017634,,,,ENSCPBG00000028425
ENSVKKG00000012383,ENSVKKG00000012383,,,
ENSVKKG00000010165,,,,"{'ENSCPBG00000019396', 'ENSCPBG00000002521', 'ENSCPBG00000002558'}"
ENSVKKG00000012557,ENSVKKG00000012557,,,
ENSVKKG00000003951,,,,ENSCPBG00000027686
ENSVKKG00000003023,ENSVKKG00000003023,,,
ENSVKKG00000007489,,,,ENSCPBG00000016748
ENSVKKG00000007110,ENSVKKG00000007110,,,
ENSVKKG00000012931,ENSVKKG00000012931,,,
ENSVKKG00000009400,,,,ENSCPBG00000009809
ENSVKKG00000013779,,,,ENSCPBG00000027227
ENSVKKG00000010460,ENSVKKG00000010460,,,
ENSVKKG00000014599,ENSVKKG00000014599,,,
ENSVKKG00000003543,ENSVKKG00000003543,,,ENSCPBG00000026760
ENSVKKG00000001326,ENSVKKG00000001326,,,
ENSVKKG00000017984,,,,ENSCPBG00000001001
ENSVKKG00000012531,,,,ENSCPBG00000024756
ENSVKKG00000010292,,,,ENSCPBG00000019204
ENSVKKG00000001479,,,,"{'ENSCPBG00000002994', 'ENSCPBG00000015131', 'ENSCPBG00000001782', 'ENSCPBG00000004192', 'ENSCPBG00000022421', 'ENSCPBG00000015137', 'ENSCPBG00000005729'}"
ENSVKKG00000009325,ENSVKKG00000009325,,,
ENSVKKG00000006067,,,,ENSCPBG00000003409
ENSVKKG00000007827,,,,ENSCPBG00000009663
ENSVKKG00000016161,ENSVKKG00000016161,,,ENSCPBG00000021260
ENSVKKG00000007188,ENSVKKG00000007188,,,
ENSVKKG00000001385,ENSVKKG00000001385,,,ENSCPBG00000022630
ENSVKKG00000010328,ENSVKKG00000010328,,,
ENSVKKG00000011109,ENSVKKG00000011109,,,
ENSVKKG00000014428,,,,"{'ENSCPBG00000002984', 'ENSCPBG00000005515', 'ENSCPBG00000003531', 'ENSCPBG00000008345', 'ENSCPBG00000005276', 'ENSCPBG00000003676', 'ENSCPBG00000003158', 'ENSCPBG00000003632', 'ENSCPBG00000014528', 'ENSCPBG00000016250', 'ENSCPBG00000009228', 'ENSCPBG00000018613', 'ENSCPBG00000002175', 'ENSCPBG00000012721', 'ENSCPBG00000002140', 'ENSCPBG00000011487', 'ENSCPBG00000011493', 'ENSCPBG00000003609', 'ENSCPBG00000011548', 'ENSCPBG00000003488', 'ENSCPBG00000016866', 'ENSCPBG00000006240', 'ENSCPBG00000004043', 'ENSCPBG00000018608', 'ENSCPBG00000005214', 'ENSCPBG00000013464', 'ENSCPBG00000023702', 'ENSCPBG00000003443', 'ENSCPBG00000004744', 'ENSCPBG00000004048', 'ENSCPBG00000018578', 'ENSCPBG00000005287', 'ENSCPBG00000006109', 'ENSCPBG00000016868', 'ENSCPBG00000016251', 'ENSCPBG00000013461', 'ENSCPBG00000003605', 'ENSCPBG00000002990', 'ENSCPBG00000004322', 'ENSCPBG00000018587', 'ENSCPBG00000006235', 'ENSCPBG00000004316', 'ENSCPBG00000003433', 'ENSCPBG00000015297'}"
ENSVKKG00000003893,ENSVKKG00000003893,,,
ENSVKKG00000006885,,,,ENSCPBG00000005940
ENSVKKG00000007704,ENSVKKG00000007704,,,
ENSVKKG00000004166,,,,"{'ENSCPBG00000022388', 'ENSCPBG00000001791', 'ENSCPBG00000014783', 'ENSCPBG00000004200', 'ENSCPBG00000010504', 'ENSCPBG00000025309', 'ENSCPBG00000012669', 'ENSCPBG00000007131', 'ENSCPBG00000026835', 'ENSCPBG00000006414', 'ENSCPBG00000004837', 'ENSCPBG00000008052', 'ENSCPBG00000019033'}"
ENSVKKG00000007685,,,,ENSCPBG00000016477
ENSVKKG00000000952,ENSVKKG00000000952,,,
ENSVKKG00000003112,ENSVKKG00000003112,,,
ENSVKKG00000012163,,,,"{'ENSCPBG00000015410', 'ENSCPBG00000014110', 'ENSCPBG00000014319', 'ENSCPBG00000003709', 'ENSCPBG00000014298', 'ENSCPBG00000014309', 'ENSCPBG00000014171', 'ENSCPBG00000014325'}"
ENSVKKG00000015406,ENSVKKG00000015406,,,
ENSVKKG00000010112,ENSVKKG00000010112,,,
ENSVKKG00000015412,ENSVKKG00000015412,,,
ENSVKKG00000005249,ENSVKKG00000005249,,,
ENSVKKG00000014231,ENSVKKG00000014231,,,
ENSVKKG00000011227,,,,ENSCPBG00000003386
ENSVKKG00000008610,ENSVKKG00000008610,,,
ENSVKKG00000009770,,,,ENSCPBG00000019718
ENSVKKG00000008860,ENSVKKG00000008860,,,
ENSVKKG00000001974,ENSVKKG00000001974,,,
ENSVKKG00000000728,,,ENSCPRG00005016092,
ENSVKKG00000006421,ENSVKKG00000006421,,,
ENSVKKG00000009789,,,,ENSCPBG00000007819
ENSVKKG00000012404,,,,ENSCPBG00000024764
ENSVKKG00000001507,ENSVKKG00000001507,,,
ENSVKKG00000007859,ENSVKKG00000007859,,,
ENSVKKG00000016530,,,,"{'ENSCPBG00000013155', 'ENSCPBG00000013196'}"
ENSVKKG00000011786,ENSVKKG00000011786,,,
ENSVKKG00000000291,ENSVKKG00000000291,,,
ENSVKKG00000000563,,,,ENSCPBG00000011177
ENSVKKG00000005972,,,,"{'ENSCPBG00000016795', 'ENSCPBG00000015271', 'ENSCPBG00000015267'}"
ENSVKKG00000000308,ENSVKKG00000000308,,,
ENSVKKG00000001962,ENSVKKG00000001962,,,
ENSVKKG00000015986,ENSVKKG00000015986,,,
ENSVKKG00000007953,,,,ENSCPBG00000002842
ENSVKKG00000006873,,,,ENSCPBG00000022551
ENSVKKG00000006400,ENSVKKG00000006400,,,
ENSVKKG00000004589,ENSVKKG00000004589,,,
ENSVKKG00000001095,,,ENSCPRG00005011486,
ENSVKKG00000000896,ENSVKKG00000000896,,,
ENSVKKG00000002663,ENSVKKG00000002663,,,
ENSVKKG00000000987,,,,ENSCPBG00000002710
ENSVKKG00000012643,ENSVKKG00000012643,,,ENSCPBG00000018182
ENSVKKG00000000767,,,,ENSCPBG00000015323
ENSVKKG00000001664,ENSVKKG00000001664,,,
ENSVKKG00000017853,ENSVKKG00000017853,,,
ENSVKKG00000001764,,,,"{'ENSCPBG00000000980', 'ENSCPBG00000002324', 'ENSCPBG00000003504', 'ENSCPBG00000000309', 'ENSCPBG00000017264', 'ENSCPBG00000002389'}"
ENSVKKG00000003983,ENSVKKG00000003983,,,ENSCPBG00000027016
ENSVKKG00000006770,,,,"{'ENSCPBG00000015970', 'ENSCPBG00000015955', 'ENSCPBG00000015961', 'ENSCPBG00000019661', 'ENSCPBG00000015952', 'ENSCPBG00000019411', 'ENSCPBG00000015954', 'ENSCPBG00000019664', 'ENSCPBG00000015967', 'ENSCPBG00000015959', 'ENSCPBG00000015965', 'ENSCPBG00000015956'}"
ENSVKKG00000015492,,,,ENSCPBG00000026861
ENSVKKG00000004246,ENSVKKG00000004246,,,
ENSVKKG00000000739,,,,ENSCPBG00000001491
ENSVKKG00000002357,,,ENSCPRG00005017250,
ENSVKKG00000015068,,,,ENSCPBG00000015438
ENSVKKG00000004318,ENSVKKG00000004318,,,
ENSVKKG00000009970,ENSVKKG00000009970,,,
ENSVKKG00000014888,ENSVKKG00000014888,,,
ENSVKKG00000003721,,,,ENSCPBG00000004863
ENSVKKG00000004570,ENSVKKG00000004570,,,
ENSVKKG00000002709,ENSVKKG00000002709,,,
ENSVKKG00000007830,ENSVKKG00000007830,,,
ENSVKKG00000001812,ENSVKKG00000001812,,,
ENSVKKG00000017759,,,,ENSCPBG00000006999
ENSVKKG00000006734,ENSVKKG00000006734,,,ENSCPBG00000020435
ENSVKKG00000004415,ENSVKKG00000004415,,,
ENSVKKG00000001864,ENSVKKG00000001864,,,
ENSVKKG00000003195,,,,ENSCPBG00000012860
ENSVKKG00000015630,ENSVKKG00000015630,,,
ENSVKKG00000004743,ENSVKKG00000004743,,,
ENSVKKG00000000008,,,ENSCPRG00005000494,ENSCPBG00000010168
ENSVKKG00000011244,ENSVKKG00000011244,,,
ENSVKKG00000011579,ENSVKKG00000011579,,,
ENSVKKG00000000108,ENSVKKG00000000108,,,
ENSVKKG00000012851,,,ENSCPRG00005015577,
ENSVKKG00000007241,ENSVKKG00000007241,,,
ENSVKKG00000016715,,,,ENSCPBG00000003340
ENSVKKG00000009484,ENSVKKG00000009484,,,ENSCPBG00000013483
ENSVKKG00000002093,ENSVKKG00000002093,,,
ENSVKKG00000016864,,,,ENSCPBG00000014094
ENSVKKG00000007842,,,,"{'ENSCPBG00000024272', 'ENSCPBG00000024271'}"
ENSVKKG00000015494,ENSVKKG00000015494,,,
ENSVKKG00000007851,ENSVKKG00000007851,,,
ENSVKKG00000014874,,,,ENSCPBG00000018484
ENSVKKG00000017971,ENSVKKG00000017971,,,
ENSVKKG00000007714,,,,ENSCPBG00000015737
ENSVKKG00000017354,,,ENSCPRG00005006594,
ENSVKKG00000005982,ENSVKKG00000005982,,,
ENSVKKG00000016920,,,,"{'ENSCPBG00000022388', 'ENSCPBG00000001791', 'ENSCPBG00000014783', 'ENSCPBG00000004200', 'ENSCPBG00000010504', 'ENSCPBG00000025309', 'ENSCPBG00000012669', 'ENSCPBG00000007131', 'ENSCPBG00000026835', 'ENSCPBG00000006414', 'ENSCPBG00000004837', 'ENSCPBG00000008052', 'ENSCPBG00000019033'}"
ENSVKKG00000015010,,,ENSCPRG00005005521,
ENSVKKG00000006539,ENSVKKG00000006539,,,
ENSVKKG00000006061,ENSVKKG00000006061,,,
ENSVKKG00000003509,,,,ENSCPBG00000018906
ENSVKKG00000013172,,,ENSCPRG00005001529,
ENSVKKG00000012887,ENSVKKG00000012887,,,
ENSVKKG00000005560,ENSVKKG00000005560,,,
ENSVKKG00000003072,ENSVKKG00000003072,,,
ENSVKKG00000012326,ENSVKKG00000012326,,,
ENSVKKG00000013378,ENSVKKG00000013378,,,
ENSVKKG00000013487,ENSVKKG00000013487,,,
ENSVKKG00000016106,,,,ENSCPBG00000011397
ENSVKKG00000009566,,,,ENSCPBG00000006259
ENSVKKG00000014704,,,ENSCPRG00005008617,
ENSVKKG00000008439,ENSVKKG00000008439,,,ENSCPBG00000005658
ENSVKKG00000017569,,,,ENSCPBG00000007676
ENSVKKG00000010680,ENSVKKG00000010680,,,
ENSVKKG00000012748,ENSVKKG00000012748,,,
ENSVKKG00000011985,ENSVKKG00000011985,,,
ENSVKKG00000016236,ENSVKKG00000016236,,,
ENSVKKG00000008272,ENSVKKG00000008272,,,
ENSVKKG00000018322,,,,ENSCPBG00000024519
ENSVKKG00000002787,,,,ENSCPBG00000000695
ENSVKKG00000001513,ENSVKKG00000001513,,,
ENSVKKG00000000627,ENSVKKG00000000627,,,
ENSVKKG00000002576,,,,ENSCPBG00000018704
ENSVKKG00000003436,,,,ENSCPBG00000019233
ENSVKKG00000014236,,,,ENSCPBG00000027096
ENSVKKG00000002194,,,,ENSCPBG00000012946
ENSVKKG00000017552,ENSVKKG00000017552,,ENSCPRG00005017800,
ENSVKKG00000001289,ENSVKKG00000001289,,,
ENSVKKG00000012186,,,,ENSCPBG00000021659
ENSVKKG00000003163,ENSVKKG00000003163,,,
ENSVKKG00000018518,,,,ENSCPBG00000027874
ENSVKKG00000010952,,,,"{'ENSCPBG00000008708', 'ENSCPBG00000008666', 'ENSCPBG00000008541'}"
ENSVKKG00000005376,ENSVKKG00000005376,,,
ENSVKKG00000013075,,,,ENSCPBG00000021958
ENSVKKG00000012347,ENSVKKG00000012347,,,
ENSVKKG00000017350,ENSVKKG00000017350,,,
ENSVKKG00000010566,,,,ENSCPBG00000025743
ENSVKKG00000017649,ENSVKKG00000017649,,,
ENSVKKG00000007635,,,ENSCPRG00005009897,
ENSVKKG00000014733,,,,ENSCPBG00000018955
ENSVKKG00000000146,ENSVKKG00000000146,,,"{'ENSCPBG00000006111', 'ENSCPBG00000004020', 'ENSCPBG00000001586', 'ENSCPBG00000002854', 'ENSCPBG00000004871', 'ENSCPBG00000002282', 'ENSCPBG00000002076', 'ENSCPBG00000000134', 'ENSCPBG00000004521', 'ENSCPBG00000020611', 'ENSCPBG00000019046', 'ENSCPBG00000010167', 'ENSCPBG00000000623', 'ENSCPBG00000024876'}"
ENSVKKG00000016867,,,ENSCPRG00005017674,
ENSVKKG00000000914,,,,"{'ENSCPBG00000000980', 'ENSCPBG00000002324', 'ENSCPBG00000003504', 'ENSCPBG00000000309', 'ENSCPBG00000017264', 'ENSCPBG00000002389'}"
ENSVKKG00000000187,,,,ENSCPBG00000023207
ENSVKKG00000011452,ENSVKKG00000011452,,,
ENSVKKG00000013944,ENSVKKG00000013944,,,
ENSVKKG00000001872,ENSVKKG00000001872,,,
ENSVKKG00000002836,,,,ENSCPBG00000027632
ENSVKKG00000000197,,,,ENSCPBG00000010887
ENSVKKG00000005842,,,,ENSCPBG00000025802
ENSVKKG00000017237,ENSVKKG00000017237,,,
ENSVKKG00000015587,,,,ENSCPBG00000012100
ENSVKKG00000010295,ENSVKKG00000010295,,,
ENSVKKG00000007802,ENSVKKG00000007802,,,
ENSVKKG00000003490,,,,ENSCPBG00000015606
ENSVKKG00000007844,,,ENSCPRG00005009593,
ENSVKKG00000008409,ENSVKKG00000008409,,,
ENSVKKG00000016858,,,,ENSCPBG00000026694
ENSVKKG00000005037,,,,ENSCPBG00000019513
ENSVKKG00000002604,ENSVKKG00000002604,,,
ENSVKKG00000009787,ENSVKKG00000009787,,,
ENSVKKG00000011043,ENSVKKG00000011043,,,
ENSVKKG00000006267,,,,ENSCPBG00000014130
ENSVKKG00000003879,ENSVKKG00000003879,,,
ENSVKKG00000001032,ENSVKKG00000001032,,,
ENSVKKG00000018571,,,,ENSCPBG00000017643
ENSVKKG00000002155,ENSVKKG00000002155,,,
ENSVKKG00000016627,,,ENSCPRG00005008903,ENSCPBG00000026617
ENSVKKG00000000741,,,,ENSCPBG00000016913
ENSVKKG00000009707,,,,ENSCPBG00000022875
ENSVKKG00000009292,,,,ENSCPBG00000017597
ENSVKKG00000009044,ENSVKKG00000009044,,,
ENSVKKG00000008957,ENSVKKG00000008957,,,
ENSVKKG00000013181,ENSVKKG00000013181,,,
ENSVKKG00000013728,,,ENSCPRG00005016336,
ENSVKKG00000008376,,,,ENSCPBG00000007245
ENSVKKG00000014468,,,,ENSCPBG00000004358
ENSVKKG00000002422,ENSVKKG00000002422,,,
ENSVKKG00000016597,ENSVKKG00000016597,,,
ENSVKKG00000015641,ENSVKKG00000015641,,,
ENSVKKG00000000244,,,,ENSCPBG00000017373
ENSVKKG00000001414,ENSVKKG00000001414,,,
ENSVKKG00000017176,ENSVKKG00000017176,,,
ENSVKKG00000003443,ENSVKKG00000003443,,,
ENSVKKG00000012918,ENSVKKG00000012918,,,
ENSVKKG00000012637,ENSVKKG00000012637,,,
